ID	Tanggal	No Voucher	No Akun	Nama Akun	Nama Vendor	Keterangan	Debit	Credit
cmtuxiw0z05f4vr10mf1dbbvo	01 Jan 25	=HYPERLINK("http://localhost:3000/vouchers/cmtuxiw0x05f2vr10zeiea89i", "25-0000643")	600019	Beban Sewa	Darell Karya	Darrel Karya - Biaya Sewa Kantor Bulan Desember 2025	4166666	0
cmtuxiw1105f6vr10yjegfb03	01 Jan 25	=HYPERLINK("http://localhost:3000/vouchers/cmtuxiw0x05f2vr10zeiea89i", "25-0000643")	160002	Biaya Sewa dibayar di Muka	Darell Karya	Darrel Karya - Biaya Sewa Kantor Bulan Desember 2025	0	4166666
cmtuxir180003vr10d7tssagp	01 Jun 25	=HYPERLINK("http://localhost:3000/vouchers/cmtuxir160001vr10t7w8e5oj", "25-0000001")	160002	Biaya Sewa dibayar di Muka	Darell Karya	Darell Karya - Biaya Sewa Kantor 1 Tahun	50000000	0
cmtuxir1a0005vr1042caic5q	01 Jun 25	=HYPERLINK("http://localhost:3000/vouchers/cmtuxir160001vr10t7w8e5oj", "25-0000001")	220003	Hutang PPh Final	Darell Karya	Darell Karya - Biaya Sewa Kantor 1 Tahun	0	5000000
cmtuxir1d0007vr10e2dkq2ai	01 Jun 25	=HYPERLINK("http://localhost:3000/vouchers/cmtuxir160001vr10t7w8e5oj", "25-0000001")	280000	Hutang Lain Lain	Darell Karya	Darell Karya - Biaya Sewa Kantor 1 Tahun	0	45000000
cmtuxir1j000bvr100mjvbzjh	12 Jun 25	=HYPERLINK("http://localhost:3000/vouchers/cmtuxir1g0009vr105knp70bo", "25-0000002")	190001	Aset Tetap Inventaris Kantor	Gunajaya Mandiri Computer	Gunajaya Mandiri Computer - All In One PC	21300000	0
cmtuxir1m000dvr100s3w1hb5	12 Jun 25	=HYPERLINK("http://localhost:3000/vouchers/cmtuxir1g0009vr105knp70bo", "25-0000002")	190001	Aset Tetap Inventaris Kantor	Gunajaya Mandiri Computer	Gunajaya Mandiri Computer - Printer Epson L3250	2800000	0
cmtuxir1p000fvr10lg2bkl7m	12 Jun 25	=HYPERLINK("http://localhost:3000/vouchers/cmtuxir1g0009vr105knp70bo", "25-0000002")	240000	Biaya Yang Masih Harus Di Bayar Pak David	Gunajaya Mandiri Computer	Gunajaya Mandiri Computer - Printer Epson L3250	0	24100000
cmtuxir1t000jvr10a4tiwf25	13 Jun 25	=HYPERLINK("http://localhost:3000/vouchers/cmtuxir1r000hvr10k820xhg9", "25-0000003")	190001	Aset Tetap Inventaris Kantor	Gunajaya Mandiri Computer	Gunajaya Mandiri Computer - Toshiba HDD EXT 1TB Canvio USB 3.0	900000	0
cmtuxir1u000lvr10svs46we8	13 Jun 25	=HYPERLINK("http://localhost:3000/vouchers/cmtuxir1r000hvr10k820xhg9", "25-0000003")	240000	Biaya Yang Masih Harus Di Bayar Pak David	Gunajaya Mandiri Computer	Gunajaya Mandiri Computer - Toshiba HDD EXT 1TB Canvio USB 3.0	0	900000
cmtuxir1y000pvr10ud9gon04	19 Jun 25	=HYPERLINK("http://localhost:3000/vouchers/cmtuxir1x000nvr10brhopin9", "25-0000004")	100000	Kas	Johan Hariyanto	Kas Kecil	1000000	0
cmtuxir20000rvr10akv9qoxy	19 Jun 25	=HYPERLINK("http://localhost:3000/vouchers/cmtuxir1x000nvr10brhopin9", "25-0000004")	280000	Hutang Lain Lain	Johan Hariyanto	Kas Kecil	0	1000000
cmtuxir23000vvr104fzb3v7v	19 Jun 25	=HYPERLINK("http://localhost:3000/vouchers/cmtuxir22000tvr10q35wa15r", "25-0000005")	181099	Piutang Lain-lain	Johan Hariyanto	Kain Pel	35000	0
cmtuxir26000xvr10ftx09iom	19 Jun 25	=HYPERLINK("http://localhost:3000/vouchers/cmtuxir22000tvr10q35wa15r", "25-0000005")	100000	Kas	Johan Hariyanto	Kain Pel	0	35000
cmtuxir27000zvr10vnnexown	19 Jun 25	=HYPERLINK("http://localhost:3000/vouchers/cmtuxir22000tvr10q35wa15r", "25-0000005")	181099	Piutang Lain-lain	Johan Hariyanto	Sapu	8000	0
cmtuxir290011vr10tua546ys	19 Jun 25	=HYPERLINK("http://localhost:3000/vouchers/cmtuxir22000tvr10q35wa15r", "25-0000005")	100000	Kas	Johan Hariyanto	Sapu	0	8000
cmtuxir2b0013vr10digifiq5	19 Jun 25	=HYPERLINK("http://localhost:3000/vouchers/cmtuxir22000tvr10q35wa15r", "25-0000005")	181099	Piutang Lain-lain	Johan Hariyanto	Serokan	55000	0
cmtuxir2c0015vr107fikja0w	19 Jun 25	=HYPERLINK("http://localhost:3000/vouchers/cmtuxir22000tvr10q35wa15r", "25-0000005")	100000	Kas	Johan Hariyanto	Serokan	0	55000
cmtuxir2e0017vr102iw6trrt	19 Jun 25	=HYPERLINK("http://localhost:3000/vouchers/cmtuxir22000tvr10q35wa15r", "25-0000005")	181099	Piutang Lain-lain	Johan Hariyanto	Sikat	35000	0
cmtuxir2g0019vr10v6spb8t8	19 Jun 25	=HYPERLINK("http://localhost:3000/vouchers/cmtuxir22000tvr10q35wa15r", "25-0000005")	100000	Kas	Johan Hariyanto	Sikat	0	35000
cmtuxir2i001bvr106s2t4580	19 Jun 25	=HYPERLINK("http://localhost:3000/vouchers/cmtuxir22000tvr10q35wa15r", "25-0000005")	181099	Piutang Lain-lain	Johan Hariyanto	Sapu Nagata	30000	0
cmtuxir2k001dvr10ic8sj1i3	19 Jun 25	=HYPERLINK("http://localhost:3000/vouchers/cmtuxir22000tvr10q35wa15r", "25-0000005")	100000	Kas	Johan Hariyanto	Sapu Nagata	0	30000
cmtuxir2l001fvr10sg8azcaa	19 Jun 25	=HYPERLINK("http://localhost:3000/vouchers/cmtuxir22000tvr10q35wa15r", "25-0000005")	181099	Piutang Lain-lain	Johan Hariyanto	Sikat Nagata	20000	0
cmtuxir2n001hvr10hfus5m6k	19 Jun 25	=HYPERLINK("http://localhost:3000/vouchers/cmtuxir22000tvr10q35wa15r", "25-0000005")	100000	Kas	Johan Hariyanto	Sikat Nagata	0	20000
cmtuxir2p001jvr10dbd2c438	19 Jun 25	=HYPERLINK("http://localhost:3000/vouchers/cmtuxir22000tvr10q35wa15r", "25-0000005")	181099	Piutang Lain-lain	Johan Hariyanto	Ember	15000	0
cmtuxir2v001lvr102ksxqwm0	19 Jun 25	=HYPERLINK("http://localhost:3000/vouchers/cmtuxir22000tvr10q35wa15r", "25-0000005")	100000	Kas	Johan Hariyanto	Ember	0	15000
cmtuxir30001pvr100gt33bty	19 Jun 25	=HYPERLINK("http://localhost:3000/vouchers/cmtuxir2y001nvr10yz011fqa", "25-0000006")	181099	Piutang Lain-lain	Johan Hariyanto	Toko King Parabot - Gayung	10000	0
cmtuxir31001rvr10cd2bt3vq	19 Jun 25	=HYPERLINK("http://localhost:3000/vouchers/cmtuxir2y001nvr10yz011fqa", "25-0000006")	100000	Kas	Johan Hariyanto	Toko King Parabot - Gayung	0	10000
cmtuxir33001tvr1025wzuuz5	19 Jun 25	=HYPERLINK("http://localhost:3000/vouchers/cmtuxir2y001nvr10yz011fqa", "25-0000006")	181099	Piutang Lain-lain	Johan Hariyanto	Toko King Parabot - Ember	20000	0
cmtuxir35001vvr1025thubei	19 Jun 25	=HYPERLINK("http://localhost:3000/vouchers/cmtuxir2y001nvr10yz011fqa", "25-0000006")	100000	Kas	Johan Hariyanto	Toko King Parabot - Ember	0	20000
cmtuxir36001xvr10fcoer8tq	19 Jun 25	=HYPERLINK("http://localhost:3000/vouchers/cmtuxir2y001nvr10yz011fqa", "25-0000006")	181099	Piutang Lain-lain	Johan Hariyanto	Toko King Perabot - Keset Kaki	40000	0
cmtuxir38001zvr10e32cf64x	19 Jun 25	=HYPERLINK("http://localhost:3000/vouchers/cmtuxir2y001nvr10yz011fqa", "25-0000006")	100000	Kas	Johan Hariyanto	Toko King Perabot - Keset Kaki	0	40000
cmtuxir3c0023vr10j0lmv4sk	19 Jun 25	=HYPERLINK("http://localhost:3000/vouchers/cmtuxir3a0021vr10svl2sklg", "25-0000007")	181099	Piutang Lain-lain	Johan Hariyanto	Hypermart Villa Melati - Plegde Lmon Pump/Penguat kayu	29500	0
cmtuxir3e0025vr102ku4rx8f	19 Jun 25	=HYPERLINK("http://localhost:3000/vouchers/cmtuxir3a0021vr10svl2sklg", "25-0000007")	100000	Kas	Johan Hariyanto	Hypermart Villa Melati - Plegde Lmon Pump/Penguat kayu	0	29500
cmtuxir3f0027vr10oykaq91w	19 Jun 25	=HYPERLINK("http://localhost:3000/vouchers/cmtuxir3a0021vr10svl2sklg", "25-0000007")	181099	Piutang Lain-lain	Johan Hariyanto	Hypermart Villa Melati - Kenmasterplaschamois/Kanebo	28000	0
cmtuxir3h0029vr10px4l7ey8	19 Jun 25	=HYPERLINK("http://localhost:3000/vouchers/cmtuxir3a0021vr10svl2sklg", "25-0000007")	100000	Kas	Johan Hariyanto	Hypermart Villa Melati - Kenmasterplaschamois/Kanebo	0	28000
cmtuxir3l002dvr1080ba4gzr	19 Jun 25	=HYPERLINK("http://localhost:3000/vouchers/cmtuxir3j002bvr10duexo3br", "25-0000008")	181099	Piutang Lain-lain	Johan Hariyanto	Mitra10 Q-Big - Window Wiper 34 CM	59000	0
cmtuxir3n002fvr10pbw3ayx4	19 Jun 25	=HYPERLINK("http://localhost:3000/vouchers/cmtuxir3j002bvr10duexo3br", "25-0000008")	100000	Kas	Johan Hariyanto	Mitra10 Q-Big - Window Wiper 34 CM	0	59000
cmtuxir3q002jvr103rl3t39x	19 Jun 25	=HYPERLINK("http://localhost:3000/vouchers/cmtuxir3p002hvr10hs8v36co", "25-0000009")	181099	Piutang Lain-lain	Johan Hariyanto	Amora Stations Kertas A4	42500	0
cmtuxir3s002lvr1023wdzgzp	19 Jun 25	=HYPERLINK("http://localhost:3000/vouchers/cmtuxir3p002hvr10hs8v36co", "25-0000009")	100000	Kas	Johan Hariyanto	Amora Stations Kertas A4	0	42500
cmtuxir3w002pvr10650z44w5	19 Jun 25	=HYPERLINK("http://localhost:3000/vouchers/cmtuxir3u002nvr10e8z2q6bs", "25-0000010")	111000	Piutang Pemegang Saham PT Prima Intra Tehnology	Johan Hariyanto	Modal Pemegang Saham	1000000000	0
cmtuxir3y002rvr10eb1zrz8g	19 Jun 25	=HYPERLINK("http://localhost:3000/vouchers/cmtuxir3u002nvr10e8z2q6bs", "25-0000010")	300000	Modal Usaha	Johan Hariyanto	Modal Pemegang Saham	0	1000000000
cmtuxir42002vvr102uv3jkva	23 Jun 25	=HYPERLINK("http://localhost:3000/vouchers/cmtuxir40002tvr10bbhj76mv", "25-0000011")	181099	Piutang Lain-lain	Johan Hariyanto	Cabang (T) Listrik 2 Pcs	65000	0
cmtuxir44002xvr10csq4efwv	23 Jun 25	=HYPERLINK("http://localhost:3000/vouchers/cmtuxir40002tvr10bbhj76mv", "25-0000011")	100000	Kas	Johan Hariyanto	Cabang (T) Listrik 2 Pcs	0	65000
cmtuxir480031vr10luc4g1vh	23 Jun 25	=HYPERLINK("http://localhost:3000/vouchers/cmtuxir46002zvr10vjyhxwx4", "25-0000012")	600100	Keperluan Dapur	Johan Hariyanto	1 Dus Aqua botol 300 Ml untuk Tamu	40000	0
cmtuxir4a0033vr105sdhuio3	23 Jun 25	=HYPERLINK("http://localhost:3000/vouchers/cmtuxir46002zvr10vjyhxwx4", "25-0000012")	100000	Kas	Johan Hariyanto	1 Dus Aqua botol 300 Ml untuk Tamu	0	40000
cmtuxir4b0035vr10ra4dh9hn	23 Jun 25	=HYPERLINK("http://localhost:3000/vouchers/cmtuxir46002zvr10vjyhxwx4", "25-0000012")	600100	Keperluan Dapur	Johan Hariyanto	3 Galon Aqua + Isi	168000	0
cmtuxir4d0037vr1045awux8b	23 Jun 25	=HYPERLINK("http://localhost:3000/vouchers/cmtuxir46002zvr10vjyhxwx4", "25-0000012")	100000	Kas	Johan Hariyanto	3 Galon Aqua + Isi	0	168000
cmtuxir4h003bvr10ifqo4v2y	24 Jun 25	=HYPERLINK("http://localhost:3000/vouchers/cmtuxir4f0039vr10736xqzjv", "25-0000013")	600025	Tenaga Profesional	Michael Suryono Halim	Michael Suryono notaris - pembuat akte pendirian	7000000	0
cmtuxir4j003dvr10eyhae4pr	24 Jun 25	=HYPERLINK("http://localhost:3000/vouchers/cmtuxir4f0039vr10736xqzjv", "25-0000013")	280000	Hutang Lain Lain	Michael Suryono Halim	Michael Suryono notaris - pembuat akte pendirian	0	7000000
cmtuxir4k003fvr10nzofyao5	24 Jun 25	=HYPERLINK("http://localhost:3000/vouchers/cmtuxir4f0039vr10736xqzjv", "25-0000013")	160005	Biaya Dibayar Dimuka Notaris Michael Suyono	Michael Suryono Halim	Michael Suryono notaris - pembuat akte pendirian	175000	0
cmtuxir4m003hvr102ujipqnq	24 Jun 25	=HYPERLINK("http://localhost:3000/vouchers/cmtuxir4f0039vr10736xqzjv", "25-0000013")	220001	Hutang Pph21	Michael Suryono Halim	Michael Suryono notaris - pembuat akte pendirian	0	175000
cmtuxir4q003lvr101t0gn4ie	24 Jun 25	=HYPERLINK("http://localhost:3000/vouchers/cmtuxir4o003jvr10ty01j04q", "25-0000014")	181099	Piutang Lain-lain	Johan Hariyanto	Indomaret - Spon cuci piring	9000	0
cmtuxir4t003pvr10mfnopaj3	24 Jun 25	=HYPERLINK("http://localhost:3000/vouchers/cmtuxir4r003nvr10ovqm2xx8", "25-0000015")	181099	Piutang Lain-lain	Johan Hariyanto	Indomaret - Spon cuci piring	0	9000
cmtuxir4v003rvr10hs0jy2kc	24 Jun 25	=HYPERLINK("http://localhost:3000/vouchers/cmtuxir4r003nvr10ovqm2xx8", "25-0000015")	100000	Kas	Johan Hariyanto	Indomaret - Bagus Kain Lap Serba Guna buat barang pajangan	33500	0
cmtuxir4x003tvr108ln5awlj	24 Jun 25	=HYPERLINK("http://localhost:3000/vouchers/cmtuxir4r003nvr10ovqm2xx8", "25-0000015")	181099	Piutang Lain-lain	Johan Hariyanto	Indomaret - Bagus Kain Lap Serba Guna buat barang pajangan	0	33500
cmtuxir4z003vvr10atu75ya9	24 Jun 25	=HYPERLINK("http://localhost:3000/vouchers/cmtuxir4r003nvr10ovqm2xx8", "25-0000015")	100000	Kas	Johan Hariyanto	Amora Stations- Pembolong Kertas	45400	0
cmtuxir50003xvr10r1s9s43o	24 Jun 25	=HYPERLINK("http://localhost:3000/vouchers/cmtuxir4r003nvr10ovqm2xx8", "25-0000015")	181099	Piutang Lain-lain	Johan Hariyanto	Amora Stations- Pembolong Kertas	0	45400
cmtuxir52003zvr10chf1m3v5	24 Jun 25	=HYPERLINK("http://localhost:3000/vouchers/cmtuxir4r003nvr10ovqm2xx8", "25-0000015")	100000	Kas	Johan Hariyanto	Amora Stations- Pulpen Standard AE7 Hitam 12 Pcs	20700	0
cmtuxir540041vr10st00vc5b	24 Jun 25	=HYPERLINK("http://localhost:3000/vouchers/cmtuxir4r003nvr10ovqm2xx8", "25-0000015")	100000	Kas	Johan Hariyanto	Amora Stations- Pulpen Standard AE7 Hitam 12 Pcs	0	20700
cmtuxir560043vr100uiqqufj	24 Jun 25	=HYPERLINK("http://localhost:3000/vouchers/cmtuxir4r003nvr10ovqm2xx8", "25-0000015")	181099	Piutang Lain-lain	Johan Hariyanto	Amora Stations- Isi Staples Kecil	1200	0
cmtuxir570045vr10ahjq0xn9	24 Jun 25	=HYPERLINK("http://localhost:3000/vouchers/cmtuxir4r003nvr10ovqm2xx8", "25-0000015")	100000	Kas	Johan Hariyanto	Amora Stations- Isi Staples Kecil	0	1200
cmtuxir590047vr106jokri4a	24 Jun 25	=HYPERLINK("http://localhost:3000/vouchers/cmtuxir4r003nvr10ovqm2xx8", "25-0000015")	181099	Piutang Lain-lain	Johan Hariyanto	Amora Stations- Isi Staples Besar	2100	0
cmtuxir5b0049vr1060bm90qs	24 Jun 25	=HYPERLINK("http://localhost:3000/vouchers/cmtuxir4r003nvr10ovqm2xx8", "25-0000015")	100000	Kas	Johan Hariyanto	Amora Stations- Isi Staples Besar	0	2100
cmtuxir5e004dvr1050ige0x2	24 Jun 25	=HYPERLINK("http://localhost:3000/vouchers/cmtuxir5c004bvr1056v4hpcg", "25-0000016")	181099	Piutang Lain-lain	Johan Hariyanto	Yudi - Perangkat Wifi	400000	0
cmtuxir5g004fvr101c54brik	24 Jun 25	=HYPERLINK("http://localhost:3000/vouchers/cmtuxir5c004bvr1056v4hpcg", "25-0000016")	100000	Kas	Johan Hariyanto	Yudi - Perangkat Wifi	0	400000
cmtuxir5k004jvr10arz3xxc5	24 Jun 25	=HYPERLINK("http://localhost:3000/vouchers/cmtuxir5i004hvr10z0cy59px", "25-0000017")	181099	Piutang Lain-lain	Ende Suhermawan	Emde - Alfamart Stopkontak kenmaster	83500	0
cmtuxir5m004lvr10iko6ppxa	24 Jun 25	=HYPERLINK("http://localhost:3000/vouchers/cmtuxir5i004hvr10z0cy59px", "25-0000017")	100000	Kas	Ende Suhermawan	Emde - Alfamart Stopkontak kenmaster	0	83500
cmtuxir5p004pvr10hixngmh8	25 Jun 25	=HYPERLINK("http://localhost:3000/vouchers/cmtuxir5n004nvr10rf63jhh6", "25-0000018")	100000	Kas	Johan Hariyanto	Kas Kecil	1000000	0
cmtuxir5r004rvr10zoz7ca4p	25 Jun 25	=HYPERLINK("http://localhost:3000/vouchers/cmtuxir5n004nvr10rf63jhh6", "25-0000018")	280000	Hutang Lain Lain	Johan Hariyanto	Kas Kecil	0	1000000
cmtuxir5v004vvr1081etz0jg	25 Jun 25	=HYPERLINK("http://localhost:3000/vouchers/cmtuxir5t004tvr10ozo5afq9", "25-0000019")	181099	Piutang Lain-lain	Johan Hariyanto	1 Set Toples untuk gula dan kopi	150000	0
cmtuxir5x004xvr10ugr1k059	25 Jun 25	=HYPERLINK("http://localhost:3000/vouchers/cmtuxir5t004tvr10ozo5afq9", "25-0000019")	100000	Kas	Johan Hariyanto	1 Set Toples untuk gula dan kopi	0	150000
cmtuxir5z004zvr10pis38jnz	25 Jun 25	=HYPERLINK("http://localhost:3000/vouchers/cmtuxir5t004tvr10ozo5afq9", "25-0000019")	181099	Piutang Lain-lain	Johan Hariyanto	1 Set Gelas Cangkir	100000	0
cmtuxir610051vr10mdxvju1x	25 Jun 25	=HYPERLINK("http://localhost:3000/vouchers/cmtuxir5t004tvr10ozo5afq9", "25-0000019")	100000	Kas	Johan Hariyanto	1 Set Gelas Cangkir	0	100000
cmtuxir630053vr10ixzqnnqi	25 Jun 25	=HYPERLINK("http://localhost:3000/vouchers/cmtuxir5t004tvr10ozo5afq9", "25-0000019")	600100	Keperluan Dapur	Johan Hariyanto	Kopi	20000	0
cmtuxir640055vr101rmi7d14	25 Jun 25	=HYPERLINK("http://localhost:3000/vouchers/cmtuxir5t004tvr10ozo5afq9", "25-0000019")	100000	Kas	Johan Hariyanto	Kopi	0	20000
cmtuxir660057vr101y0yh16s	25 Jun 25	=HYPERLINK("http://localhost:3000/vouchers/cmtuxir5t004tvr10ozo5afq9", "25-0000019")	600100	Keperluan Dapur	Johan Hariyanto	Gula	17500	0
cmtuxir680059vr10jac3uh0m	25 Jun 25	=HYPERLINK("http://localhost:3000/vouchers/cmtuxir5t004tvr10ozo5afq9", "25-0000019")	100000	Kas	Johan Hariyanto	Gula	0	17500
cmtuxir69005bvr1085uy8tx2	25 Jun 25	=HYPERLINK("http://localhost:3000/vouchers/cmtuxir5t004tvr10ozo5afq9", "25-0000019")	600100	Keperluan Dapur	Johan Hariyanto	Susu Sachet	10000	0
cmtuxir6c005dvr10ke309vb7	25 Jun 25	=HYPERLINK("http://localhost:3000/vouchers/cmtuxir5t004tvr10ozo5afq9", "25-0000019")	100000	Kas	Johan Hariyanto	Susu Sachet	0	10000
cmtuxir6f005hvr10x5i0fb6l	25 Jun 25	=HYPERLINK("http://localhost:3000/vouchers/cmtuxir6d005fvr103wzjxf9e", "25-0000020")	181099	Piutang Lain-lain	Johan Hariyanto	Bantek/Odner	45000	0
cmtuxir6h005jvr108hwao9tn	25 Jun 25	=HYPERLINK("http://localhost:3000/vouchers/cmtuxir6d005fvr103wzjxf9e", "25-0000020")	100000	Kas	Johan Hariyanto	Bantek/Odner	0	45000
cmtuxir6j005lvr10ua8vqg0l	25 Jun 25	=HYPERLINK("http://localhost:3000/vouchers/cmtuxir6d005fvr103wzjxf9e", "25-0000020")	181099	Piutang Lain-lain	Johan Hariyanto	Staples	15000	0
cmtuxir6k005nvr10gu5ad0fu	25 Jun 25	=HYPERLINK("http://localhost:3000/vouchers/cmtuxir6d005fvr103wzjxf9e", "25-0000020")	100000	Kas	Johan Hariyanto	Staples	0	15000
cmtuxir6o005rvr10jvkkvyf3	26 Jun 25	=HYPERLINK("http://localhost:3000/vouchers/cmtuxir6m005pvr10zs0o4naw", "25-0000021")	600025	Tenaga Profesional	Michael Suryono Halim	Michael Suryono notaris - Pelunasan pembuat akte pendirian	3000000	0
cmtuxir6q005tvr10gi3vffsq	26 Jun 25	=HYPERLINK("http://localhost:3000/vouchers/cmtuxir6m005pvr10zs0o4naw", "25-0000021")	280000	Hutang Lain Lain	Michael Suryono Halim	Michael Suryono notaris - Pelunasan pembuat akte pendirian	0	3000000
cmtuxir6r005vvr10nldev84p	26 Jun 25	=HYPERLINK("http://localhost:3000/vouchers/cmtuxir6m005pvr10zs0o4naw", "25-0000021")	160005	Biaya Dibayar Dimuka Notaris Michael Suyono	Michael Suryono Halim	Michael Suryono notaris - Pelunasan pembuat akte pendirian	75000	0
cmtuxir6t005xvr10kibo7xbx	26 Jun 25	=HYPERLINK("http://localhost:3000/vouchers/cmtuxir6m005pvr10zs0o4naw", "25-0000021")	220001	Hutang Pph21	Michael Suryono Halim	Michael Suryono notaris - Pelunasan pembuat akte pendirian	0	75000
cmtuxir6x0061vr10hix4hqiv	26 Jun 25	=HYPERLINK("http://localhost:3000/vouchers/cmtuxir6v005zvr10hbtvsqp6", "25-0000022")	100100	Bank BRI 0509 0100 3205 300	Johan Hariyanto	Saldo Awal Rekening BRI PT Prima Mira Bersama	1000000	0
cmtuxir6z0063vr10m8ukur7m	26 Jun 25	=HYPERLINK("http://localhost:3000/vouchers/cmtuxir6v005zvr10hbtvsqp6", "25-0000022")	280000	Hutang Lain Lain	Johan Hariyanto	Saldo Awal Rekening BRI PT Prima Mira Bersama	0	1000000
cmtuxir720067vr109rlkecml	26 Jun 25	=HYPERLINK("http://localhost:3000/vouchers/cmtuxir700065vr10lesuejza", "25-0000023")	190001	Aset Tetap Inventaris Kantor	Gunajaya Mandiri Computer	Gunajaya Mandiri Computer - Notebook ASUS Vivobook 14 A1404VA I5 1334 16GB 512GB W11+OHS+O365 14.0FHD IPS	8750000	0
cmtuxir740069vr107494co5x	26 Jun 25	=HYPERLINK("http://localhost:3000/vouchers/cmtuxir700065vr10lesuejza", "25-0000023")	190001	Aset Tetap Inventaris Kantor	Gunajaya Mandiri Computer	Gunajaya Mandiri Computer - UPS ACER ALTOS CITY 650VA 360 Watt	1200000	0
cmtuxir76006bvr10vegvxwyi	26 Jun 25	=HYPERLINK("http://localhost:3000/vouchers/cmtuxir700065vr10lesuejza", "25-0000023")	240000	Biaya Yang Masih Harus Di Bayar Pak David	Gunajaya Mandiri Computer	Gunajaya Mandiri Computer - Toshiba HDD EXT 1TB Canvio USB 3.0	0	9950000
cmtuxir79006fvr10t6p040gb	26 Jun 25	=HYPERLINK("http://localhost:3000/vouchers/cmtuxir78006dvr10rmf88a6q", "25-0000024")	181099	Piutang Lain-lain	Johan Hariyanto	Lem untuk pasang merk	16000	0
cmtuxir7b006hvr10qhs2aj19	26 Jun 25	=HYPERLINK("http://localhost:3000/vouchers/cmtuxir78006dvr10rmf88a6q", "25-0000024")	100000	Kas	Johan Hariyanto	Lem untuk pasang merk	0	16000
cmtuxir7f006lvr102vn1ysvy	26 Jun 25	=HYPERLINK("http://localhost:3000/vouchers/cmtuxir7d006jvr107ptja9xu", "25-0000025")	181099	Piutang Lain-lain	Johan Hariyanto	Toko King Parabot - Tong Sampah 2 Buah	110000	0
cmtuxir7h006nvr101f0k5ge3	26 Jun 25	=HYPERLINK("http://localhost:3000/vouchers/cmtuxir7d006jvr107ptja9xu", "25-0000025")	100000	Kas	Johan Hariyanto	Toko King Parabot - Tong Sampah 2 Buah	0	110000
cmtuxir7l006rvr10h9uiuvj3	26 Jun 25	=HYPERLINK("http://localhost:3000/vouchers/cmtuxir7j006pvr10iyr3yhjh", "25-0000026")	181099	Piutang Lain-lain	Johan Hariyanto	Menara BRI BSD - Parkir untuk buka rekening BRI	13000	0
cmtuxir7n006tvr10isl8763a	26 Jun 25	=HYPERLINK("http://localhost:3000/vouchers/cmtuxir7j006pvr10iyr3yhjh", "25-0000026")	100000	Kas	Johan Hariyanto	Menara BRI BSD - Parkir untuk buka rekening BRI	0	13000
cmtuxir7s006xvr10mgyw9anr	29 Jun 25	=HYPERLINK("http://localhost:3000/vouchers/cmtuxir7q006vvr10z3v9lh0h", "25-0000027")	181099	Piutang Lain-lain	Johan Hariyanto	AEON - Parkir Untuk cari Filling Kabinet	21000	0
cmtuxir7t006zvr10nv4gb7f2	29 Jun 25	=HYPERLINK("http://localhost:3000/vouchers/cmtuxir7q006vvr10z3v9lh0h", "25-0000027")	100000	Kas	Johan Hariyanto	AEON - Parkir Untuk cari Filling Kabinet	0	21000
cmtuxir7x0073vr10u80j1ivd	30 Jun 25	=HYPERLINK("http://localhost:3000/vouchers/cmtuxir7v0071vr107xu4ljrq", "25-0000028")	600001	Beban Gaji	Johan Hariyanto	Gaji Bulan Juni	31500000	0
cmtuxir7z0075vr109frymgb4	30 Jun 25	=HYPERLINK("http://localhost:3000/vouchers/cmtuxir7v0071vr107xu4ljrq", "25-0000028")	600017	Beban Pajak	Johan Hariyanto	Gaji Bulan Juni	800000	0
cmtuxir820079vr10wi3oqmuj	30 Jun 25	=HYPERLINK("http://localhost:3000/vouchers/cmtuxir810077vr102qgsuhnz", "25-0000029")	600002	Beban Tunjangan Transport	Johan Hariyanto	Gaji Bulan Juni	755000	0
cmtuxir86007dvr1040m1aoyf	30 Jun 25	=HYPERLINK("http://localhost:3000/vouchers/cmtuxir84007bvr100t2lykop", "25-0000030")	220001	Hutang Pph21	Johan Hariyanto	Gaji Bulan Juni	0	800000
cmtuxir88007fvr10m12oboer	30 Jun 25	=HYPERLINK("http://localhost:3000/vouchers/cmtuxir84007bvr100t2lykop", "25-0000030")	280000	Hutang Lain Lain	Johan Hariyanto	Gaji Bulan Juni	0	32255000
cmtuxir8c007jvr10o2z1s8ly	30 Jun 25	=HYPERLINK("http://localhost:3000/vouchers/cmtuxir8a007hvr109hm3cl4p", "25-0000031")	720002	Beban Adm.Bank & Buku Cek/Giro	PT. Prima Mira Bersama ( BRI )	Biaya Email Rekening Koran	1500	0
cmtuxir8d007lvr10zikes7f3	30 Jun 25	=HYPERLINK("http://localhost:3000/vouchers/cmtuxir8a007hvr109hm3cl4p", "25-0000031")	100100	Bank BRI 0509 0100 3205 300	PT. Prima Mira Bersama ( BRI )	Biaya Email Rekening Koran	0	1500
cmtuxir8h007pvr10u4aktlin	30 Jun 25	=HYPERLINK("http://localhost:3000/vouchers/cmtuxir8f007nvr10qxucalzv", "25-0000032")	600019	Beban Sewa	Darell Karya	Darrel Karya - Biaya Sewa Kantor Bulan Juni 2025	4166666	0
cmtuxir8j007rvr10hjs5d3e2	30 Jun 25	=HYPERLINK("http://localhost:3000/vouchers/cmtuxir8f007nvr10qxucalzv", "25-0000032")	160002	Biaya Sewa dibayar di Muka	Darell Karya	Darrel Karya - Biaya Sewa Kantor Bulan Juni 2025	0	4166666
cmtuxir8n007vvr1084ctbquk	01 Jul 25	=HYPERLINK("http://localhost:3000/vouchers/cmtuxir8l007tvr1001vriyyt", "25-0000033")	181099	Piutang Lain-lain	Johan Hariyanto	Horo Iaro - Stemple Kantor	90000	0
cmtuxir8o007xvr10by8ez9da	01 Jul 25	=HYPERLINK("http://localhost:3000/vouchers/cmtuxir8l007tvr1001vriyyt", "25-0000033")	100000	Kas	Johan Hariyanto	Horo Iaro - Stemple Kantor	0	90000
cmtuxir8q007zvr10kz211vnk	01 Jul 25	=HYPERLINK("http://localhost:3000/vouchers/cmtuxir8l007tvr1001vriyyt", "25-0000033")	181099	Piutang Lain-lain	Johan Hariyanto	Horo Iaro - Stemple Kantor - Parkir	10000	0
cmtuxir8s0081vr107gzhzq4g	01 Jul 25	=HYPERLINK("http://localhost:3000/vouchers/cmtuxir8l007tvr1001vriyyt", "25-0000033")	100000	Kas	Johan Hariyanto	Horo Iaro - Stemple Kantor - Parkir	0	10000
cmtuxir8w0085vr10za4kqf6q	03 Jul 25	=HYPERLINK("http://localhost:3000/vouchers/cmtuxir8u0083vr10gsovounv", "25-0000034")	181099	Piutang Lain-lain	Johan Hariyanto	Toko King Parabot - Keset Kasi	20000	0
cmtuxir8y0087vr10f7jlt576	03 Jul 25	=HYPERLINK("http://localhost:3000/vouchers/cmtuxir8u0083vr10gsovounv", "25-0000034")	100000	Kas	Johan Hariyanto	Toko King Parabot - Keset Kasi	0	20000
cmtuxir8z0089vr10vdejax32	03 Jul 25	=HYPERLINK("http://localhost:3000/vouchers/cmtuxir8u0083vr10gsovounv", "25-0000034")	181099	Piutang Lain-lain	Johan Hariyanto	Toko King Parabot - 6 Tutup Gelas	60000	0
cmtuxir91008bvr103d9yuli2	03 Jul 25	=HYPERLINK("http://localhost:3000/vouchers/cmtuxir8u0083vr10gsovounv", "25-0000034")	100000	Kas	Johan Hariyanto	Toko King Parabot - 6 Tutup Gelas	0	60000
cmtuxir93008dvr100ceejivu	03 Jul 25	=HYPERLINK("http://localhost:3000/vouchers/cmtuxir8u0083vr10gsovounv", "25-0000034")	181099	Piutang Lain-lain	Johan Hariyanto	Toko King Parabot - 1/2 Lusin Gelas	32500	0
cmtuxir95008fvr10t6efvcr9	03 Jul 25	=HYPERLINK("http://localhost:3000/vouchers/cmtuxir8u0083vr10gsovounv", "25-0000034")	100000	Kas	Johan Hariyanto	Toko King Parabot - 1/2 Lusin Gelas	0	32500
cmtuxir97008hvr10u28ynn0u	03 Jul 25	=HYPERLINK("http://localhost:3000/vouchers/cmtuxir8u0083vr10gsovounv", "25-0000034")	181099	Piutang Lain-lain	Johan Hariyanto	Toko King Parabot - 1/2 Lusin Gelas Kopi	25000	0
cmtuxir99008jvr10rbpulvuf	03 Jul 25	=HYPERLINK("http://localhost:3000/vouchers/cmtuxir8u0083vr10gsovounv", "25-0000034")	100000	Kas	Johan Hariyanto	Toko King Parabot - 1/2 Lusin Gelas Kopi	0	25000
cmtuxir9d008nvr10sq5bytuq	03 Jul 25	=HYPERLINK("http://localhost:3000/vouchers/cmtuxir9b008lvr10mbz4kwp4", "25-0000035")	181099	Piutang Lain-lain	Johan Hariyanto	Hypermart Villa Melati - Sunlight	18490	0
cmtuxir9f008pvr100rb93x1j	03 Jul 25	=HYPERLINK("http://localhost:3000/vouchers/cmtuxir9b008lvr10mbz4kwp4", "25-0000035")	100000	Kas	Johan Hariyanto	Hypermart Villa Melati - Sunlight	0	18490
cmtuxir9h008rvr10h6tq0c5j	03 Jul 25	=HYPERLINK("http://localhost:3000/vouchers/cmtuxir9b008lvr10mbz4kwp4", "25-0000035")	181099	Piutang Lain-lain	Johan Hariyanto	Hypermart Villa Melati - Super pel	23800	0
cmtuxir9i008tvr106817wd2u	03 Jul 25	=HYPERLINK("http://localhost:3000/vouchers/cmtuxir9b008lvr10mbz4kwp4", "25-0000035")	100000	Kas	Johan Hariyanto	Hypermart Villa Melati - Super pel	0	23800
cmtuxir9m008xvr104f8kpjxy	04 Jul 25	=HYPERLINK("http://localhost:3000/vouchers/cmtuxir9k008vvr10bubrelki", "25-0000037")	280000	Hutang Lain Lain	Johan Hariyanto	Hypermart Villa Melati - refill pledge	23990	0
cmtuxir9q0091vr10dornbn3f	04 Jul 25	=HYPERLINK("http://localhost:3000/vouchers/cmtuxir9o008zvr104poa9avz", "25-0000038")	181099	Piutang Lain-lain	Johan Hariyanto	Hypermart Villa Melati - refill pledge	0	23990
cmtuxir9r0093vr10i7s1lt8d	04 Jul 25	=HYPERLINK("http://localhost:3000/vouchers/cmtuxir9o008zvr104poa9avz", "25-0000038")	100000	Kas	Johan Hariyanto	Mitra10 Q-Big - Keset Kaki 2	99800	0
cmtuxir9v0097vr10pb1qcecy	04 Jul 25	=HYPERLINK("http://localhost:3000/vouchers/cmtuxir9t0095vr10i9zxifn2", "25-0000039")	600100	Keperluan Dapur	Johan Hariyanto	Mitra10 Q-Big - Keset Kaki 2	0	99800
cmtuxir9x0099vr10us2qnwgm	04 Jul 25	=HYPERLINK("http://localhost:3000/vouchers/cmtuxir9t0095vr10i9zxifn2", "25-0000039")	100000	Kas	Johan Hariyanto	Pengisian Kas	1000000	0
cmtuxira7009dvr10563t9e1w	06 Jul 25	=HYPERLINK("http://localhost:3000/vouchers/cmtuxir9z009bvr10larpj5v4", "25-0000040")	181099	Piutang Lain-lain	Johan Hariyanto	Pengisian Kas	0	1000000
cmtuxira9009fvr10wc58t99g	06 Jul 25	=HYPERLINK("http://localhost:3000/vouchers/cmtuxir9z009bvr10larpj5v4", "25-0000040")	181099	Piutang Lain-lain	Johan Hariyanto	Sambungan Listrik Roll	45000	0
cmtuxirab009hvr10olcmaytn	06 Jul 25	=HYPERLINK("http://localhost:3000/vouchers/cmtuxir9z009bvr10larpj5v4", "25-0000040")	600018	Beban Materai	Johan Hariyanto	Sambungan Listrik Roll	0	45000
cmtuxirac009jvr10tp1dq8pw	06 Jul 25	=HYPERLINK("http://localhost:3000/vouchers/cmtuxir9z009bvr10larpj5v4", "25-0000040")	100000	Kas	Johan Hariyanto	Refill Aqua	22200	0
cmtuxirag009nvr10pige93ll	07 Jul 25	=HYPERLINK("http://localhost:3000/vouchers/cmtuxirae009lvr10hbfd97bp", "25-0000041")	181099	Piutang Lain-lain	Johan Hariyanto	Refill Aqua	0	22200
cmtuxirai009pvr10myg59e6j	07 Jul 25	=HYPERLINK("http://localhost:3000/vouchers/cmtuxirae009lvr10hbfd97bp", "25-0000041")	181099	Piutang Lain-lain	Johan Hariyanto	Lomo Fotocopy - Kalkulator Joyco	84000	0
cmtuxirak009rvr101sbfftsu	07 Jul 25	=HYPERLINK("http://localhost:3000/vouchers/cmtuxirae009lvr10hbfd97bp", "25-0000041")	100000	Kas	Johan Hariyanto	Lomo Fotocopy - Stapler Joyko HD-50	28000	0
cmtuxirao009vvr10j9f8e4yc	07 Jul 25	=HYPERLINK("http://localhost:3000/vouchers/cmtuxiram009tvr109xn3zbqq", "25-0000042")	100100	Bank BRI 0509 0100 3205 300	William Ong	Lomo Fotocopy - Materai buat surat perjanjian rental mobil mpm tgl 31 juli 2025	11000	0
cmtuxiraq009xvr101jwbbsas	07 Jul 25	=HYPERLINK("http://localhost:3000/vouchers/cmtuxiram009tvr109xn3zbqq", "25-0000042")	111000	Piutang Pemegang Saham PT Prima Intra Tehnology	William Ong	Lomo Fotocopy - Kalkulator Joyco, Staples & Materai	0	123000
cmtuxirau00a1vr10wnjxb6z3	07 Jul 25	=HYPERLINK("http://localhost:3000/vouchers/cmtuxiras009zvr10obkjctfx", "25-0000043")	181099	Piutang Lain-lain	Johan Hariyanto	Alfamart Pagedangan - Sabun Cuci Tangan di wastafel 3 buah	62800	0
cmtuxiraw00a3vr10vzgs3xax	07 Jul 25	=HYPERLINK("http://localhost:3000/vouchers/cmtuxiras009zvr10obkjctfx", "25-0000043")	100000	Kas	Johan Hariyanto	Alfamart Pagedangan - Air Minum Aqua	22200	0
cmtuxirb000a7vr10jjc7b97t	07 Jul 25	=HYPERLINK("http://localhost:3000/vouchers/cmtuxirax00a5vr10o76q77h1", "25-0000044")	240000	Biaya Yang Masih Harus Di Bayar Pak David	David Karya	Alfamart Pagedangan - Sabun Cuci Tangan di wastafel 3 buah & Air Minum Aqua	0	85000
cmtuxirb200a9vr10x2ne6t2m	07 Jul 25	=HYPERLINK("http://localhost:3000/vouchers/cmtuxirax00a5vr10o76q77h1", "25-0000044")	720002	Beban Adm.Bank & Buku Cek/Giro	David Karya	William Ong - Setoran Modal	400000000	0
cmtuxirb400abvr1099x8m67u	07 Jul 25	=HYPERLINK("http://localhost:3000/vouchers/cmtuxirax00a5vr10o76q77h1", "25-0000044")	100100	Bank BRI 0509 0100 3205 300	David Karya	William Ong - Setoran Modal	0	400000000
cmtuxirb800afvr10pl35ccnv	08 Jul 25	=HYPERLINK("http://localhost:3000/vouchers/cmtuxirb600advr10pqsskdus", "25-0000045")	100000	Kas	Johan Hariyanto	Parkir Di Wisma Bca , Kelengkapan akte asli	7000	0
cmtuxirba00ahvr10sro7nm1b	08 Jul 25	=HYPERLINK("http://localhost:3000/vouchers/cmtuxirb600advr10pqsskdus", "25-0000045")	280000	Hutang Lain Lain	Johan Hariyanto	Parkir Di Wisma Bca , Kelengkapan akte asli	0	7000
cmtuxirbe00alvr10003tz3r9	08 Jul 25	=HYPERLINK("http://localhost:3000/vouchers/cmtuxirbc00ajvr100snkvnen", "25-0000046")	240000	Biaya Yang Masih Harus Di Bayar Pak David	David Karya	Transfer dari Bank BRI 0509 0100 3205 300 ke Bpk David	10000000	0
cmtuxirbf00anvr105vgmg42b	08 Jul 25	=HYPERLINK("http://localhost:3000/vouchers/cmtuxirbc00ajvr100snkvnen", "25-0000046")	720002	Beban Adm.Bank & Buku Cek/Giro	David Karya	Transfer dari Bank BRI 0509 0100 3205 300 ke Bpk David	6500	0
cmtuxirbh00apvr10fiup82m2	08 Jul 25	=HYPERLINK("http://localhost:3000/vouchers/cmtuxirbc00ajvr100snkvnen", "25-0000046")	100100	Bank BRI 0509 0100 3205 300	David Karya	Transfer dari Bank BRI 0509 0100 3205 300 ke Bpk David	0	10006500
cmtuxirbl00atvr10acr60twi	08 Jul 25	=HYPERLINK("http://localhost:3000/vouchers/cmtuxirbj00arvr10r5hv86n8", "25-0000047")	600008	Beban Tunjangan BPJS Tenaga Kerja	BPJS Ketenagakerjaan	Kas Kecil	1000000	0
cmtuxirbn00avvr10frlrjo9g	08 Jul 25	=HYPERLINK("http://localhost:3000/vouchers/cmtuxirbj00arvr10r5hv86n8", "25-0000047")	600009	Beban Asuransi Karyawan	BPJS Ketenagakerjaan	Kas Kecil	0	1000000
cmtuxirbp00axvr10lx05vvzj	08 Jul 25	=HYPERLINK("http://localhost:3000/vouchers/cmtuxirbj00arvr10r5hv86n8", "25-0000047")	100100	Bank BRI 0509 0100 3205 300	BPJS Ketenagakerjaan	Transfer dari Bank BRI 0509 0100 3205 300	90000000	0
cmtuxirbt00b1vr102gmv1o1t	09 Jul 25	=HYPERLINK("http://localhost:3000/vouchers/cmtuxirbr00azvr104na2gxmi", "25-0000048")	181099	Piutang Lain-lain	Johan Hariyanto	Transfer dari Bank BRI 0509 0100 3205 300	6500	0
cmtuxirbv00b3vr10xtc5nudj	09 Jul 25	=HYPERLINK("http://localhost:3000/vouchers/cmtuxirbr00azvr104na2gxmi", "25-0000048")	100000	Kas	Johan Hariyanto	Transfer dari Bank BRI 0509 0100 3205 300	0	90006500
cmtuxirbz00b7vr104geutjaw	09 Jul 25	=HYPERLINK("http://localhost:3000/vouchers/cmtuxirbx00b5vr103dl4ww6s", "25-0000049")	181099	Piutang Lain-lain	Johan Hariyanto	BPJS Tenaga Kerja Karyawan	848000	0
cmtuxirc100b9vr107w4fy2cz	09 Jul 25	=HYPERLINK("http://localhost:3000/vouchers/cmtuxirbx00b5vr103dl4ww6s", "25-0000049")	100000	Kas	Johan Hariyanto	BPJS Tenaga Kerja Karyawan	400000	0
cmtuxirc500bdvr10vffck7jl	09 Jul 25	=HYPERLINK("http://localhost:3000/vouchers/cmtuxirc300bbvr101gwpeff9", "25-0000050")	181099	Piutang Lain-lain	Johan Hariyanto	BPJS Tenaga Kerja Karyawan	0	1248000
cmtuxirc700bfvr10e2apanor	09 Jul 25	=HYPERLINK("http://localhost:3000/vouchers/cmtuxirc300bbvr101gwpeff9", "25-0000050")	100000	Kas	Johan Hariyanto	Alfamart Pagedangan - Air Minum Aqua 300 Ml	86400	0
cmtuxirca00bjvr103xdweubq	10 Jul 25	=HYPERLINK("http://localhost:3000/vouchers/cmtuxirc800bhvr107pfewjrg", "25-0000051")	600016	Beban Perlengkapan Kantor	Johan Hariyanto	Alfamart Pagedangan - Air Minum Aqua 300 Ml	0	86400
cmtuxircc00blvr10j9xoek1o	10 Jul 25	=HYPERLINK("http://localhost:3000/vouchers/cmtuxirc800bhvr107pfewjrg", "25-0000051")	600016	Beban Perlengkapan Kantor	Johan Hariyanto	Parkir di BPJS Tenaga Kerja Tanggerang Selatan	5000	0
cmtuxirce00bnvr10h715tpsn	10 Jul 25	=HYPERLINK("http://localhost:3000/vouchers/cmtuxirc800bhvr107pfewjrg", "25-0000051")	600016	Beban Perlengkapan Kantor	Johan Hariyanto	Parkir di BPJS Tenaga Kerja Tanggerang Selatan	0	5000
cmtuxircg00bpvr10f0fe1npc	10 Jul 25	=HYPERLINK("http://localhost:3000/vouchers/cmtuxirc800bhvr107pfewjrg", "25-0000051")	600016	Beban Perlengkapan Kantor	Johan Hariyanto	Lomo Fotocopy - Paper Klip	8500	0
cmtuxirci00brvr1029pgsrv9	10 Jul 25	=HYPERLINK("http://localhost:3000/vouchers/cmtuxirc800bhvr107pfewjrg", "25-0000051")	600016	Beban Perlengkapan Kantor	Johan Hariyanto	Lomo Fotocopy - Paper Klip	0	8500
cmtuxirck00btvr10hef7e6db	10 Jul 25	=HYPERLINK("http://localhost:3000/vouchers/cmtuxirc800bhvr107pfewjrg", "25-0000051")	600016	Beban Perlengkapan Kantor	Johan Hariyanto	Toko King Perabot - 3 Serbet	10000	0
cmtuxircm00bvvr1031lurnvb	10 Jul 25	=HYPERLINK("http://localhost:3000/vouchers/cmtuxirc800bhvr107pfewjrg", "25-0000051")	100000	Kas	Johan Hariyanto	Toko King Perabot - Kain Pel Jumbo	65000	0
cmtuxircq00bzvr10p9esab73	10 Jul 25	=HYPERLINK("http://localhost:3000/vouchers/cmtuxirco00bxvr10d5mbk2u3", "25-0000052")	181099	Piutang Lain-lain	David Karya	Toko King Perabot - Tong Sampah	55000	0
cmtuxircs00c1vr101ia71axz	10 Jul 25	=HYPERLINK("http://localhost:3000/vouchers/cmtuxirco00bxvr10d5mbk2u3", "25-0000052")	720002	Beban Adm.Bank & Buku Cek/Giro	David Karya	Toko King Perabot - Ember Kecil	15000	0
cmtuxircu00c3vr10o7e8ywn4	10 Jul 25	=HYPERLINK("http://localhost:3000/vouchers/cmtuxirco00bxvr10d5mbk2u3", "25-0000052")	100100	Bank BRI 0509 0100 3205 300	David Karya	Toko King Perabot - 6 Pcs Tutup Gelas	15000	0
cmtuxircz00c7vr10lgzp7gir	10 Jul 25	=HYPERLINK("http://localhost:3000/vouchers/cmtuxircw00c5vr10pbh8ls91", "25-0000053")	220001	Hutang Pph21	Direktorat Jenderal Pajak	Toko King Perabot - Retur Tutup Gelas	0	50000
cmtuxird100c9vr10bvvn61aj	10 Jul 25	=HYPERLINK("http://localhost:3000/vouchers/cmtuxircw00c5vr10pbh8ls91", "25-0000053")	100100	Bank BRI 0509 0100 3205 300	Direktorat Jenderal Pajak	Toko King Perabot - Retur Tutup Gelas	0	110000
cmtuxird400cdvr1061hpw0hu	11 Jul 25	=HYPERLINK("http://localhost:3000/vouchers/cmtuxird300cbvr10r0xdgtte", "25-0000054")	181099	Piutang Lain-lain	Indirasari Larasati	David Karya - Perjalanan Dinas ke Bali	3151001	0
cmtuxird700cfvr10erg2hu82	11 Jul 25	=HYPERLINK("http://localhost:3000/vouchers/cmtuxird300cbvr10r0xdgtte", "25-0000054")	720002	Beban Adm.Bank & Buku Cek/Giro	Indirasari Larasati	David Karya - Perjalanan Dinas ke Bali	6500	0
cmtuxird900chvr10cqi0f5jx	11 Jul 25	=HYPERLINK("http://localhost:3000/vouchers/cmtuxird300cbvr10r0xdgtte", "25-0000054")	100100	Bank BRI 0509 0100 3205 300	Indirasari Larasati	David Karya - Perjalanan Dinas ke Bali	0	3157501
cmtuxirdd00clvr10zhb4ws78	11 Jul 25	=HYPERLINK("http://localhost:3000/vouchers/cmtuxirdb00cjvr10mexjmld7", "25-0000055")	100000	Kas	Johan Hariyanto	Bayar PPh21 Masa Juni	1050000	0
cmtuxirde00cnvr1034ggvosu	11 Jul 25	=HYPERLINK("http://localhost:3000/vouchers/cmtuxirdb00cjvr10mexjmld7", "25-0000055")	280000	Hutang Lain Lain	Johan Hariyanto	Bayar PPh21 Masa Juni	0	1050000
cmtuxirdi00crvr10z3z1icpl	11 Jul 25	=HYPERLINK("http://localhost:3000/vouchers/cmtuxirdg00cpvr10ujytx30b", "25-0000056")	600100	Keperluan Dapur	Ende Suhermawan	Indirasari Larasati - Entertaimen	5600000	0
cmtuxirdk00ctvr10x4sgf4af	11 Jul 25	=HYPERLINK("http://localhost:3000/vouchers/cmtuxirdg00cpvr10ujytx30b", "25-0000056")	100000	Kas	Ende Suhermawan	Indirasari Larasati - Entertaimen	6500	0
cmtuxirdo00cxvr10ykrnf6pu	11 Jul 25	=HYPERLINK("http://localhost:3000/vouchers/cmtuxirdm00cvvr10o0hv7n44", "25-0000057")	181099	Piutang Lain-lain	Johan Hariyanto	Indirasari Larasati - Entertaimen	0	5606500
cmtuxirdq00czvr100ttft02o	11 Jul 25	=HYPERLINK("http://localhost:3000/vouchers/cmtuxirdm00cvvr10o0hv7n44", "25-0000057")	100000	Kas	Johan Hariyanto	Pengembalian Deposit Mobil	3000000	0
cmtuxirdu00d3vr10ple1qojq	14 Jul 25	=HYPERLINK("http://localhost:3000/vouchers/cmtuxirds00d1vr10dh96fscw", "25-0000058")	181099	Piutang Lain-lain	Johan Hariyanto	Pengembalian Deposit Mobil	0	3000000
cmtuxirdw00d5vr10ltzyke41	14 Jul 25	=HYPERLINK("http://localhost:3000/vouchers/cmtuxirds00d1vr10dh96fscw", "25-0000058")	100000	Kas	Johan Hariyanto	Ende - Tisu	52000	0
cmtuxire100d9vr10nmkro5zd	14 Jul 25	=HYPERLINK("http://localhost:3000/vouchers/cmtuxirdy00d7vr10bx2lttrb", "25-0000059")	280000	Hutang Lain Lain	Johan Hariyanto	Ende - Tisu	0	52000
cmtuxire300dbvr10zqze2td2	14 Jul 25	=HYPERLINK("http://localhost:3000/vouchers/cmtuxirdy00d7vr10bx2lttrb", "25-0000059")	100000	Kas	Johan Hariyanto	Yumi - Rak untuk Gelas	31000	0
cmtuxire700dfvr10pyxbll0n	14 Jul 25	=HYPERLINK("http://localhost:3000/vouchers/cmtuxire500ddvr10t7npqiw5", "25-0000060")	100101	Bank BCA 4972579789	Johan Hariyanto	Yumi - Rak untuk Gelas	0	31000
cmtuxire900dhvr10yllmrrnt	14 Jul 25	=HYPERLINK("http://localhost:3000/vouchers/cmtuxire500ddvr10t7npqiw5", "25-0000060")	100000	Kas	Johan Hariyanto	Foto Eropa - Bingkai Sertifikat BPJS	23000	0
cmtuxired00dlvr10c7i9mn4m	14 Jul 25	=HYPERLINK("http://localhost:3000/vouchers/cmtuxirea00djvr10xj3peh55", "25-0000061")	720002	Beban Adm.Bank & Buku Cek/Giro	PT. Prima Mira Bersama ( BCA )	Foto Eropa - Bingkai Sertifikat BPJS	0	23000
cmtuxiref00dnvr10h9bf3tsd	14 Jul 25	=HYPERLINK("http://localhost:3000/vouchers/cmtuxirea00djvr10xj3peh55", "25-0000061")	100101	Bank BCA 4972579789	PT. Prima Mira Bersama ( BCA )	Penggantian Setoran awal rek BRI Perusahaan	1000000	0
cmtuxirej00drvr1040f79y3b	14 Jul 25	=HYPERLINK("http://localhost:3000/vouchers/cmtuxireh00dpvr10fr4qwmpv", "25-0000062")	600100	Keperluan Dapur	Johan Hariyanto	Penggantian Setoran awal rek BRI Perusahaan	0	1000000
cmtuxirel00dtvr10h64be5hw	14 Jul 25	=HYPERLINK("http://localhost:3000/vouchers/cmtuxireh00dpvr10fr4qwmpv", "25-0000062")	100000	Kas	Johan Hariyanto	Setoran Awal	2000000	0
cmtuxirep00dxvr10icr76yfr	14 Jul 25	=HYPERLINK("http://localhost:3000/vouchers/cmtuxiren00dvvr1066i5uk1c", "25-0000063")	600100	Keperluan Dapur	Johan Hariyanto	Setoran Awal	0	2000000
cmtuxirer00dzvr10sqh0tzcz	14 Jul 25	=HYPERLINK("http://localhost:3000/vouchers/cmtuxiren00dvvr1066i5uk1c", "25-0000063")	181099	Piutang Lain-lain	Johan Hariyanto	Biaya Admin Bank	25000	0
cmtuxiret00e1vr10tiaqpo0b	14 Jul 25	=HYPERLINK("http://localhost:3000/vouchers/cmtuxiren00dvvr1066i5uk1c", "25-0000063")	100000	Kas	Johan Hariyanto	Biaya Admin Bank	0	25000
cmtuxirex00e5vr10ofeg6lwv	14 Jul 25	=HYPERLINK("http://localhost:3000/vouchers/cmtuxirev00e3vr109hbfyz9m", "25-0000064")	100100	Bank BRI 0509 0100 3205 300	Michael Suryono Halim	Alfamart - Aqua	22200	0
cmtuxirez00e7vr10uhu8kase	14 Jul 25	=HYPERLINK("http://localhost:3000/vouchers/cmtuxirev00e3vr109hbfyz9m", "25-0000064")	160005	Biaya Dibayar Dimuka Notaris Michael Suyono	Michael Suryono Halim	Alfamart - Aqua	0	22200
cmtuxirf300ebvr10iz6cl0ej	15 Jul 25	=HYPERLINK("http://localhost:3000/vouchers/cmtuxirf100e9vr10dfjlzus6", "25-0000065")	181099	Piutang Lain-lain	David Karya	Goodday Capucino	25000	0
cmtuxirf500edvr10yvamofcw	15 Jul 25	=HYPERLINK("http://localhost:3000/vouchers/cmtuxirf100e9vr10dfjlzus6", "25-0000065")	720002	Beban Adm.Bank & Buku Cek/Giro	David Karya	Aqua mineral 300 Ml	50000	0
cmtuxirf800efvr10k4aunf5r	15 Jul 25	=HYPERLINK("http://localhost:3000/vouchers/cmtuxirf100e9vr10dfjlzus6", "25-0000065")	100100	Bank BRI 0509 0100 3205 300	David Karya	Goodday Capucino & Aqua Mineral 300 Ml	0	75000
cmtuxirfc00ejvr10rjpr6sag	15 Jul 25	=HYPERLINK("http://localhost:3000/vouchers/cmtuxirfa00ehvr10i0177suy", "25-0000066")	720002	Beban Adm.Bank & Buku Cek/Giro	PT. Prima Mira Bersama ( BCA )	Michael Notaris - Pembayaran PPH21	250000	0
cmtuxirfd00elvr10c56vrqld	15 Jul 25	=HYPERLINK("http://localhost:3000/vouchers/cmtuxirfa00ehvr10i0177suy", "25-0000066")	100101	Bank BCA 4972579789	PT. Prima Mira Bersama ( BCA )	Michael Notaris - Pembayaran PPH21	0	250000
cmtuxirfh00epvr105elz7nw4	16 Jul 25	=HYPERLINK("http://localhost:3000/vouchers/cmtuxirff00envr109g6eppzy", "25-0000067")	600100	Keperluan Dapur	Johan Hariyanto	David Karya - Tiket Kereta Api ke Bojonegoro	5736803	0
cmtuxirfj00ervr10cgs9yy6x	16 Jul 25	=HYPERLINK("http://localhost:3000/vouchers/cmtuxirff00envr109g6eppzy", "25-0000067")	600100	Keperluan Dapur	Johan Hariyanto	David Karya - Tiket Kereta Api ke Bojonegoro	6500	0
cmtuxirfl00etvr10s2blnihf	16 Jul 25	=HYPERLINK("http://localhost:3000/vouchers/cmtuxirff00envr109g6eppzy", "25-0000067")	181099	Piutang Lain-lain	Johan Hariyanto	David Karya - Tiket Kereta Api ke Bojonegoro	0	5743303
cmtuxirfm00evvr1078i2a2em	16 Jul 25	=HYPERLINK("http://localhost:3000/vouchers/cmtuxirff00envr109g6eppzy", "25-0000067")	181099	Piutang Lain-lain	Johan Hariyanto	Buku Cek BCA	275000	0
cmtuxirfo00exvr10g1dtbvg2	16 Jul 25	=HYPERLINK("http://localhost:3000/vouchers/cmtuxirff00envr109g6eppzy", "25-0000067")	181099	Piutang Lain-lain	Johan Hariyanto	Buku Cek BCA	0	275000
cmtuxirfq00ezvr10r4wg56xk	16 Jul 25	=HYPERLINK("http://localhost:3000/vouchers/cmtuxirff00envr109g6eppzy", "25-0000067")	100000	Kas	Johan Hariyanto	Isi Ulang Aqua	22000	0
cmtuxirfu00f3vr10a288y43l	16 Jul 25	=HYPERLINK("http://localhost:3000/vouchers/cmtuxirfs00f1vr10sdl0zy7a", "25-0000068")	100101	Bank BCA 4972579789	PT. Prima Mira Bersama ( BCA )	Goodday Capucino	25000	0
cmtuxirfw00f5vr107i3jgs8i	16 Jul 25	=HYPERLINK("http://localhost:3000/vouchers/cmtuxirfs00f1vr10sdl0zy7a", "25-0000068")	720002	Beban Adm.Bank & Buku Cek/Giro	PT. Prima Mira Bersama ( BCA )	Map Plastik	25000	0
cmtuxirfx00f7vr10lrkxi3ba	16 Jul 25	=HYPERLINK("http://localhost:3000/vouchers/cmtuxirfs00f1vr10sdl0zy7a", "25-0000068")	100100	Bank BRI 0509 0100 3205 300	PT. Prima Mira Bersama ( BCA )	Tape Cutter (tempat Solatit)	16500	0
cmtuxirg100fbvr10097npsf2	16 Jul 25	=HYPERLINK("http://localhost:3000/vouchers/cmtuxirfz00f9vr10i2goeru9", "25-0000069")	240000	Biaya Yang Masih Harus Di Bayar Pak David	David Karya	Solatip	2000	0
cmtuxirg300fdvr10v063d03d	16 Jul 25	=HYPERLINK("http://localhost:3000/vouchers/cmtuxirfz00f9vr10i2goeru9", "25-0000069")	720002	Beban Adm.Bank & Buku Cek/Giro	David Karya	Keperluan kantor dan dapur	0	90500
cmtuxirg500ffvr10zkg6k46i	16 Jul 25	=HYPERLINK("http://localhost:3000/vouchers/cmtuxirfz00f9vr10i2goeru9", "25-0000069")	100100	Bank BRI 0509 0100 3205 300	David Karya	Pindah buku dari Bank BRI ke BCA	100000000	0
cmtuxirg800fjvr10hkwbeetg	20 Jul 25	=HYPERLINK("http://localhost:3000/vouchers/cmtuxirg600fhvr10vnzv5cpg", "25-0000070")	181099	Piutang Lain-lain	Johan Hariyanto	Pindah buku dari Bank BRI ke BCA	6500	0
cmtuxirga00flvr10g8wmmk30	20 Jul 25	=HYPERLINK("http://localhost:3000/vouchers/cmtuxirg600fhvr10vnzv5cpg", "25-0000070")	181099	Piutang Lain-lain	Johan Hariyanto	Pindah buku dari Bank BRI ke BCA	0	100006500
cmtuxirgc00fnvr10vxp3ttyx	20 Jul 25	=HYPERLINK("http://localhost:3000/vouchers/cmtuxirg600fhvr10vnzv5cpg", "25-0000070")	100000	Kas	Johan Hariyanto	David karya - bayar biaya kantor	100000000	0
cmtuxirgf00frvr105kjs5m8c	21 Jul 25	=HYPERLINK("http://localhost:3000/vouchers/cmtuxirge00fpvr10dd5cpap8", "25-0000071")	600019	Beban Sewa	PT. Icon Global International	David karya - bayar biaya kantor	6500	0
cmtuxirgh00ftvr104i4dpiw3	21 Jul 25	=HYPERLINK("http://localhost:3000/vouchers/cmtuxirge00fpvr10dd5cpap8", "25-0000071")	999999	Lain Lain	PT. Icon Global International	David karya - bayar biaya kantor	0	100006500
cmtuxirgj00fvvr1011s60aw1	21 Jul 25	=HYPERLINK("http://localhost:3000/vouchers/cmtuxirge00fpvr10dd5cpap8", "25-0000071")	220003	Hutang PPh Final	PT. Icon Global International	Lomo Fotocopy - Gunting Joyko	10000	0
cmtuxirgk00fxvr10xpheqbsc	21 Jul 25	=HYPERLINK("http://localhost:3000/vouchers/cmtuxirge00fpvr10dd5cpap8", "25-0000071")	100101	Bank BCA 4972579789	PT. Icon Global International	Lomo Fotocopy - Penggaris 30 Cm	3000	0
cmtuxirgn00fzvr10clu9kg73	21 Jul 25	=HYPERLINK("http://localhost:3000/vouchers/cmtuxirge00fpvr10dd5cpap8", "25-0000071")	600026	Outsourching	PT. Icon Global International	Lomo Fotocopy - Gunting dan Penggaris 30 Cm	0	13000
cmtuxirgp00g1vr104tocosb2	21 Jul 25	=HYPERLINK("http://localhost:3000/vouchers/cmtuxirge00fpvr10dd5cpap8", "25-0000071")	220002	Hutang Pph23	PT. Icon Global International	PT. Icon Global International - Sewa Virtual Office Ruko Beryl	2252252	0
cmtuxirgq00g3vr100b6f7mi1	21 Jul 25	=HYPERLINK("http://localhost:3000/vouchers/cmtuxirge00fpvr10dd5cpap8", "25-0000071")	100101	Bank BCA 4972579789	PT. Icon Global International	PT. Icon Global International - Sewa Virtual Office Ruko Beryl	222973	0
cmtuxirgv00g7vr1013mhvcpv	21 Jul 25	=HYPERLINK("http://localhost:3000/vouchers/cmtuxirgt00g5vr102630ujnh", "25-0000072")	181099	Piutang Lain-lain	Adi Adrian	PT. Icon Global International - Sewa Virtual Office Ruko Beryl	0	225225
cmtuxirgx00g9vr10gaqvm3yz	21 Jul 25	=HYPERLINK("http://localhost:3000/vouchers/cmtuxirgt00g5vr102630ujnh", "25-0000072")	100101	Bank BCA 4972579789	Adi Adrian	PT. Icon Global International - Sewa Virtual Office Ruko Beryl	0	2250000
cmtuxirh200gdvr10lrt8kkcz	21 Jul 25	=HYPERLINK("http://localhost:3000/vouchers/cmtuxirh000gbvr106zdabtmv", "25-0000073")	181099	Piutang Lain-lain	Yohan Sofyan	PT. Icon Global International - Pengurusan PKP	1530613	0
cmtuxirh400gfvr10t6jeezsu	21 Jul 25	=HYPERLINK("http://localhost:3000/vouchers/cmtuxirh000gbvr106zdabtmv", "25-0000073")	100101	Bank BCA 4972579789	Yohan Sofyan	PT. Icon Global International - Pengurusan PKP	0	30613
cmtuxirh800gjvr109lf0nl0v	21 Jul 25	=HYPERLINK("http://localhost:3000/vouchers/cmtuxirh600ghvr10lsghy2cn", "25-0000074")	181099	Piutang Lain-lain	Johan Hariyanto	PT. Icon Global International - Pengurusan PKP	0	1500000
cmtuxirha00glvr10q3zlvle3	21 Jul 25	=HYPERLINK("http://localhost:3000/vouchers/cmtuxirh600ghvr10lsghy2cn", "25-0000074")	181099	Piutang Lain-lain	Johan Hariyanto	Adi Adrian - Kartu Nama	244818	0
cmtuxirhc00gnvr10lbnxcq3t	21 Jul 25	=HYPERLINK("http://localhost:3000/vouchers/cmtuxirh600ghvr10lsghy2cn", "25-0000074")	100101	Bank BCA 4972579789	Johan Hariyanto	Adi Adrian - Kartu Nama	0	244818
cmtuxirhg00grvr10zyelfujb	21 Jul 25	=HYPERLINK("http://localhost:3000/vouchers/cmtuxirhd00gpvr10p6qo7got", "25-0000075")	190001	Aset Tetap Inventaris Kantor	Agoes Santoso	Yohan - Penggantian Bensin untuk Operasional	500000	0
cmtuxirhh00gtvr10lp2gs0m5	21 Jul 25	=HYPERLINK("http://localhost:3000/vouchers/cmtuxirhd00gpvr10p6qo7got", "25-0000075")	100101	Bank BCA 4972579789	Agoes Santoso	Yohan - Penggantian Bensin untuk Operasional	0	500000
cmtuxirhl00gxvr10gnr2mpdw	21 Jul 25	=HYPERLINK("http://localhost:3000/vouchers/cmtuxirhj00gvvr107tx48vdp", "25-0000076")	181099	Piutang Lain-lain	Johan Hariyanto	Johan Hariyanto - Tugas ke Bali	954500	0
cmtuxirhm00gzvr10wwm4oswp	21 Jul 25	=HYPERLINK("http://localhost:3000/vouchers/cmtuxirhj00gvvr107tx48vdp", "25-0000076")	181099	Piutang Lain-lain	Johan Hariyanto	Johan Hariyanto - Bojonegoro	695000	0
cmtuxirho00h1vr106u1l1kz2	21 Jul 25	=HYPERLINK("http://localhost:3000/vouchers/cmtuxirhj00gvvr107tx48vdp", "25-0000076")	181099	Piutang Lain-lain	Johan Hariyanto	Johan Hariyanto - Penggantian Perjalanan Dinas ke bali dan Bojonegoro	0	1649500
cmtuxirhq00h3vr10z4rrc3e2	21 Jul 25	=HYPERLINK("http://localhost:3000/vouchers/cmtuxirhj00gvvr107tx48vdp", "25-0000076")	600100	Keperluan Dapur	Johan Hariyanto	Agoes Santoso - Vertikal Blind	4500000	0
cmtuxirhr00h5vr10dhju9t52	21 Jul 25	=HYPERLINK("http://localhost:3000/vouchers/cmtuxirhj00gvvr107tx48vdp", "25-0000076")	100000	Kas	Johan Hariyanto	Agoes Santoso - Vertikal Blind	0	4500000
cmtuxirhv00h9vr1051mza252	24 Jul 25	=HYPERLINK("http://localhost:3000/vouchers/cmtuxirht00h7vr101jqeo712", "25-0000077")	600100	Keperluan Dapur	Johan Hariyanto	Kamper de Huzz	15000	0
cmtuxirhx00hbvr1025sa2vrv	24 Jul 25	=HYPERLINK("http://localhost:3000/vouchers/cmtuxirht00h7vr101jqeo712", "25-0000077")	600100	Keperluan Dapur	Johan Hariyanto	Pengharum Ruangan Dahlia Cendana	13000	0
cmtuxirhz00hdvr10n4hcj6o5	24 Jul 25	=HYPERLINK("http://localhost:3000/vouchers/cmtuxirht00h7vr101jqeo712", "25-0000077")	100000	Kas	Johan Hariyanto	Karbol Clean N Brite	30000	0
cmtuxiri300hhvr10mxe6kxk6	25 Jul 25	=HYPERLINK("http://localhost:3000/vouchers/cmtuxiri100hfvr10z3gfuogs", "25-0000078")	100100	Bank BRI 0509 0100 3205 300	PT. Prima Mira Bersama ( BRI )	Susu Sachet Cap Enak	10000	0
cmtuxiri500hjvr1018i78bni	25 Jul 25	=HYPERLINK("http://localhost:3000/vouchers/cmtuxiri100hfvr10z3gfuogs", "25-0000078")	710001	Pendapatan Jasa Giro	PT. Prima Mira Bersama ( BRI )	Pembelian alat perlengkapan kantor dan keperluan dapur	0	68000
cmtuxiri600hlvr108hmq2ck9	25 Jul 25	=HYPERLINK("http://localhost:3000/vouchers/cmtuxiri100hfvr10z3gfuogs", "25-0000078")	720003	Pajak Jasa Giro	PT. Prima Mira Bersama ( BRI )	Aqua mineral 300 Ml	50000	0
cmtuxiri800hnvr10l2bk1gph	25 Jul 25	=HYPERLINK("http://localhost:3000/vouchers/cmtuxiri100hfvr10z3gfuogs", "25-0000078")	100100	Bank BRI 0509 0100 3205 300	PT. Prima Mira Bersama ( BRI )	Isi Ulang Aqua	22000	0
cmtuxiria00hpvr10e9q5gmmi	25 Jul 25	=HYPERLINK("http://localhost:3000/vouchers/cmtuxiri100hfvr10z3gfuogs", "25-0000078")	720002	Beban Adm.Bank & Buku Cek/Giro	PT. Prima Mira Bersama ( BRI )	Pembelian alat perlengkapan kantor dan keperluan dapur	0	72000
cmtuxiric00hrvr1022w4z4su	25 Jul 25	=HYPERLINK("http://localhost:3000/vouchers/cmtuxiri100hfvr10z3gfuogs", "25-0000078")	100100	Bank BRI 0509 0100 3205 300	PT. Prima Mira Bersama ( BRI )	Interest Account Bank BRI	80573	0
cmtuxirig00hvvr10xnib78xr	27 Jul 25	=HYPERLINK("http://localhost:3000/vouchers/cmtuxirie00htvr10tmwvjgfw", "25-0000079")	600100	Keperluan Dapur	Johan Hariyanto	Interest Account Bank BRI	0	80573
cmtuxirih00hxvr10rxhndhma	27 Jul 25	=HYPERLINK("http://localhost:3000/vouchers/cmtuxirie00htvr10tmwvjgfw", "25-0000079")	181099	Piutang Lain-lain	Johan Hariyanto	Tax Bunga Jasa Giro Bank BRI	16115	0
cmtuxirij00hzvr10p6q5l3s1	27 Jul 25	=HYPERLINK("http://localhost:3000/vouchers/cmtuxirie00htvr10tmwvjgfw", "25-0000079")	100000	Kas	Johan Hariyanto	Tax Bunga Jasa Giro Bank BRI	0	16115
cmtuxirin00i3vr108n485kjs	28 Jul 25	=HYPERLINK("http://localhost:3000/vouchers/cmtuxiril00i1vr10p8em6pxn", "25-0000080")	190000	Aktiva Kendaraan	PT. Dipo Internasional Pahala Otomotif	Monthly fee ATM	5000	0
cmtuxirip00i5vr10ki3874kc	28 Jul 25	=HYPERLINK("http://localhost:3000/vouchers/cmtuxiril00i1vr10p8em6pxn", "25-0000080")	181099	Piutang Lain-lain	PT. Dipo Internasional Pahala Otomotif	Monthly fee ATM	0	5000
cmtuxiris00i9vr10ksu5pz0y	29 Jul 25	=HYPERLINK("http://localhost:3000/vouchers/cmtuxiriq00i7vr10t0o2l2m0", "25-0000081")	181099	Piutang Lain-lain	Johan Hariyanto	Isi Ulang Aqua	22000	0
cmtuxiriu00ibvr1058kojcck	29 Jul 25	=HYPERLINK("http://localhost:3000/vouchers/cmtuxiriq00i7vr10t0o2l2m0", "25-0000081")	100000	Kas	Johan Hariyanto	Rim Kertas A4	45000	0
cmtuxiriy00ifvr10t56mmbky	29 Jul 25	=HYPERLINK("http://localhost:3000/vouchers/cmtuxiriw00idvr10lsaw2qni", "25-0000082")	181099	Piutang Lain-lain	Johan Hariyanto	Pembelian alat perlengkapan kantor dan keperluan dapur	0	67000
cmtuxirj000ihvr10uioe70nc	29 Jul 25	=HYPERLINK("http://localhost:3000/vouchers/cmtuxiriw00idvr10lsaw2qni", "25-0000082")	181099	Piutang Lain-lain	Johan Hariyanto	Pembelian Mobil L300 PU FB-R (4x2) M/T (DR20/DR23) Warna Hitam	220000000	0
cmtuxirj100ijvr103gv4oyjd	29 Jul 25	=HYPERLINK("http://localhost:3000/vouchers/cmtuxiriw00idvr10lsaw2qni", "25-0000082")	100101	Bank BCA 4972579789	Johan Hariyanto	Pembelian Mobil L300 PU FB-R (4x2) M/T (DR20/DR23) Warna Hitam	0	220000000
cmtuxirj500invr104or3i164	31 Jul 25	=HYPERLINK("http://localhost:3000/vouchers/cmtuxirj300ilvr10cdzfhdg0", "25-0000083")	100101	Bank BCA 4972579789	PT. Prima Mira Bersama ( BCA )	Stiker Kaca lantai 1	647700	0
cmtuxirj700ipvr10ipwi8g8z	31 Jul 25	=HYPERLINK("http://localhost:3000/vouchers/cmtuxirj300ilvr10cdzfhdg0", "25-0000083")	111000	Piutang Pemegang Saham PT Prima Intra Tehnology	PT. Prima Mira Bersama ( BCA )	Stiker Kaca lantai 1	0	647700
cmtuxirjb00itvr10cres75k8	31 Jul 25	=HYPERLINK("http://localhost:3000/vouchers/cmtuxirj900irvr10nn3w8406", "25-0000084")	600001	Beban Gaji	PT. Prima Mira Bersama ( BCA )	Johan Hariyanto - Perjalanan Dinas ke Makasar	708000	0
cmtuxirjd00ivvr10jsnp5lfd	31 Jul 25	=HYPERLINK("http://localhost:3000/vouchers/cmtuxirj900irvr10nn3w8406", "25-0000084")	100101	Bank BCA 4972579789	PT. Prima Mira Bersama ( BCA )	Johan Hariyanto - Solar	200000	0
cmtuxirjh00izvr103yxuyy7v	31 Jul 25	=HYPERLINK("http://localhost:3000/vouchers/cmtuxirjf00ixvr10qjyovohu", "25-0000085")	600017	Beban Pajak	PT. Prima Mira Bersama ( BCA )	Johan Hariyanto - Perjalanan Dinas ke makasar dan pembelian Solar	0	908000
cmtuxirjj00j1vr104gnnpcrn	31 Jul 25	=HYPERLINK("http://localhost:3000/vouchers/cmtuxirjf00ixvr10qjyovohu", "25-0000085")	220001	Hutang Pph21	PT. Prima Mira Bersama ( BCA )	Darell Karya - Setoran Modal	200000000	0
cmtuxirjn00j5vr10qcac899t	31 Jul 25	=HYPERLINK("http://localhost:3000/vouchers/cmtuxirjk00j3vr10gqfcfojw", "25-0000086")	600027	Beban Tenaga Lepas (Individu)	Verlin	Darell Karya - Setoran Modal	0	200000000
cmtuxirjo00j7vr10p0rd0k47	31 Jul 25	=HYPERLINK("http://localhost:3000/vouchers/cmtuxirjk00j3vr10gqfcfojw", "25-0000086")	220001	Hutang Pph21	Verlin	Gaji+Tunjangan bulan Juli	37450000	0
cmtuxirjq00j9vr10qq88u2lx	31 Jul 25	=HYPERLINK("http://localhost:3000/vouchers/cmtuxirjk00j3vr10gqfcfojw", "25-0000086")	100101	Bank BCA 4972579789	Verlin	Gaji+Tunjangan bulan Juli	0	37450000
cmtuxirjt00jdvr106p5hw1dy	31 Jul 25	=HYPERLINK("http://localhost:3000/vouchers/cmtuxirjs00jbvr10l1fkcz47", "25-0000087")	600100	Keperluan Dapur	Johan Hariyanto	Verlin - Freelance - Bulan Juli 2025	800000	0
cmtuxirjv00jfvr10tcpf24ro	31 Jul 25	=HYPERLINK("http://localhost:3000/vouchers/cmtuxirjs00jbvr10l1fkcz47", "25-0000087")	600100	Keperluan Dapur	Johan Hariyanto	Verlin - Freelance - Bulan Juli 2025	0	800000
cmtuxirjx00jhvr10ouh2mjr5	31 Jul 25	=HYPERLINK("http://localhost:3000/vouchers/cmtuxirjs00jbvr10l1fkcz47", "25-0000087")	600100	Keperluan Dapur	Johan Hariyanto	Verlin - Freelance - Bulan Juli 2025	4130500	0
cmtuxirjz00jjvr10xextkmcc	31 Jul 25	=HYPERLINK("http://localhost:3000/vouchers/cmtuxirjs00jbvr10l1fkcz47", "25-0000087")	600100	Keperluan Dapur	Johan Hariyanto	Hypermart Villa Melati - Cling Citrus Pch 400	0	103262
cmtuxirk100jlvr10yzdjg73j	31 Jul 25	=HYPERLINK("http://localhost:3000/vouchers/cmtuxirjs00jbvr10l1fkcz47", "25-0000087")	600100	Keperluan Dapur	Johan Hariyanto	Hypermart Villa Melati - Soklin FC CG 700 M	0	4027238
cmtuxirk300jnvr10najyp6cv	31 Jul 25	=HYPERLINK("http://localhost:3000/vouchers/cmtuxirjs00jbvr10l1fkcz47", "25-0000087")	181099	Piutang Lain-lain	Johan Hariyanto	Hypermart Villa Melati - Soklin FC CG 700 M	4220	0
cmtuxirk400jpvr10k7ibcpn1	31 Jul 25	=HYPERLINK("http://localhost:3000/vouchers/cmtuxirjs00jbvr10l1fkcz47", "25-0000087")	100000	Kas	Johan Hariyanto	Hypermart Villa Melati - Supersol Sereh 750ML	10790	0
cmtuxirk900jtvr10olm0hy3z	31 Jul 25	=HYPERLINK("http://localhost:3000/vouchers/cmtuxirk600jrvr10hcb69wyn", "25-0000088")	600015	Beban Perjalanan Dinas	PT. Visi Citrawisata	Hypermart Villa Melati - Pledge Liq LMN 410ML	10790	0
cmtuxirka00jvvr10atzk76if	31 Jul 25	=HYPERLINK("http://localhost:3000/vouchers/cmtuxirk600jrvr10hcb69wyn", "25-0000088")	600026	Outsourching	PT. Visi Citrawisata	Hypermart Villa Melati - Kenko Plakban OPP BE	16490	0
cmtuxirkc00jxvr10jdg4zwo6	31 Jul 25	=HYPERLINK("http://localhost:3000/vouchers/cmtuxirk600jrvr10hcb69wyn", "25-0000088")	600017	Beban Pajak	PT. Visi Citrawisata	Hypermart Villa Melati - Kenko Plakban OPP BE	23990	0
cmtuxirke00jzvr10tb044lyp	31 Jul 25	=HYPERLINK("http://localhost:3000/vouchers/cmtuxirk600jrvr10hcb69wyn", "25-0000088")	220002	Hutang Pph23	PT. Visi Citrawisata	Visi Cita Wisata - Pembuatan Visa Darell ke China	19990	0
cmtuxirkg00k1vr10k709lej8	31 Jul 25	=HYPERLINK("http://localhost:3000/vouchers/cmtuxirk600jrvr10hcb69wyn", "25-0000088")	100101	Bank BCA 4972579789	PT. Visi Citrawisata	Visi Cita Wisata - Pembuatan Visa Darell ke China	0	86270
cmtuxirkk00k5vr10jl48vj15	31 Jul 25	=HYPERLINK("http://localhost:3000/vouchers/cmtuxirki00k3vr10ytdtd9h7", "25-0000089")	720002	Beban Adm.Bank & Buku Cek/Giro	PT. Prima Mira Bersama ( BCA )	Visi Cita Wisata - Pembuatan Visa Darell ke China	762000	0
cmtuxirkl00k7vr10puwrh1o8	31 Jul 25	=HYPERLINK("http://localhost:3000/vouchers/cmtuxirki00k3vr10ytdtd9h7", "25-0000089")	100101	Bank BCA 4972579789	PT. Prima Mira Bersama ( BCA )	Visi Cita Wisata - Pembuatan Visa Darell ke China	318018	0
cmtuxirkp00kbvr10g0f6ceq3	31 Jul 25	=HYPERLINK("http://localhost:3000/vouchers/cmtuxirkn00k9vr10cqre9qb0", "25-0000090")	600019	Beban Sewa	Darell Karya	Visi Cita Wisata - Pembuatan Visa Darell ke China	34982	0
cmtuxirkr00kdvr10lpjpu4sj	31 Jul 25	=HYPERLINK("http://localhost:3000/vouchers/cmtuxirkn00k9vr10cqre9qb0", "25-0000090")	160002	Biaya Sewa dibayar di Muka	Darell Karya	Biaya Adm Bank BCA	0	6360
cmtuxirkv00khvr10y8oc7f05	01 Aug 25	=HYPERLINK("http://localhost:3000/vouchers/cmtuxirkt00kfvr105tdwmo23", "25-0000091")	600018	Beban Materai	Johan Hariyanto	Biaya Adm Bank BCA	0	1108640
cmtuxirkx00kjvr10lu2sabqv	01 Aug 25	=HYPERLINK("http://localhost:3000/vouchers/cmtuxirkt00kfvr105tdwmo23", "25-0000091")	100000	Kas	Johan Hariyanto	Darrel Karya - Biaya Sewa Kantor Bulan Juli 2025	30000	0
cmtuxirl100knvr10bko5136f	01 Aug 25	=HYPERLINK("http://localhost:3000/vouchers/cmtuxirky00klvr10ngk4gq33", "25-0000092")	181099	Piutang Lain-lain	David Karya	Darrel Karya - Biaya Sewa Kantor Bulan Juli 2025	0	30000
cmtuxirl300kpvr10l9mm265c	01 Aug 25	=HYPERLINK("http://localhost:3000/vouchers/cmtuxirky00klvr10ngk4gq33", "25-0000092")	100101	Bank BCA 4972579789	David Karya	Beban Pajak Pegawai bulan Juli 2025	4166666	0
cmtuxirl700ktvr10k7guu33w	03 Aug 25	=HYPERLINK("http://localhost:3000/vouchers/cmtuxirl500krvr10ai4weeix", "25-0000093")	181099	Piutang Lain-lain	Johan Hariyanto	Beban Pajak Pegawai bulan Juli 2025	0	4166666
cmtuxirl900kvvr10ztk101zl	03 Aug 25	=HYPERLINK("http://localhost:3000/vouchers/cmtuxirl500krvr10ai4weeix", "25-0000093")	100000	Kas	Johan Hariyanto	Alfamart - Materai untuk Surat Kuasa Pengurusan STNK Mitsubishi L300	11500	0
cmtuxirld00kzvr10wg637qbv	03 Aug 25	=HYPERLINK("http://localhost:3000/vouchers/cmtuxirlb00kxvr10yuqi17qo", "25-0000094")	181099	Piutang Lain-lain	Johan Hariyanto	Alfamart - Materai untuk Surat Kuasa Pengurusan STNK Mitsubishi L300	0	11500
cmtuxirlf00l1vr106rbt3gdh	03 Aug 25	=HYPERLINK("http://localhost:3000/vouchers/cmtuxirlb00kxvr10yuqi17qo", "25-0000094")	100000	Kas	Johan Hariyanto	Common Grounds - Entertaimen dengan fery,Anis	425700	0
cmtuxirli00l5vr101kv61f7d	04 Aug 25	=HYPERLINK("http://localhost:3000/vouchers/cmtuxirlg00l3vr108lh20ux7", "25-0000095")	111000	Piutang Pemegang Saham PT Prima Intra Tehnology	Darell Karya	Common Grounds - Entertaimen dengan fery,Anis	0	425700
cmtuxirlk00l7vr10ugtogvwv	04 Aug 25	=HYPERLINK("http://localhost:3000/vouchers/cmtuxirlg00l3vr108lh20ux7", "25-0000095")	100101	Bank BCA 4972579789	Darell Karya	Homera - Pembelian Amplop Coklat	10000	0
cmtuxirlo00lbvr10pids020q	04 Aug 25	=HYPERLINK("http://localhost:3000/vouchers/cmtuxirlm00l9vr103ji130oo", "25-0000096")	100101	Bank BCA 4972579789	PT. Prima Mira Bersama ( BCA )	Homera - Pembelian Amplop Coklat	0	10000
cmtuxirlq00ldvr108ublbuoq	04 Aug 25	=HYPERLINK("http://localhost:3000/vouchers/cmtuxirlm00l9vr103ji130oo", "25-0000096")	111000	Piutang Pemegang Saham PT Prima Intra Tehnology	PT. Prima Mira Bersama ( BCA )	Duplikat Kunci Lantai 1	15000	0
cmtuxirlt00lhvr1058ls8rq4	04 Aug 25	=HYPERLINK("http://localhost:3000/vouchers/cmtuxirlr00lfvr10vjwzjdwo", "25-0000097")	600100	Keperluan Dapur	Johan Hariyanto	Duplikat Kunci Lantai 1	0	15000
cmtuxirlv00ljvr10vaj3vilb	04 Aug 25	=HYPERLINK("http://localhost:3000/vouchers/cmtuxirlr00lfvr10vjwzjdwo", "25-0000097")	600100	Keperluan Dapur	Johan Hariyanto	Darell Karya - Internet	527250	0
cmtuxirlx00llvr102jvtf2hz	04 Aug 25	=HYPERLINK("http://localhost:3000/vouchers/cmtuxirlr00lfvr10vjwzjdwo", "25-0000097")	100000	Kas	Johan Hariyanto	Darell Karya - Internet	0	527250
cmtuxirm100lpvr10zsrcn6oc	05 Aug 25	=HYPERLINK("http://localhost:3000/vouchers/cmtuxirlz00lnvr10ef7fig4w", "25-0000098")	220001	Hutang Pph21	PT. Prima Mira Bersama ( BCA )	Darell Karya - Internet	527250	0
cmtuxirm300lrvr108dsnsht6	05 Aug 25	=HYPERLINK("http://localhost:3000/vouchers/cmtuxirlz00lnvr10ef7fig4w", "25-0000098")	999999	Lain Lain	PT. Prima Mira Bersama ( BCA )	Darell Karya - Internet	0	527250
cmtuxirm500ltvr10fm804zd1	05 Aug 25	=HYPERLINK("http://localhost:3000/vouchers/cmtuxirlz00lnvr10ef7fig4w", "25-0000098")	100100	Bank BRI 0509 0100 3205 300	PT. Prima Mira Bersama ( BCA )	Refill Agua Galon	22000	0
cmtuxirm900lxvr10fel5fjt0	05 Aug 25	=HYPERLINK("http://localhost:3000/vouchers/cmtuxirm700lvvr10tm9jeogt", "25-0000099")	600008	Beban Tunjangan BPJS Tenaga Kerja	BPJS Ketenagakerjaan	1 Dus Aqua botol 300 Ml untuk Tamu	50000	0
cmtuxirma00lzvr10o0r3odry	05 Aug 25	=HYPERLINK("http://localhost:3000/vouchers/cmtuxirm700lvvr10tm9jeogt", "25-0000099")	600009	Beban Asuransi Karyawan	BPJS Ketenagakerjaan	Aqua Galon dan dus	0	72000
cmtuxirmc00m1vr10suxf1cqs	05 Aug 25	=HYPERLINK("http://localhost:3000/vouchers/cmtuxirm700lvvr10tm9jeogt", "25-0000099")	100100	Bank BRI 0509 0100 3205 300	BPJS Ketenagakerjaan	Pembayaran Pajak PPh21 Bulan Juli 2025	903262	0
cmtuxirmh00m5vr10m02gxde0	05 Aug 25	=HYPERLINK("http://localhost:3000/vouchers/cmtuxirme00m3vr10snuv3fil", "25-0000100")	600100	Keperluan Dapur	Johan Hariyanto	Pembayaran Pajak PPh21 Bulan Juli 2025	1	0
cmtuxirmi00m7vr10l0q2a487	05 Aug 25	=HYPERLINK("http://localhost:3000/vouchers/cmtuxirme00m3vr10snuv3fil", "25-0000100")	100000	Kas	Johan Hariyanto	Pembayaran Pajak PPh21 Bulan Juli 2025	0	903263
cmtuxirmm00mbvr10sgmlpyoo	06 Aug 25	=HYPERLINK("http://localhost:3000/vouchers/cmtuxirmk00m9vr103z8em9zj", "25-0000101")	220002	Hutang Pph23	Direktorat Jenderal Pajak	Iuran BPJS Bulan Agustus 2025	1441600	0
cmtuxirmn00mdvr10eb968gpf	06 Aug 25	=HYPERLINK("http://localhost:3000/vouchers/cmtuxirmk00m9vr103z8em9zj", "25-0000101")	100100	Bank BRI 0509 0100 3205 300	Direktorat Jenderal Pajak	Iuran BPJS Bulan Agustus 2025	680000	0
cmtuxirmr00mfvr10nmz7oz61	06 Aug 25	=HYPERLINK("http://localhost:3000/vouchers/cmtuxirmk00m9vr103z8em9zj", "25-0000101")	999999	Lain Lain	Direktorat Jenderal Pajak	Iuran BPJS Bulan Agustus 2025	0	2121600
cmtuxirmv00mjvr10l1mumhrb	06 Aug 25	=HYPERLINK("http://localhost:3000/vouchers/cmtuxirms00mhvr10uvp3laqh", "25-0000102")	100000	Kas	PT. Prima Mira Bersama ( BCA )	Refill Agua Galon	22000	0
cmtuxirmx00mlvr10u7ay9fjc	06 Aug 25	=HYPERLINK("http://localhost:3000/vouchers/cmtuxirms00mhvr10uvp3laqh", "25-0000102")	100101	Bank BCA 4972579789	PT. Prima Mira Bersama ( BCA )	Aqua Galon dan dus	0	22000
cmtuxirn100mpvr10kh1zjhzj	06 Aug 25	=HYPERLINK("http://localhost:3000/vouchers/cmtuxirmz00mnvr10rb1efawf", "25-0000103")	220002	Hutang Pph23	Direktorat Jenderal Pajak	Bayar pajak pengurusan pkp	30613	0
cmtuxirn300mrvr10ve3xkbnn	06 Aug 25	=HYPERLINK("http://localhost:3000/vouchers/cmtuxirmz00mnvr10rb1efawf", "25-0000103")	100100	Bank BRI 0509 0100 3205 300	Direktorat Jenderal Pajak	Bayar pajak pengurusan pkp	0	30612
cmtuxirn700mvvr10sez7t2ls	06 Aug 25	=HYPERLINK("http://localhost:3000/vouchers/cmtuxirn500mtvr104c7n9ulx", "25-0000104")	220003	Hutang PPh Final	Direktorat Jenderal Pajak	Bayar pajak pengurusan pkp	0	1
cmtuxirn900mxvr10dc1520md	06 Aug 25	=HYPERLINK("http://localhost:3000/vouchers/cmtuxirn500mtvr104c7n9ulx", "25-0000104")	100101	Bank BCA 4972579789	Direktorat Jenderal Pajak	Pengisian Kas	1003470	0
cmtuxirnc00n1vr10kaluh3mq	11 Aug 25	=HYPERLINK("http://localhost:3000/vouchers/cmtuxirnb00mzvr10tiygb8ec", "25-0000105")	181099	Piutang Lain-lain	Johan Hariyanto	Pengisian Kas	0	1003470
cmtuxirne00n3vr1049qx94x6	11 Aug 25	=HYPERLINK("http://localhost:3000/vouchers/cmtuxirnb00mzvr10tiygb8ec", "25-0000105")	100000	Kas	Johan Hariyanto	Bayar pajak pengurusan Dokumen Darell ke China	6360	0
cmtuxirni00n7vr100l15yxxx	13 Aug 25	=HYPERLINK("http://localhost:3000/vouchers/cmtuxirng00n5vr1063r3xka7", "25-0000106")	600100	Keperluan Dapur	Johan Hariyanto	Bayar pajak pengurusan Dokumen Darell ke China	0	6360
cmtuxirnk00n9vr10fxwqtynt	13 Aug 25	=HYPERLINK("http://localhost:3000/vouchers/cmtuxirng00n5vr1063r3xka7", "25-0000106")	100000	Kas	Johan Hariyanto	Bayar pajak Sewa VO	250000	0
cmtuxirnn00ndvr104mh51e4j	13 Aug 25	=HYPERLINK("http://localhost:3000/vouchers/cmtuxirnm00nbvr104amyvq98", "25-0000107")	181099	Piutang Lain-lain	Johan Hariyanto	Bayar pajak Sewa VO	0	250000
cmtuxirnp00nfvr108jon7jqn	13 Aug 25	=HYPERLINK("http://localhost:3000/vouchers/cmtuxirnm00nbvr104amyvq98", "25-0000107")	100000	Kas	Johan Hariyanto	Bikin Stempel untuk pengurusan PPN	70000	0
cmtuxirnt00njvr10tnie2s3u	13 Aug 25	=HYPERLINK("http://localhost:3000/vouchers/cmtuxirnr00nhvr10rvr6u35f", "25-0000108")	181099	Piutang Lain-lain	Johan Hariyanto	Bikin Stempel untuk pengurusan PPN	0	70000
cmtuxirnv00nlvr109rkkc0h4	13 Aug 25	=HYPERLINK("http://localhost:3000/vouchers/cmtuxirnr00nhvr10rvr6u35f", "25-0000108")	100000	Kas	Johan Hariyanto	Isi Ulang Aqua	21000	0
cmtuxirny00npvr10k66pye47	13 Aug 25	=HYPERLINK("http://localhost:3000/vouchers/cmtuxirnx00nnvr10hpjirab1", "25-0000109")	600100	Keperluan Dapur	Johan Hariyanto	Isi Ulang Aqua	0	21000
cmtuxiro000nrvr10jj40ajxr	13 Aug 25	=HYPERLINK("http://localhost:3000/vouchers/cmtuxirnx00nnvr10hpjirab1", "25-0000109")	100000	Kas	Johan Hariyanto	Parkir di BCA Ambil Buku Giro	4000	0
cmtuxiro400nvvr10xfa05kii	13 Aug 25	=HYPERLINK("http://localhost:3000/vouchers/cmtuxiro200ntvr10fn8je7y7", "25-0000110")	181099	Piutang Lain-lain	Johan Hariyanto	Parkir di BCA Ambil Buku Giro	0	4000
cmtuxiro600nxvr104ybt87sz	13 Aug 25	=HYPERLINK("http://localhost:3000/vouchers/cmtuxiro200ntvr10fn8je7y7", "25-0000110")	100000	Kas	Johan Hariyanto	Parkir Liar dikantor Pajak Tiga Raksa urus PPN	5000	0
cmtuxiro900o1vr109buybaen	14 Aug 25	=HYPERLINK("http://localhost:3000/vouchers/cmtuxiro700nzvr10g1d2llrl", "25-0000111")	181099	Piutang Lain-lain	Johan Hariyanto	Parkir Liar dikantor Pajak Tiga Raksa urus PPN	0	5000
cmtuxirob00o3vr1048hywy21	14 Aug 25	=HYPERLINK("http://localhost:3000/vouchers/cmtuxiro700nzvr10g1d2llrl", "25-0000111")	100000	Kas	Johan Hariyanto	Alfamart beli Kopi	19900	0
cmtuxirof00o7vr102dzs7tgv	14 Aug 25	=HYPERLINK("http://localhost:3000/vouchers/cmtuxirod00o5vr10r3rvf8pm", "25-0000112")	600100	Keperluan Dapur	Johan Hariyanto	Alfamart beli Kopi	0	19900
cmtuxirog00o9vr10xhctyal9	14 Aug 25	=HYPERLINK("http://localhost:3000/vouchers/cmtuxirod00o5vr10r3rvf8pm", "25-0000112")	100000	Kas	Johan Hariyanto	Tanaman Hias	28000	0
cmtuxirok00odvr10g21eoicg	14 Aug 25	=HYPERLINK("http://localhost:3000/vouchers/cmtuxiroi00obvr1088k7jlz0", "25-0000113")	181099	Piutang Lain-lain	Rizky Yustisiawan Sitanggang	Tanaman Hias	0	28000
cmtuxirol00ofvr10kxxd3qi1	14 Aug 25	=HYPERLINK("http://localhost:3000/vouchers/cmtuxiroi00obvr1088k7jlz0", "25-0000113")	100000	Kas	Rizky Yustisiawan Sitanggang	Parkir di Informa Qbig cari kursi	5000	0
cmtuxiroq00ojvr10u54txo3a	14 Aug 25	=HYPERLINK("http://localhost:3000/vouchers/cmtuxiroo00ohvr10q3602e9d", "25-0000114")	180000	Pinjaman Karyawan Johan Hariyanto	Johan Hariyanto	Parkir di Informa Qbig cari kursi	0	5000
cmtuxiros00olvr10t70s5042	14 Aug 25	=HYPERLINK("http://localhost:3000/vouchers/cmtuxiroo00ohvr10q3602e9d", "25-0000114")	100101	Bank BCA 4972579789	Johan Hariyanto	Refill Aqua Galon	21000	0
cmtuxirov00opvr10rvcg3jyf	18 Aug 25	=HYPERLINK("http://localhost:3000/vouchers/cmtuxirot00onvr109mjlia91", "25-0000115")	181099	Piutang Lain-lain	Johan Hariyanto	Refill Aqua Galon	0	21000
cmtuxirox00orvr10f4v45ocv	18 Aug 25	=HYPERLINK("http://localhost:3000/vouchers/cmtuxirot00onvr109mjlia91", "25-0000115")	100101	Bank BCA 4972579789	Johan Hariyanto	Risky - Pertamina 34-15305 isi pertalite - Jemput Darell	200000	0
cmtuxirp200ovvr10dh8icdro	18 Aug 25	=HYPERLINK("http://localhost:3000/vouchers/cmtuxirp000otvr10o1dy2cvx", "25-0000116")	600027	Beban Tenaga Lepas (Individu)	Verlin	Risky - Pertamina 34-15305 isi pertalite - Jemput Darell	0	200000
cmtuxirp300oxvr10dov5d53h	18 Aug 25	=HYPERLINK("http://localhost:3000/vouchers/cmtuxirp000otvr10o1dy2cvx", "25-0000116")	220001	Hutang Pph21	Verlin	Pinjaman Karyawan	200000000	0
cmtuxirp500ozvr10ctei0ant	18 Aug 25	=HYPERLINK("http://localhost:3000/vouchers/cmtuxirp000otvr10o1dy2cvx", "25-0000116")	100101	Bank BCA 4972579789	Verlin	Pinjaman Karyawan	0	200000000
cmtuxirp900p3vr107z9tgkri	19 Aug 25	=HYPERLINK("http://localhost:3000/vouchers/cmtuxirp700p1vr102lic2lyl", "25-0000117")	600018	Beban Materai	Johan Hariyanto	Perjalanan Dinas ke semarang	2922000	0
cmtuxirpa00p5vr10mdben8bk	19 Aug 25	=HYPERLINK("http://localhost:3000/vouchers/cmtuxirp700p1vr102lic2lyl", "25-0000117")	100000	Kas	Johan Hariyanto	Perjalanan Dinas ke semarang	0	2922000
cmtuxirpe00p9vr107ncg98ox	19 Aug 25	=HYPERLINK("http://localhost:3000/vouchers/cmtuxirpc00p7vr10kbsb9c28", "25-0000118")	181099	Piutang Lain-lain	Johan Hariyanto	Outsourching periode Agustus 2025	2500000	0
cmtuxirpg00pbvr10ng17b8g1	19 Aug 25	=HYPERLINK("http://localhost:3000/vouchers/cmtuxirpc00p7vr10kbsb9c28", "25-0000118")	100000	Kas	Johan Hariyanto	Outsourching periode Agustus 2025	0	62500
cmtuxirpk00pfvr10jr0wz7hz	19 Aug 25	=HYPERLINK("http://localhost:3000/vouchers/cmtuxirpi00pdvr100gu3fkyf", "25-0000119")	181099	Piutang Lain-lain	Johan Hariyanto	Outsourching periode Agustus 2025	0	2437500
cmtuxirpm00phvr100uttqmav	19 Aug 25	=HYPERLINK("http://localhost:3000/vouchers/cmtuxirpi00pdvr100gu3fkyf", "25-0000119")	100000	Kas	Johan Hariyanto	Alfamart - Materai untuk Surat Kuasa Pengurusan STNK Mitsubishi L300	34500	0
cmtuxirpq00plvr10opcs4ih0	19 Aug 25	=HYPERLINK("http://localhost:3000/vouchers/cmtuxirpo00pjvr10n2o86agj", "25-0000120")	190002	Aset Tetap Furniture	Yohan Sofyan	Alfamart - Materai untuk Surat Kuasa Pengurusan STNK Mitsubishi L300	0	34500
cmtuxirps00pnvr10qekokc5m	19 Aug 25	=HYPERLINK("http://localhost:3000/vouchers/cmtuxirpo00pjvr10n2o86agj", "25-0000120")	100101	Bank BCA 4972579789	Yohan Sofyan	Toll ke homedenki untuk cari kursi kantor	40000	0
cmtuxirpw00prvr10fhlau0ie	20 Aug 25	=HYPERLINK("http://localhost:3000/vouchers/cmtuxirpu00ppvr10cqioo7w4", "25-0000121")	600100	Keperluan Dapur	Johan Hariyanto	Toll ke homedenki untuk cari kursi kantor	0	40000
cmtuxirpy00ptvr107eqvp0ho	20 Aug 25	=HYPERLINK("http://localhost:3000/vouchers/cmtuxirpu00ppvr10cqioo7w4", "25-0000121")	600100	Keperluan Dapur	Johan Hariyanto	Parkir di Qbig BSD City beli kursi kantor di Informa	10000	0
cmtuxirpz00pvvr10tmswtc2x	20 Aug 25	=HYPERLINK("http://localhost:3000/vouchers/cmtuxirpu00ppvr10cqioo7w4", "25-0000121")	600100	Keperluan Dapur	Johan Hariyanto	Parkir di Qbig BSD City beli kursi kantor di Informa	0	10000
cmtuxirq100pxvr101wnmsw2e	20 Aug 25	=HYPERLINK("http://localhost:3000/vouchers/cmtuxirpu00ppvr10cqioo7w4", "25-0000121")	181099	Piutang Lain-lain	Johan Hariyanto	Informa Qbig - Kursi Kantor	1306000	0
cmtuxirq300pzvr10wh3xeh9a	20 Aug 25	=HYPERLINK("http://localhost:3000/vouchers/cmtuxirpu00ppvr10cqioo7w4", "25-0000121")	100000	Kas	Johan Hariyanto	Informa Qbig - Kursi Kantor	0	1306000
cmtuxirq700q3vr10c0gao84q	20 Aug 25	=HYPERLINK("http://localhost:3000/vouchers/cmtuxirq500q1vr10902v69re", "25-0000122")	181099	Piutang Lain-lain	Johan Hariyanto	Aqua 300Ml	50000	0
cmtuxirq800q5vr10wvm4l271	20 Aug 25	=HYPERLINK("http://localhost:3000/vouchers/cmtuxirq500q1vr10902v69re", "25-0000122")	181099	Piutang Lain-lain	Johan Hariyanto	Kopi Goodday Capucino	25000	0
cmtuxirqa00q7vr10zjcs1z8e	20 Aug 25	=HYPERLINK("http://localhost:3000/vouchers/cmtuxirq500q1vr10902v69re", "25-0000122")	600013	Beban Telekomunikasi	Johan Hariyanto	Susu Sachet	10000	0
cmtuxirqc00q9vr10srt80ndt	20 Aug 25	=HYPERLINK("http://localhost:3000/vouchers/cmtuxirq500q1vr10902v69re", "25-0000122")	100000	Kas	Johan Hariyanto	Gunting	10000	0
cmtuxirqg00qdvr101sk3esei	20 Aug 25	=HYPERLINK("http://localhost:3000/vouchers/cmtuxirqd00qbvr106zs7ep82", "25-0000123")	600100	Keperluan Dapur	Johan Hariyanto	Aqua 300Ml, Kopi Goodday Capucino, Susu Sachet dan Gunting	0	95000
cmtuxirqh00qfvr108hw8m3gj	20 Aug 25	=HYPERLINK("http://localhost:3000/vouchers/cmtuxirqd00qbvr106zs7ep82", "25-0000123")	100000	Kas	Johan Hariyanto	Kabel data untuk hp kantor	20000	0
cmtuxirql00qjvr10ru94lx41	21 Aug 25	=HYPERLINK("http://localhost:3000/vouchers/cmtuxirqj00qhvr10vao59dwy", "25-0000124")	181099	Piutang Lain-lain	Johan Hariyanto	kepala charges untuk hp kantor	20000	0
cmtuxirqn00qlvr10by0rzqkr	21 Aug 25	=HYPERLINK("http://localhost:3000/vouchers/cmtuxirqj00qhvr10vao59dwy", "25-0000124")	100000	Kas	Johan Hariyanto	Nomor untuk hp kantor	20000	0
cmtuxirqr00qpvr10ats6vby0	21 Aug 25	=HYPERLINK("http://localhost:3000/vouchers/cmtuxirqp00qnvr101tl4i7ph", "25-0000125")	600026	Outsourching	PT Mira Pinasthika Mustika Rent	Kabel Data, Kepala Charges dan Nomor untuk hp kantor	0	60000
cmtuxirqs00qrvr10f3qow1gg	21 Aug 25	=HYPERLINK("http://localhost:3000/vouchers/cmtuxirqp00qnvr101tl4i7ph", "25-0000125")	600017	Beban Pajak	PT Mira Pinasthika Mustika Rent	Aqua Galon	21000	0
cmtuxirqu00qtvr10v70c0pq9	21 Aug 25	=HYPERLINK("http://localhost:3000/vouchers/cmtuxirqp00qnvr101tl4i7ph", "25-0000125")	220002	Hutang Pph23	PT Mira Pinasthika Mustika Rent	Aqua Galon	0	21000
cmtuxirqw00qvvr102ru09gap	21 Aug 25	=HYPERLINK("http://localhost:3000/vouchers/cmtuxirqp00qnvr101tl4i7ph", "25-0000125")	280000	Hutang Lain Lain	PT Mira Pinasthika Mustika Rent	Parkir di kantor pajak tiga raksa untuk konsultasi dengan AR untuk PKP	5000	0
cmtuxirr000qzvr10kh9pucf0	22 Aug 25	=HYPERLINK("http://localhost:3000/vouchers/cmtuxirqy00qxvr105me8eops", "25-0000126")	181099	Piutang Lain-lain	Johan Hariyanto	Parkir di kantor pajak tiga raksa untuk konsultasi dengan AR untuk PKP	0	5000
cmtuxirr200r1vr105tu7p0co	22 Aug 25	=HYPERLINK("http://localhost:3000/vouchers/cmtuxirqy00qxvr105me8eops", "25-0000126")	100000	Kas	Johan Hariyanto	PT Mira Pinasthika Mustika Rent - Sewa Mobil	15329032	0
cmtuxirr600r5vr10lqakjkrv	25 Aug 25	=HYPERLINK("http://localhost:3000/vouchers/cmtuxirr300r3vr10hnc4g6q5", "25-0000127")	600100	Keperluan Dapur	Johan Hariyanto	PT Mira Pinasthika Mustika Rent - Sewa Mobil	1686194	0
cmtuxirr700r7vr10khp2osbc	25 Aug 25	=HYPERLINK("http://localhost:3000/vouchers/cmtuxirr300r3vr10hnc4g6q5", "25-0000127")	181099	Piutang Lain-lain	Johan Hariyanto	PT Mira Pinasthika Mustika Rent - Sewa Mobil	0	306581
cmtuxirr900r9vr10az839hnw	25 Aug 25	=HYPERLINK("http://localhost:3000/vouchers/cmtuxirr300r3vr10hnc4g6q5", "25-0000127")	100000	Kas	Johan Hariyanto	PT Mira Pinasthika Mustika Rent - Sewa Mobil	0	16708645
cmtuxirrc00rdvr10gkjg6o53	25 Aug 25	=HYPERLINK("http://localhost:3000/vouchers/cmtuxirrb00rbvr106kx9jutg", "25-0000128")	600100	Keperluan Dapur	Johan Hariyanto	Parkir di kantor pajak tiga raksa untuk Pengajuan PKP	5000	0
cmtuxirre00rfvr10vp3azrv8	25 Aug 25	=HYPERLINK("http://localhost:3000/vouchers/cmtuxirrb00rbvr106kx9jutg", "25-0000128")	600100	Keperluan Dapur	Johan Hariyanto	Parkir di kantor pajak tiga raksa untuk Pengajuan PKP	0	5000
cmtuxirrg00rhvr105pbrhea0	25 Aug 25	=HYPERLINK("http://localhost:3000/vouchers/cmtuxirrb00rbvr106kx9jutg", "25-0000128")	600100	Keperluan Dapur	Johan Hariyanto	Aqua Dus 300 Ml 1 dus	50000	0
cmtuxirri00rjvr100vxjepb0	25 Aug 25	=HYPERLINK("http://localhost:3000/vouchers/cmtuxirrb00rbvr106kx9jutg", "25-0000128")	600100	Keperluan Dapur	Johan Hariyanto	Kertas A4 1 Rim	45000	0
cmtuxirrk00rlvr10xgrmnip9	25 Aug 25	=HYPERLINK("http://localhost:3000/vouchers/cmtuxirrb00rbvr106kx9jutg", "25-0000128")	600100	Keperluan Dapur	Johan Hariyanto	Aqua Dus 300 Ml 1 dus, Kertas A4 1 Rim	0	95000
cmtuxirrm00rnvr106ca567kh	25 Aug 25	=HYPERLINK("http://localhost:3000/vouchers/cmtuxirrb00rbvr106kx9jutg", "25-0000128")	100000	Kas	Johan Hariyanto	Hypermart Villa Melati - Tessa Toilet Roll	44990	0
cmtuxirrq00rrvr10fclhvcw7	25 Aug 25	=HYPERLINK("http://localhost:3000/vouchers/cmtuxirro00rpvr102rjs64xb", "25-0000129")	100101	Bank BCA 4972579789	PT. Prima Mira Bersama ( BCA )	Hypermart Villa Melati - Mr.muscle PL Lavender	12990	0
cmtuxirrs00rtvr10eohvmebt	25 Aug 25	=HYPERLINK("http://localhost:3000/vouchers/cmtuxirro00rpvr102rjs64xb", "25-0000129")	720002	Beban Adm.Bank & Buku Cek/Giro	PT. Prima Mira Bersama ( BCA )	Hypermart Villa Melati - Pledge Liq LMN 410ML	24990	0
cmtuxirru00rvvr10dwx48slk	25 Aug 25	=HYPERLINK("http://localhost:3000/vouchers/cmtuxirro00rpvr102rjs64xb", "25-0000129")	100100	Bank BRI 0509 0100 3205 300	PT. Prima Mira Bersama ( BCA )	Hypermart Villa Melati - Bagus FR99 FC CIT575	11240	0
cmtuxirry00rzvr104u374qem	25 Aug 25	=HYPERLINK("http://localhost:3000/vouchers/cmtuxirrw00rxvr10f8wjohpe", "25-0000130")	190001	Aset Tetap Inventaris Kantor	Gunawan Taswin	Tas Polos S	2000	0
cmtuxirs000s1vr10urecntzb	25 Aug 25	=HYPERLINK("http://localhost:3000/vouchers/cmtuxirrw00rxvr10f8wjohpe", "25-0000130")	100101	Bank BCA 4972579789	Gunawan Taswin	Hypermart Villa Melati - Keperluan Kantor	0	96210
cmtuxirs400s5vr10qiz99vtw	25 Aug 25	=HYPERLINK("http://localhost:3000/vouchers/cmtuxirs200s3vr10don43ool", "25-0000131")	280000	Hutang Lain Lain	Johan Hariyanto	Pindah buku dari Bank BRI ke BCA	70000000	0
cmtuxirs700s7vr10pbh37dmf	25 Aug 25	=HYPERLINK("http://localhost:3000/vouchers/cmtuxirs200s3vr10don43ool", "25-0000131")	280000	Hutang Lain Lain	Johan Hariyanto	Pindah buku dari Bank BRI ke BCA	6500	0
cmtuxirs900s9vr105drpmt8h	25 Aug 25	=HYPERLINK("http://localhost:3000/vouchers/cmtuxirs200s3vr10don43ool", "25-0000131")	280000	Hutang Lain Lain	Johan Hariyanto	Pindah buku dari Bank BRI ke BCA	0	70006500
cmtuxirsb00sbvr1080d6jykk	25 Aug 25	=HYPERLINK("http://localhost:3000/vouchers/cmtuxirs200s3vr10don43ool", "25-0000131")	280000	Hutang Lain Lain	Johan Hariyanto	Notebook Asus	8750000	0
cmtuxirsd00sdvr10ia6kz4l3	25 Aug 25	=HYPERLINK("http://localhost:3000/vouchers/cmtuxirs200s3vr10don43ool", "25-0000131")	280000	Hutang Lain Lain	Johan Hariyanto	Notebook Asus	0	8750000
cmtuxirsf00sfvr104kn7puyc	25 Aug 25	=HYPERLINK("http://localhost:3000/vouchers/cmtuxirs200s3vr10don43ool", "25-0000131")	280000	Hutang Lain Lain	Johan Hariyanto	Penggantian Pengisian kas tanggal 19 Juni 2025	1000000	0
cmtuxirsh00shvr106ixivrx4	25 Aug 25	=HYPERLINK("http://localhost:3000/vouchers/cmtuxirs200s3vr10don43ool", "25-0000131")	280000	Hutang Lain Lain	Johan Hariyanto	Penggantian Pembuatan Akte Pendirian ke notaris michael suryono	10000000	0
cmtuxirsj00sjvr10q2rbca43	25 Aug 25	=HYPERLINK("http://localhost:3000/vouchers/cmtuxirs200s3vr10don43ool", "25-0000131")	100101	Bank BCA 4972579789	Johan Hariyanto	Penggantian Pengisian kas tanggal 25 Juni 2025	1000000	0
cmtuxirsn00snvr10e23shwfz	25 Aug 25	=HYPERLINK("http://localhost:3000/vouchers/cmtuxirsl00slvr108klo950s", "25-0000132")	100100	Bank BRI 0509 0100 3205 300	PT. Prima Mira Bersama ( BRI )	Penggantian Gaji Pegawai Bulan Juni 2025	32255000	0
cmtuxirsp00spvr10medas2je	25 Aug 25	=HYPERLINK("http://localhost:3000/vouchers/cmtuxirsl00slvr108klo950s", "25-0000132")	710001	Pendapatan Jasa Giro	PT. Prima Mira Bersama ( BRI )	Penggantian Pengisian kas tanggal 04 Juli 2025	1000000	0
cmtuxirsq00srvr10eoruqdqx	25 Aug 25	=HYPERLINK("http://localhost:3000/vouchers/cmtuxirsl00slvr108klo950s", "25-0000132")	720002	Beban Adm.Bank & Buku Cek/Giro	PT. Prima Mira Bersama ( BRI )	Penggantian Pengisian kas tanggal 08 Juli 2025	1000000	0
cmtuxirss00stvr10ckq8zsxz	25 Aug 25	=HYPERLINK("http://localhost:3000/vouchers/cmtuxirsl00slvr108klo950s", "25-0000132")	100100	Bank BRI 0509 0100 3205 300	PT. Prima Mira Bersama ( BRI )	Pengembalian Deposit Mobil	3000000	0
cmtuxirsu00svvr10pr9b668x	25 Aug 25	=HYPERLINK("http://localhost:3000/vouchers/cmtuxirsl00slvr108klo950s", "25-0000132")	720003	Pajak Jasa Giro	PT. Prima Mira Bersama ( BRI )	Penggantian Pembuatan Akte Pendirian ke notaris michael suryono Dll	0	49255000
cmtuxirsw00sxvr10zmpqfli8	25 Aug 25	=HYPERLINK("http://localhost:3000/vouchers/cmtuxirsl00slvr108klo950s", "25-0000132")	100100	Bank BRI 0509 0100 3205 300	PT. Prima Mira Bersama ( BRI )	Pendapatan Jasa Giro BRI	17017	0
cmtuxirt000t1vr10iiz6snmc	27 Aug 25	=HYPERLINK("http://localhost:3000/vouchers/cmtuxirsy00szvr10bb2jhsq3", "25-0000133")	160000	Biaya Dibayar Dimuka Perjalanan Dinas	Johan Hariyanto	Pendapatan Jasa Giro BRI	0	17017
cmtuxirt200t3vr10502luthd	27 Aug 25	=HYPERLINK("http://localhost:3000/vouchers/cmtuxirsy00szvr10bb2jhsq3", "25-0000133")	100101	Bank BCA 4972579789	Johan Hariyanto	Monthly fee ATM BRI	5000	0
cmtuxirt600t7vr10owlt6gil	27 Aug 25	=HYPERLINK("http://localhost:3000/vouchers/cmtuxirt400t5vr100hnol5i1", "25-0000134")	600100	Keperluan Dapur	Johan Hariyanto	Monthly fee ATM BRI	0	5000
cmtuxirt700t9vr10lqvpw3nn	27 Aug 25	=HYPERLINK("http://localhost:3000/vouchers/cmtuxirt400t5vr100hnol5i1", "25-0000134")	100000	Kas	Johan Hariyanto	Pajak Jasa Giro BRI	3403	0
cmtuxirtc00tdvr10tm30cvj3	28 Aug 25	=HYPERLINK("http://localhost:3000/vouchers/cmtuxirta00tbvr10o529c6oe", "25-0000135")	600001	Beban Gaji	PT. Prima Mira Bersama ( BCA )	Pajak Jasa Giro BRI	0	3403
cmtuxirte00tfvr10e9kjf5aw	28 Aug 25	=HYPERLINK("http://localhost:3000/vouchers/cmtuxirta00tbvr10o529c6oe", "25-0000135")	100101	Bank BCA 4972579789	PT. Prima Mira Bersama ( BCA )	Uang Muka Perjalanan Dinas ke Semarang, Pasuruan dan Bojonegoro	1000000	0
cmtuxirti00tjvr10xbo1iyw9	31 Aug 25	=HYPERLINK("http://localhost:3000/vouchers/cmtuxirtg00thvr102gd4ixm0", "25-0000136")	181099	Piutang Lain-lain	Johan Hariyanto	Uang Muka Perjalanan Dinas ke Semarang, Pasuruan dan Bojonegoro	0	1000000
cmtuxirtj00tlvr10r0ubou4r	31 Aug 25	=HYPERLINK("http://localhost:3000/vouchers/cmtuxirtg00thvr102gd4ixm0", "25-0000136")	100000	Kas	Johan Hariyanto	Pom Mini Pertamina - Aqua Isi Ulang	21000	0
cmtuxirtn00tpvr104rwyp4vb	31 Aug 25	=HYPERLINK("http://localhost:3000/vouchers/cmtuxirtl00tnvr10rc0afykt", "25-0000137")	181099	Piutang Lain-lain	Johan Hariyanto	Pom Mini Pertamina - Aqua Isi Ulang	0	21000
cmtuxirtp00trvr105x5jgwff	31 Aug 25	=HYPERLINK("http://localhost:3000/vouchers/cmtuxirtl00tnvr10rc0afykt", "25-0000137")	100000	Kas	Johan Hariyanto	Gaji Bulan Agustus	38146429	0
cmtuxirtt00tvvr10ncvpua0e	31 Aug 25	=HYPERLINK("http://localhost:3000/vouchers/cmtuxirtr00ttvr109jpwqncs", "25-0000138")	720002	Beban Adm.Bank & Buku Cek/Giro	PT. Prima Mira Bersama ( BCA )	Gaji Bulan Agustus	0	38146429
cmtuxirtu00txvr10076aehhi	31 Aug 25	=HYPERLINK("http://localhost:3000/vouchers/cmtuxirtr00ttvr109jpwqncs", "25-0000138")	100101	Bank BCA 4972579789	PT. Prima Mira Bersama ( BCA )	Duplikat Kunci Lantai 1	15000	0
cmtuxirtw00tzvr10uo6cuya2	31 Aug 25	=HYPERLINK("http://localhost:3000/vouchers/cmtuxirtr00ttvr109jpwqncs", "25-0000138")	600019	Beban Sewa	PT. Prima Mira Bersama ( BCA )	Duplikat Kunci Lantai 1	0	15000
cmtuxirty00u1vr108azwll3u	31 Aug 25	=HYPERLINK("http://localhost:3000/vouchers/cmtuxirtr00ttvr109jpwqncs", "25-0000138")	160002	Biaya Sewa dibayar di Muka	PT. Prima Mira Bersama ( BCA )	Kirim Dokumen PKP ke konsultan	15000	0
cmtuxiru200u5vr10emsaz6ny	31 Aug 25	=HYPERLINK("http://localhost:3000/vouchers/cmtuxiru000u3vr1098b4nybv", "25-0000139")	600017	Beban Pajak	Direktorat Jenderal Pajak	Kirim Dokumen PKP ke konsultan	0	15000
cmtuxiru300u7vr10ldfcwnmt	31 Aug 25	=HYPERLINK("http://localhost:3000/vouchers/cmtuxiru000u3vr1098b4nybv", "25-0000139")	220001	Hutang Pph21	Direktorat Jenderal Pajak	Biaya Adm	30000	0
cmtuxiru700ubvr10wusrhkjx	02 Sept 25	=HYPERLINK("http://localhost:3000/vouchers/cmtuxiru500u9vr10rx4kcuzm", "25-0000140")	181099	Piutang Lain-lain	Johan Hariyanto	Biaya Adm	0	30000
cmtuxiru900udvr107a9qugw0	02 Sept 25	=HYPERLINK("http://localhost:3000/vouchers/cmtuxiru500u9vr10rx4kcuzm", "25-0000140")	181099	Piutang Lain-lain	Johan Hariyanto	Darrel Karya - Biaya Sewa Kantor Bulan Agustus 2025	4166666	0
cmtuxirub00ufvr10iezl9pek	02 Sept 25	=HYPERLINK("http://localhost:3000/vouchers/cmtuxiru500u9vr10rx4kcuzm", "25-0000140")	181099	Piutang Lain-lain	Johan Hariyanto	Darrel Karya - Biaya Sewa Kantor Bulan Agustus 2025	0	4166666
cmtuxirud00uhvr10rfc7yrv7	02 Sept 25	=HYPERLINK("http://localhost:3000/vouchers/cmtuxiru500u9vr10rx4kcuzm", "25-0000140")	181099	Piutang Lain-lain	Johan Hariyanto	Beban Pajak Pegawai bulan Agustus 2025	800000	0
cmtuxirue00ujvr10n9lg7a8j	02 Sept 25	=HYPERLINK("http://localhost:3000/vouchers/cmtuxiru500u9vr10rx4kcuzm", "25-0000140")	181099	Piutang Lain-lain	Johan Hariyanto	Beban Pajak Pegawai bulan Agustus 2025	0	800000
cmtuxirug00ulvr10d7pnfr5m	02 Sept 25	=HYPERLINK("http://localhost:3000/vouchers/cmtuxiru500u9vr10rx4kcuzm", "25-0000140")	181099	Piutang Lain-lain	Johan Hariyanto	Perjalanan Dinas ke Bojonegoro - Kopi - tgl 27 Agst 2025	95000	0
cmtuxiruj00unvr101kxqno5k	02 Sept 25	=HYPERLINK("http://localhost:3000/vouchers/cmtuxiru500u9vr10rx4kcuzm", "25-0000140")	181099	Piutang Lain-lain	Johan Hariyanto	Perjalanan Dinas ke Bojonegoro - Makan Siang dan minum - tgl 27 Agst 2025	132000	0
cmtuxiruk00upvr10umx13r6b	02 Sept 25	=HYPERLINK("http://localhost:3000/vouchers/cmtuxiru500u9vr10rx4kcuzm", "25-0000140")	181099	Piutang Lain-lain	Johan Hariyanto	Perjalanan Dinas ke Bojonegoro - Bensin - tgl 27 Agst 2025	284000	0
cmtuxirum00urvr10pacea9ab	02 Sept 25	=HYPERLINK("http://localhost:3000/vouchers/cmtuxiru500u9vr10rx4kcuzm", "25-0000140")	181099	Piutang Lain-lain	Johan Hariyanto	Perjalanan Dinas ke Bojonegoro - Makan malam - tgl 27 Agst 2025	90000	0
cmtuxirun00utvr10r7h26t1m	02 Sept 25	=HYPERLINK("http://localhost:3000/vouchers/cmtuxiru500u9vr10rx4kcuzm", "25-0000140")	181099	Piutang Lain-lain	Johan Hariyanto	Perjalanan Dinas ke Bojonegoro - Penginapan - tgl 27 Agst 2025	1100000	0
cmtuxirup00uvvr10l50pk9yi	02 Sept 25	=HYPERLINK("http://localhost:3000/vouchers/cmtuxiru500u9vr10rx4kcuzm", "25-0000140")	181099	Piutang Lain-lain	Johan Hariyanto	Perjalanan Dinas ke Bojonegoro - Makan Pagi - tgl 28 Agst 2025	95000	0
cmtuxirur00uxvr10j47moq6j	02 Sept 25	=HYPERLINK("http://localhost:3000/vouchers/cmtuxiru500u9vr10rx4kcuzm", "25-0000140")	181099	Piutang Lain-lain	Johan Hariyanto	Perjalanan Dinas ke Bojonegoro - Makan Siang - tgl 28 Agst 2025	303000	0
cmtuxirut00uzvr101d7jb5aj	02 Sept 25	=HYPERLINK("http://localhost:3000/vouchers/cmtuxiru500u9vr10rx4kcuzm", "25-0000140")	181099	Piutang Lain-lain	Johan Hariyanto	Perjalanan Dinas ke Bojonegoro - Bensin - tgl 28 Agst 2025	200000	0
cmtuxiruu00v1vr108tjjd7o6	02 Sept 25	=HYPERLINK("http://localhost:3000/vouchers/cmtuxiru500u9vr10rx4kcuzm", "25-0000140")	181099	Piutang Lain-lain	Johan Hariyanto	Perjalanan Dinas ke Bojonegoro - Makan Malam - tgl 28 Agst 2025	64000	0
cmtuxiruw00v3vr109ibpqzew	02 Sept 25	=HYPERLINK("http://localhost:3000/vouchers/cmtuxiru500u9vr10rx4kcuzm", "25-0000140")	181099	Piutang Lain-lain	Johan Hariyanto	Perjalanan Dinas ke Bojonegoro - Makan Pagi - tgl 29 Agst 2025	58000	0
cmtuxiruy00v5vr100160v62i	02 Sept 25	=HYPERLINK("http://localhost:3000/vouchers/cmtuxiru500u9vr10rx4kcuzm", "25-0000140")	181099	Piutang Lain-lain	Johan Hariyanto	Perjalanan Dinas ke Bojonegoro - Toll - tgl 29 Agst 2025	500000	0
cmtuxiruz00v7vr10jkh76t7s	02 Sept 25	=HYPERLINK("http://localhost:3000/vouchers/cmtuxiru500u9vr10rx4kcuzm", "25-0000140")	181099	Piutang Lain-lain	Johan Hariyanto	Perjalanan Dinas ke Bojonegoro - Makan Siang - tgl 29 Agst 2025	42000	0
cmtuxirv100v9vr10lz1bc830	02 Sept 25	=HYPERLINK("http://localhost:3000/vouchers/cmtuxiru500u9vr10rx4kcuzm", "25-0000140")	181099	Piutang Lain-lain	Johan Hariyanto	Perjalanan Dinas ke Bojonegoro - Makan Malam - tgl 29 Agst 2025	71000	0
cmtuxirv300vbvr106ndllwbs	02 Sept 25	=HYPERLINK("http://localhost:3000/vouchers/cmtuxiru500u9vr10rx4kcuzm", "25-0000140")	181099	Piutang Lain-lain	Johan Hariyanto	Perjalanan Dinas ke Bojonegoro - Makan Pagi - tgl 30 Agst 2025	161500	0
cmtuxirv500vdvr100sdkdkeg	02 Sept 25	=HYPERLINK("http://localhost:3000/vouchers/cmtuxiru500u9vr10rx4kcuzm", "25-0000140")	181099	Piutang Lain-lain	Johan Hariyanto	Perjalanan Dinas ke Bojonegoro - Bensin - tgl 30 Agst 2025	250000	0
cmtuxirv600vfvr100slzeiwb	02 Sept 25	=HYPERLINK("http://localhost:3000/vouchers/cmtuxiru500u9vr10rx4kcuzm", "25-0000140")	181099	Piutang Lain-lain	Johan Hariyanto	Perjalanan Dinas ke Bojonegoro - Makan Siang- tgl 30 Agst 2025	90000	0
cmtuxirv800vhvr10ilbzzpsz	02 Sept 25	=HYPERLINK("http://localhost:3000/vouchers/cmtuxiru500u9vr10rx4kcuzm", "25-0000140")	181099	Piutang Lain-lain	Johan Hariyanto	Perjalanan Dinas ke Bojonegoro - Makan Malam- tgl 30 Agst 2025	42500	0
cmtuxirva00vjvr108yx2bt5o	02 Sept 25	=HYPERLINK("http://localhost:3000/vouchers/cmtuxiru500u9vr10rx4kcuzm", "25-0000140")	181099	Piutang Lain-lain	Johan Hariyanto	Perjalanan Dinas ke Bojonegoro - Taksi dari tanggerang ke BSD - tgl 30 Agst 2025	85000	0
cmtuxirvc00vlvr100vs41jl8	02 Sept 25	=HYPERLINK("http://localhost:3000/vouchers/cmtuxiru500u9vr10rx4kcuzm", "25-0000140")	100101	Bank BCA 4972579789	Johan Hariyanto	Bojonegoro	0	3663000
cmtuxirvf00vpvr100m0dc5p7	03 Sept 25	=HYPERLINK("http://localhost:3000/vouchers/cmtuxirvd00vnvr10rhbgorc8", "25-0000141")	100101	Bank BCA 4972579789	PT. Prima Mira Bersama ( BCA )	Pinjaman ke William Ong	5000000000	0
cmtuxirvh00vrvr101atef4oj	03 Sept 25	=HYPERLINK("http://localhost:3000/vouchers/cmtuxirvd00vnvr10rhbgorc8", "25-0000141")	230000	Hutang Pemegang Saham William Ong	PT. Prima Mira Bersama ( BCA )	Pinjaman dari Wlliam Ong	0	5000000000
cmtuxirvl00vvvr10f0eikpmv	03 Sept 25	=HYPERLINK("http://localhost:3000/vouchers/cmtuxirvj00vtvr106258e9k4", "25-0000142")	181099	Piutang Lain-lain	Johan Hariyanto	Parkir di Kantor Konsultan Pajak	5000	0
cmtuxirvn00vxvr10xxqazldd	03 Sept 25	=HYPERLINK("http://localhost:3000/vouchers/cmtuxirvj00vtvr106258e9k4", "25-0000142")	100000	Kas	Johan Hariyanto	Parkir di Kantor Konsultan Pajak	0	5000
cmtuxirvq00w1vr105ynu9110	03 Sept 25	=HYPERLINK("http://localhost:3000/vouchers/cmtuxirvo00vzvr10rc1ia17r", "25-0000143")	600100	Keperluan Dapur	Johan Hariyanto	Galon isi ulang	21000	0
cmtuxirvs00w3vr10z0vvia40	03 Sept 25	=HYPERLINK("http://localhost:3000/vouchers/cmtuxirvo00vzvr10rc1ia17r", "25-0000143")	100000	Kas	Johan Hariyanto	Galon isi ulang	0	21000
cmtuxirvw00w7vr10867m42o0	03 Sept 25	=HYPERLINK("http://localhost:3000/vouchers/cmtuxirvu00w5vr10blt3a3ha", "25-0000144")	130000	Pembelian Barang dagangan Modular	Surya Atmadjaya	Surya Atmadjaya - DP Upah Pasang Modular Merakurak, Tuban	25000000	0
cmtuxirvy00w9vr10k4tmp26j	03 Sept 25	=HYPERLINK("http://localhost:3000/vouchers/cmtuxirvu00w5vr10blt3a3ha", "25-0000144")	130000	Pembelian Barang dagangan Modular	Surya Atmadjaya	Surya Atmadjaya - DP Upah Pasang Modular Parengan, Tuban	25000000	0
cmtuxirvz00wbvr10t13t84n8	03 Sept 25	=HYPERLINK("http://localhost:3000/vouchers/cmtuxirvu00w5vr10blt3a3ha", "25-0000144")	100101	Bank BCA 4972579789	Surya Atmadjaya	Surya Atmadjaya - DP Upah Pasang Modular Merakurak, Parengan - Tuban	0	50000000
cmtuxirw100wdvr103qcg2p84	03 Sept 25	=HYPERLINK("http://localhost:3000/vouchers/cmtuxirvu00w5vr10blt3a3ha", "25-0000144")	160005	Biaya Dibayar Dimuka Notaris Michael Suyono	Surya Atmadjaya	Surya Atmadjaya - DP Upah Pasang Modular Merakurak, Parengan - Tuban	1250000	0
cmtuxirw200wfvr10ulewojy8	03 Sept 25	=HYPERLINK("http://localhost:3000/vouchers/cmtuxirvu00w5vr10blt3a3ha", "25-0000144")	220001	Hutang Pph21	Surya Atmadjaya	Surya Atmadjaya - DP Upah Pasang Modular Merakurak, Parengan - Tuban	0	1250000
cmtuxirw700wjvr10myv8gwzj	03 Sept 25	=HYPERLINK("http://localhost:3000/vouchers/cmtuxirw400whvr10rttmaf3v", "25-0000145")	150000	Ongkos Pasang Modular	Agus Budiono Kuncoro	Agus Budi Kuntjoro - DP Pemasangan Modular Kerek, Padasan, Tuban	25000000	0
cmtuxirw800wlvr10y82ni5g4	03 Sept 25	=HYPERLINK("http://localhost:3000/vouchers/cmtuxirw400whvr10rttmaf3v", "25-0000145")	150000	Ongkos Pasang Modular	Agus Budiono Kuncoro	Agus Budi Kuntjoro - DP Pemasangan Modular Kedung Adem, Kepoh Kidul, Bojonegoro	25000000	0
cmtuxirwa00wnvr10h6uy8xbf	03 Sept 25	=HYPERLINK("http://localhost:3000/vouchers/cmtuxirw400whvr10rttmaf3v", "25-0000145")	100101	Bank BCA 4972579789	Agus Budiono Kuncoro	Agus Budi Kuntjoro - DP Pemasangan Modular Kerek, Tuban dan Kedung Adem, Bojonegoro	0	50000000
cmtuxirwc00wpvr10gmakewkm	03 Sept 25	=HYPERLINK("http://localhost:3000/vouchers/cmtuxirw400whvr10rttmaf3v", "25-0000145")	160005	Biaya Dibayar Dimuka Notaris Michael Suyono	Agus Budiono Kuncoro	Agus Budi Kuntjoro - DP Pemasangan Modular Kerek, Tuban dan Kedung Adem, Bojonegoro	1250000	0
cmtuxirwd00wrvr10uo403p5o	03 Sept 25	=HYPERLINK("http://localhost:3000/vouchers/cmtuxirw400whvr10rttmaf3v", "25-0000145")	220001	Hutang Pph21	Agus Budiono Kuncoro	Agus Budi Kuntjoro - DP Pemasangan Modular Kerek, Tuban dan Kedung Adem, Bojonegoro	0	1250000
cmtuxirwj00wvvr10wzyxaaff	03 Sept 25	=HYPERLINK("http://localhost:3000/vouchers/cmtuxirwg00wtvr10p76fp3y9", "25-0000146")	181099	Piutang Lain-lain	PT. Big Bird Pusaka	PT. Big Bird Pusaka - Sewa Bis Untuk Rombongan China	17500000	0
cmtuxirwl00wxvr108uyv8hoj	03 Sept 25	=HYPERLINK("http://localhost:3000/vouchers/cmtuxirwg00wtvr10p76fp3y9", "25-0000146")	100101	Bank BCA 4972579789	PT. Big Bird Pusaka	PT. Big Bird Pusaka - Sewa Bis Untuk Rombongan China	0	17500000
cmtuxirwo00x1vr10zr5jkuqq	03 Sept 25	=HYPERLINK("http://localhost:3000/vouchers/cmtuxirwm00wzvr10ghxh8y8m", "25-0000147")	120004	Uang Muka Pembelian Furniture	PT. Legenda Bintang Bola	Legenda Bintang Bola - 01/PO/PMB/VIII/2025 - Faktur Pajak No 04002500348796104DP 30% - Furniture 16 Set untuk bojonegoro,tuban dan pasuruan	157200000	0
cmtuxirwq00x3vr10kat62ypg	03 Sept 25	=HYPERLINK("http://localhost:3000/vouchers/cmtuxirwm00wzvr10ghxh8y8m", "25-0000147")	100101	Bank BCA 4972579789	PT. Legenda Bintang Bola	Legenda Bintang Bola - 01/PO/PMB/VIII/2025 - Faktur Pajak No 04002500348796104DP 30% - Furniture 16 Set untuk bojonegoro,tuban dan pasuruan	0	157200000
cmtuxirwu00x7vr10s4qxexfb	03 Sept 25	=HYPERLINK("http://localhost:3000/vouchers/cmtuxirws00x5vr10a2wj2ey4", "25-0000148")	720002	Beban Adm.Bank & Buku Cek/Giro	PT. Legenda Bintang Bola	BI-FAST DB BIAYA TXN KE 009 LEGENDA BINTANG BO KBB	2500	0
cmtuxirwv00x9vr10fwuyi0rs	03 Sept 25	=HYPERLINK("http://localhost:3000/vouchers/cmtuxirws00x5vr10a2wj2ey4", "25-0000148")	100101	Bank BCA 4972579789	PT. Legenda Bintang Bola	BI-FAST DB BIAYA TXN KE 009 LEGENDA BINTANG BO KBB	0	2500
cmtuxirwz00xdvr1098urbptq	03 Sept 25	=HYPERLINK("http://localhost:3000/vouchers/cmtuxirwx00xbvr102fmx02eb", "25-0000149")	130000	Pembelian Barang dagangan Modular	Udraji Gunawan	Udraji Gunawan - DP OngkosPemasangan Modular di Kapas, Bojonegoro	25000000	0
cmtuxirx300xhvr101rnfku5p	03 Sept 25	=HYPERLINK("http://localhost:3000/vouchers/cmtuxirx100xfvr1084kirul2", "25-0000150")	100101	Bank BCA 4972579789	PT. Prima Mira Bersama ( BCA )	Udraji Gunawan - DP OngkosPemasangan Modular di Dander, Bojonegoro	25000000	0
cmtuxirx700xlvr10ng3ng4i2	04 Sept 25	=HYPERLINK("http://localhost:3000/vouchers/cmtuxirx500xjvr10cvobg07u", "25-0000151")	160000	Biaya Dibayar Dimuka Perjalanan Dinas	Darell Karya	Udraji Gunawan - DP Pemasangan Modular Kapas dan Dander, Bojonegoro	1250000	0
cmtuxirx900xnvr10o8ndm7rn	04 Sept 25	=HYPERLINK("http://localhost:3000/vouchers/cmtuxirx500xjvr10cvobg07u", "25-0000151")	100101	Bank BCA 4972579789	Darell Karya	Udraji Gunawan - DP Pemasangan Modular Kapas dan Dander, Bojonegoro	0	1250000
cmtuxirxc00xrvr102dc4hzir	04 Sept 25	=HYPERLINK("http://localhost:3000/vouchers/cmtuxirxb00xpvr10k1vl1k05", "25-0000152")	240000	Biaya Yang Masih Harus Di Bayar Pak David	Darell Karya	Udraji Gunawan - DP Pemasangan Modular Kapas dan Dander, Bojonegoro	0	50000000
cmtuxirxe00xtvr10zdkavn8e	04 Sept 25	=HYPERLINK("http://localhost:3000/vouchers/cmtuxirxb00xpvr10k1vl1k05", "25-0000152")	100101	Bank BCA 4972579789	Darell Karya	Pengisian Kas	1006610	0
cmtuxirxh00xxvr10ubsu1gmv	04 Sept 25	=HYPERLINK("http://localhost:3000/vouchers/cmtuxirxg00xvvr106jod4ez7", "25-0000153")	181099	Piutang Lain-lain	Darell Karya	Pengisian Kas	0	1006610
cmtuxirxj00xzvr109iwtbl6d	04 Sept 25	=HYPERLINK("http://localhost:3000/vouchers/cmtuxirxg00xvvr106jod4ez7", "25-0000153")	100101	Bank BCA 4972579789	Darell Karya	Darell - Cash Advance biaya Bojonegoro	50000000	0
cmtuxirxl00y1vr10at7bj65c	04 Sept 25	=HYPERLINK("http://localhost:3000/vouchers/cmtuxirxg00xvvr106jod4ez7", "25-0000153")	181099	Piutang Lain-lain	Darell Karya	Darell - Penggantian Biaya Ke China	25746107	0
cmtuxirxn00y3vr109rxxoq70	04 Sept 25	=HYPERLINK("http://localhost:3000/vouchers/cmtuxirxg00xvvr106jod4ez7", "25-0000153")	100101	Bank BCA 4972579789	Darell Karya	Darell - Penggantian Biaya Ke China	0	25746107
cmtuxirxq00y7vr10593qor21	04 Sept 25	=HYPERLINK("http://localhost:3000/vouchers/cmtuxirxp00y5vr106y5ble1t", "25-0000154")	720002	Beban Adm.Bank & Buku Cek/Giro	PT. Prima Mira Bersama ( BCA )	Darell - Cash Advance biaya Bojonegoro	0	50000000
cmtuxirxs00y9vr10a7uqwdj0	04 Sept 25	=HYPERLINK("http://localhost:3000/vouchers/cmtuxirxp00y5vr106y5ble1t", "25-0000154")	100101	Bank BCA 4972579789	PT. Prima Mira Bersama ( BCA )	Darell - Biaya Operasional	50000000	0
cmtuxirxv00ybvr100dwi6z5o	04 Sept 25	=HYPERLINK("http://localhost:3000/vouchers/cmtuxirxp00y5vr106y5ble1t", "25-0000154")	720002	Beban Adm.Bank & Buku Cek/Giro	PT. Prima Mira Bersama ( BCA )	ND - LAINNYA	25000	0
cmtuxirxx00ydvr10184as6no	04 Sept 25	=HYPERLINK("http://localhost:3000/vouchers/cmtuxirxp00y5vr106y5ble1t", "25-0000154")	100101	Bank BCA 4972579789	PT. Prima Mira Bersama ( BCA )	ND - LAINNYA	0	25000
cmtuxiry100yhvr1020exis5p	04 Sept 25	=HYPERLINK("http://localhost:3000/vouchers/cmtuxirxz00yfvr10r482l6p6", "25-0000155")	600100	Keperluan Dapur	Yohan Sofyan	Darell - Biaya Operasional	0	50000000
cmtuxiry400yjvr10ub3hcuhr	04 Sept 25	=HYPERLINK("http://localhost:3000/vouchers/cmtuxirxz00yfvr10r482l6p6", "25-0000155")	600100	Keperluan Dapur	Yohan Sofyan	1 Dus Aqua 600 Ml	47000	0
cmtuxiry600ylvr10urj2c4ch	04 Sept 25	=HYPERLINK("http://localhost:3000/vouchers/cmtuxirxz00yfvr10r482l6p6", "25-0000155")	100000	Kas	Yohan Sofyan	1 Dus Aqua 600 Ml	0	47000
cmtuxirya00ypvr103puh18p8	04 Sept 25	=HYPERLINK("http://localhost:3000/vouchers/cmtuxiry800ynvr105nrf6fxi", "25-0000156")	280000	Hutang Lain Lain	PT Mira Pinasthika Mustika Rent	PT Mira Pinasthika Mustika Rent -Bayar Sewa Mobil	16708645	0
cmtuxiryc00yrvr102mhbjbdf	04 Sept 25	=HYPERLINK("http://localhost:3000/vouchers/cmtuxiry800ynvr105nrf6fxi", "25-0000156")	100101	Bank BCA 4972579789	PT Mira Pinasthika Mustika Rent	PT Mira Pinasthika Mustika Rent -Bayar Sewa Mobil	0	16708645
cmtuxiryg00yvvr107ax1elbp	04 Sept 25	=HYPERLINK("http://localhost:3000/vouchers/cmtuxirye00ytvr10meu27juy", "25-0000157")	180000	Pinjaman Karyawan Johan Hariyanto	Johan Hariyanto	Pinjaman Karyawan	250000000	0
cmtuxiryi00yxvr10t2mon1me	04 Sept 25	=HYPERLINK("http://localhost:3000/vouchers/cmtuxirye00ytvr10meu27juy", "25-0000157")	100101	Bank BCA 4972579789	Johan Hariyanto	Pinjaman Karyawan	0	250000000
cmtuxirym00z1vr10y4ao04nk	04 Sept 25	=HYPERLINK("http://localhost:3000/vouchers/cmtuxiryk00yzvr107p0b6cp8", "25-0000158")	600008	Beban Tunjangan BPJS Tenaga Kerja	BPJS Ketenagakerjaan	Iuran BPJS Bulan September 2025	1632400	0
cmtuxiryo00z3vr109zzjtrxo	04 Sept 25	=HYPERLINK("http://localhost:3000/vouchers/cmtuxiryk00yzvr107p0b6cp8", "25-0000158")	600009	Beban Asuransi Karyawan	BPJS Ketenagakerjaan	Iuran BPJS Bulan September 2025	770000	0
cmtuxiryp00z5vr10r0fdnfe0	04 Sept 25	=HYPERLINK("http://localhost:3000/vouchers/cmtuxiryk00yzvr107p0b6cp8", "25-0000158")	100100	Bank BRI 0509 0100 3205 300	BPJS Ketenagakerjaan	Iuran BPJS Bulan September 2025	0	2402400
cmtuxiryt00z9vr10mxbhj1w5	04 Sept 25	=HYPERLINK("http://localhost:3000/vouchers/cmtuxiryr00z7vr102txh72f2", "25-0000159")	120001	Uang Muka Pembelian Alat Alat Dapur	PT. Sankeindo ( BCA )	PT Sankeindo - DP Pembelian Alat Alat Dapur 16 Titik, 6 Bojonegoro dan 10 Pasuruan	1869528267	0
cmtuxiryv00zbvr10l4v4vio0	04 Sept 25	=HYPERLINK("http://localhost:3000/vouchers/cmtuxiryr00z7vr102txh72f2", "25-0000159")	100101	Bank BCA 4972579789	PT. Sankeindo ( BCA )	PT Sankeindo - DP Pembelian Alat Alat Dapur 16 Titik, 6 Bojonegoro dan 10 Pasuruan	0	1869528267
cmtuxiryz00zfvr10q7ag4jkp	04 Sept 25	=HYPERLINK("http://localhost:3000/vouchers/cmtuxiryw00zdvr10np78pdf0", "25-0000160")	181099	Piutang Lain-lain	PT. Graha Persada Internasional	Hotel Estern Bojonegoro - Penginapan untuk tenaga Ahli China	50400000	0
cmtuxirz000zhvr10x4eyxg3r	04 Sept 25	=HYPERLINK("http://localhost:3000/vouchers/cmtuxiryw00zdvr10np78pdf0", "25-0000160")	100101	Bank BCA 4972579789	PT. Graha Persada Internasional	Hotel Estern Bojonegoro - Penginapan untuk tenaga Ahli China	0	50400000
cmtuxirz300zlvr10k7h4ujab	08 Sept 25	=HYPERLINK("http://localhost:3000/vouchers/cmtuxirz200zjvr10m24cxduk", "25-0000161")	600100	Keperluan Dapur	Yohan Sofyan	Galon isi ulang	21000	0
cmtuxirz500znvr10bqk5eaus	08 Sept 25	=HYPERLINK("http://localhost:3000/vouchers/cmtuxirz200zjvr10m24cxduk", "25-0000161")	100000	Kas	Yohan Sofyan	Galon isi ulang	0	21000
cmtuxirz900zrvr104fpx22k0	09 Sept 25	=HYPERLINK("http://localhost:3000/vouchers/cmtuxirz700zpvr10k6z7j667", "25-0000162")	180000	Pinjaman Karyawan Johan Hariyanto	Johan Hariyanto	Pinjaman Karyawan - Johan Hariyanto	244170000	0
cmtuxirzb00ztvr108fy6hjb9	09 Sept 25	=HYPERLINK("http://localhost:3000/vouchers/cmtuxirz700zpvr10k6z7j667", "25-0000162")	100101	Bank BCA 4972579789	Johan Hariyanto	Pinjaman Karyawan - Johan Hariyanto	0	244170000
cmtuxirze00zxvr1066zr3ue2	09 Sept 25	=HYPERLINK("http://localhost:3000/vouchers/cmtuxirzc00zvvr10zuzkevwv", "25-0000163")	181099	Piutang Lain-lain	Yohan Sofyan	Parkir di Wisma BCA untuk urus token	7000	0
cmtuxirzg00zzvr10npuov6yh	09 Sept 25	=HYPERLINK("http://localhost:3000/vouchers/cmtuxirzc00zvvr10zuzkevwv", "25-0000163")	100000	Kas	Yohan Sofyan	Parkir di Wisma BCA untuk urus token	0	7000
cmtuxirzk0103vr10zcy3i9z5	09 Sept 25	=HYPERLINK("http://localhost:3000/vouchers/cmtuxirzi0101vr106gbwozqk", "25-0000164")	600100	Keperluan Dapur	Yohan Sofyan	Obat Obatan	49000	0
cmtuxirzm0105vr10fwaicebh	09 Sept 25	=HYPERLINK("http://localhost:3000/vouchers/cmtuxirzi0101vr106gbwozqk", "25-0000164")	100000	Kas	Yohan Sofyan	Obat Obatan	0	49000
cmtuxirzp0109vr109di2aksz	09 Sept 25	=HYPERLINK("http://localhost:3000/vouchers/cmtuxirzo0107vr10ltelk7xg", "25-0000165")	600100	Keperluan Dapur	Yohan Sofyan	Sendok, Garpu	40000	0
cmtuxirzr010bvr10cb39pde9	09 Sept 25	=HYPERLINK("http://localhost:3000/vouchers/cmtuxirzo0107vr10ltelk7xg", "25-0000165")	100000	Kas	Yohan Sofyan	Sendok, Garpu	0	40000
cmtuxirzv010fvr10io1obyh5	10 Sept 25	=HYPERLINK("http://localhost:3000/vouchers/cmtuxirzt010dvr10rr1s91dz", "25-0000166")	181099	Piutang Lain-lain	Yohan Sofyan	Cabang listrik T 2 Buah	65000	0
cmtuxirzx010hvr10gprrzzos	10 Sept 25	=HYPERLINK("http://localhost:3000/vouchers/cmtuxirzt010dvr10rr1s91dz", "25-0000166")	600100	Keperluan Dapur	Yohan Sofyan	Aqua 300 ML	50000	0
cmtuxirzy010jvr10w8us96ji	10 Sept 25	=HYPERLINK("http://localhost:3000/vouchers/cmtuxirzt010dvr10rr1s91dz", "25-0000166")	100000	Kas	Yohan Sofyan	Cabang listrik T dan Aqua 300 ML	0	115000
cmtuxis03010nvr10f4wxexxy	10 Sept 25	=HYPERLINK("http://localhost:3000/vouchers/cmtuxis00010lvr10kafri9qf", "25-0000167")	220001	Hutang Pph21	Direktorat Jenderal Pajak	Bayar PPH21 Masa Agustus	800000	0
cmtuxis04010pvr10uog47ylu	10 Sept 25	=HYPERLINK("http://localhost:3000/vouchers/cmtuxis00010lvr10kafri9qf", "25-0000167")	220002	Hutang Pph23	Direktorat Jenderal Pajak	Bayar PPH23 Masa Agustus	306581	0
cmtuxis06010rvr10wjhbj72i	10 Sept 25	=HYPERLINK("http://localhost:3000/vouchers/cmtuxis00010lvr10kafri9qf", "25-0000167")	100100	Bank BRI 0509 0100 3205 300	Direktorat Jenderal Pajak	Bayar PPH21 dan PPH23 Masa Agustus	0	1106581
cmtuxis09010vvr10o26ylq8h	10 Sept 25	=HYPERLINK("http://localhost:3000/vouchers/cmtuxis07010tvr10wqrgv5bx", "25-0000168")	140002	Pembelian Material	Johan Hariyanto	Pembelian Pipa	8530500	0
cmtuxis0b010xvr100ad0p6on	10 Sept 25	=HYPERLINK("http://localhost:3000/vouchers/cmtuxis07010tvr10wqrgv5bx", "25-0000168")	100101	Bank BCA 4972579789	Johan Hariyanto	Pembelian Pipa	0	8530500
cmtuxis0f0111vr100841svjc	10 Sept 25	=HYPERLINK("http://localhost:3000/vouchers/cmtuxis0d010zvr10qftrrqte", "25-0000169")	600100	Keperluan Dapur	Yohan Sofyan	Tisue	38000	0
cmtuxis0g0113vr10iztxhm2g	10 Sept 25	=HYPERLINK("http://localhost:3000/vouchers/cmtuxis0d010zvr10qftrrqte", "25-0000169")	100000	Kas	Yohan Sofyan	Tisue	0	38000
cmtuxis0k0117vr10krn8kye4	10 Sept 25	=HYPERLINK("http://localhost:3000/vouchers/cmtuxis0i0115vr10812k1906", "25-0000170")	181099	Piutang Lain-lain	Yohan Sofyan	Gramedia - Post it,Double Tape, Paku cat, Styrofoam	56000	0
cmtuxis0o011bvr106neytmdl	11 Sept 25	=HYPERLINK("http://localhost:3000/vouchers/cmtuxis0m0119vr10scshvpwn", "25-0000173")	181099	Piutang Lain-lain	Yohan Sofyan	Gramedia - Post it,Double Tape, Paku cat, Styrofoam	0	56000
cmtuxis0q011dvr10dcdfglf1	11 Sept 25	=HYPERLINK("http://localhost:3000/vouchers/cmtuxis0m0119vr10scshvpwn", "25-0000173")	100000	Kas	Yohan Sofyan	Hypermart Villa Melati - Keperluan Dapur	58410	0
cmtuxis0t011hvr10lgqtze8r	11 Sept 25	=HYPERLINK("http://localhost:3000/vouchers/cmtuxis0s011fvr10aoxlvbpl", "25-0000174")	181099	Piutang Lain-lain	Yohan Sofyan	Hypermart Villa Melati - Keperluan Dapur	0	58410
cmtuxis0v011jvr10xzewkaqh	11 Sept 25	=HYPERLINK("http://localhost:3000/vouchers/cmtuxis0s011fvr10aoxlvbpl", "25-0000174")	100000	Kas	Yohan Sofyan	Kue Bagelan	12000	0
cmtuxis0x011lvr10o64xch7q	11 Sept 25	=HYPERLINK("http://localhost:3000/vouchers/cmtuxis0s011fvr10aoxlvbpl", "25-0000174")	181099	Piutang Lain-lain	Yohan Sofyan	Kue Bagelan	0	12000
cmtuxis0z011nvr10tpkem918	11 Sept 25	=HYPERLINK("http://localhost:3000/vouchers/cmtuxis0s011fvr10aoxlvbpl", "25-0000174")	100000	Kas	Yohan Sofyan	Tambal Ban	60000	0
cmtuxis12011rvr10z7qhy88a	11 Sept 25	=HYPERLINK("http://localhost:3000/vouchers/cmtuxis11011pvr10cncnnzer", "25-0000175")	181099	Piutang Lain-lain	Iko Pamuji	Tambal Ban	0	60000
cmtuxis14011tvr10w40p94za	11 Sept 25	=HYPERLINK("http://localhost:3000/vouchers/cmtuxis11011pvr10cncnnzer", "25-0000175")	600020	Beban Pajak PPN BM	Iko Pamuji	Grab Motor - untuk keperluan pembelian di gramedia	12000	0
cmtuxis16011vvr100himga67	11 Sept 25	=HYPERLINK("http://localhost:3000/vouchers/cmtuxis11011pvr10cncnnzer", "25-0000175")	600020	Beban Pajak PPN BM	Iko Pamuji	Grab Motor - untuk keperluan pembelian di gramedia	0	12000
cmtuxis18011xvr10j5fs4a0u	11 Sept 25	=HYPERLINK("http://localhost:3000/vouchers/cmtuxis11011pvr10cncnnzer", "25-0000175")	170000	Pajak dibayar dimuka PPH22	Iko Pamuji	Parkir di Gramedia	5000	0
cmtuxis19011zvr109k9sq5e0	11 Sept 25	=HYPERLINK("http://localhost:3000/vouchers/cmtuxis11011pvr10cncnnzer", "25-0000175")	140003	Reimbursment / Debit Note Biaya Pelabuhan	Iko Pamuji	Parkir di Gramedia	0	5000
cmtuxis1b0121vr10b1ddwcao	11 Sept 25	=HYPERLINK("http://localhost:3000/vouchers/cmtuxis11011pvr10cncnnzer", "25-0000175")	140003	Reimbursment / Debit Note Biaya Pelabuhan	Iko Pamuji	PT.Panca Tunas Group - Custom Clearance Semarang Port - 1 Kontainer	74681205	0
cmtuxis1d0123vr10px49ew9v	11 Sept 25	=HYPERLINK("http://localhost:3000/vouchers/cmtuxis11011pvr10cncnnzer", "25-0000175")	140003	Reimbursment / Debit Note Biaya Pelabuhan	Iko Pamuji	Pemberitahuan Import Barang (PIB) no 051692 tertanggal 04 Sept 2025	19855000	0
cmtuxis1f0125vr10yeb12buw	11 Sept 25	=HYPERLINK("http://localhost:3000/vouchers/cmtuxis11011pvr10cncnnzer", "25-0000175")	140003	Reimbursment / Debit Note Biaya Pelabuhan	Iko Pamuji	Pemberitahuan Import Barang (PIB) no 051692 tertanggal 04 Sept 2025	16743805	0
cmtuxis1g0127vr10vv9plwbq	11 Sept 25	=HYPERLINK("http://localhost:3000/vouchers/cmtuxis11011pvr10cncnnzer", "25-0000175")	140003	Reimbursment / Debit Note Biaya Pelabuhan	Iko Pamuji	Pemberitahuan Import Barang (PIB) no 051692 tertanggal 04 Sept 2025	3805400	0
cmtuxis1i0129vr10vr63qbff	11 Sept 25	=HYPERLINK("http://localhost:3000/vouchers/cmtuxis11011pvr10cncnnzer", "25-0000175")	100101	Bank BCA 4972579789	Iko Pamuji	PT.Panca Tunas Group - Custom Clearance Semarang Port - 1 Kontainer	3121500	0
cmtuxis1k012bvr10349dsqiq	11 Sept 25	=HYPERLINK("http://localhost:3000/vouchers/cmtuxis11011pvr10cncnnzer", "25-0000175")	130000	Pembelian Barang dagangan Modular	Iko Pamuji	PT.Panca Tunas Group - Custom Clearance Semarang Port - 1 Kontainer	1909200	0
cmtuxis1l012dvr10fft8muva	11 Sept 25	=HYPERLINK("http://localhost:3000/vouchers/cmtuxis11011pvr10cncnnzer", "25-0000175")	210000	Hutang Dagang Modular Wuxi Purite Import & Export Co., Ltd, China	Iko Pamuji	PT.Panca Tunas Group - Custom Clearance Semarang Port - 1 Kontainer	3108000	0
cmtuxis1p012hvr10164qsqj5	11 Sept 25	=HYPERLINK("http://localhost:3000/vouchers/cmtuxis1n012fvr100fhw364f", "25-0000176")	180000	Pinjaman Karyawan Johan Hariyanto	Johan Hariyanto	PT.Panca Tunas Group - Custom Clearance Semarang Port - 1 Kontainer	6000000	0
cmtuxis1r012jvr10hk35iv6l	11 Sept 25	=HYPERLINK("http://localhost:3000/vouchers/cmtuxis1n012fvr100fhw364f", "25-0000176")	100101	Bank BCA 4972579789	Johan Hariyanto	PT.Panca Tunas Group - Custom Clearance Semarang Port - 1 Kontainer	775890	0
cmtuxis1v012nvr104oj3mhr8	11 Sept 25	=HYPERLINK("http://localhost:3000/vouchers/cmtuxis1t012lvr10c0b3soxa", "25-0000177")	600020	Beban Pajak PPN BM	Direktorat Jenderal Pajak	PT.Panca Tunas Group - Custom Clearance Semarang Port - 1 Kontainer	0	130000000
cmtuxis1w012pvr10buf9pjoo	11 Sept 25	=HYPERLINK("http://localhost:3000/vouchers/cmtuxis1t012lvr10c0b3soxa", "25-0000177")	600020	Beban Pajak PPN BM	Direktorat Jenderal Pajak	Wuxi Purite Import & Export Co., Ltd, China CNY 155.512 kurs tengah BI bayar pajak import Tgl 8 sept 2025 : Rp.2.313,98	359851657.76	0
cmtuxis1y012rvr101ma33utg	11 Sept 25	=HYPERLINK("http://localhost:3000/vouchers/cmtuxis1t012lvr10c0b3soxa", "25-0000177")	170000	Pajak dibayar dimuka PPH22	Direktorat Jenderal Pajak	Wuxi Purite Import & Export Co., Ltd, China CNY 155.512 kurs tengah BI bayar pajak import Tgl 8 sept 2025 : Rp.2.313,98	0	359851657.76
cmtuxis20012tvr106dz6em1t	11 Sept 25	=HYPERLINK("http://localhost:3000/vouchers/cmtuxis1t012lvr10c0b3soxa", "25-0000177")	140003	Reimbursment / Debit Note Biaya Pelabuhan	Direktorat Jenderal Pajak	Pinjaman	8000000	0
cmtuxis22012vvr10kudh8k0s	11 Sept 25	=HYPERLINK("http://localhost:3000/vouchers/cmtuxis1t012lvr10c0b3soxa", "25-0000177")	140003	Reimbursment / Debit Note Biaya Pelabuhan	Direktorat Jenderal Pajak	Pinjaman	0	8000000
cmtuxis23012xvr10rr42rz3t	11 Sept 25	=HYPERLINK("http://localhost:3000/vouchers/cmtuxis1t012lvr10c0b3soxa", "25-0000177")	140003	Reimbursment / Debit Note Biaya Pelabuhan	Direktorat Jenderal Pajak	Pemberitahuan Import Barang (PIB) no 051693 tertanggal 04 Sept 2025	99272000	0
cmtuxis25012zvr10hzbtinrc	11 Sept 25	=HYPERLINK("http://localhost:3000/vouchers/cmtuxis1t012lvr10c0b3soxa", "25-0000177")	140003	Reimbursment / Debit Note Biaya Pelabuhan	Direktorat Jenderal Pajak	Pemberitahuan Import Barang (PIB) no 051693 tertanggal 04 Sept 2025	83719023	0
cmtuxis270131vr100e03dfxx	11 Sept 25	=HYPERLINK("http://localhost:3000/vouchers/cmtuxis1t012lvr10c0b3soxa", "25-0000177")	140003	Reimbursment / Debit Note Biaya Pelabuhan	Direktorat Jenderal Pajak	Pemberitahuan Import Barang (PIB) no 051693 tertanggal 04 Sept 2025	19027050	0
cmtuxis290133vr10m1frr40r	11 Sept 25	=HYPERLINK("http://localhost:3000/vouchers/cmtuxis1t012lvr10c0b3soxa", "25-0000177")	140003	Reimbursment / Debit Note Biaya Pelabuhan	Direktorat Jenderal Pajak	PT.Panca Tunas Group - Custom Clearance Semarang Port - 5 Kontainer	13407500	0
cmtuxis2b0135vr10w1egu2x8	11 Sept 25	=HYPERLINK("http://localhost:3000/vouchers/cmtuxis1t012lvr10c0b3soxa", "25-0000177")	181099	Piutang Lain-lain	Direktorat Jenderal Pajak	PT.Panca Tunas Group - Custom Clearance Semarang Port - 5 Kontainer	1909200	0
cmtuxis2c0137vr10z10wbg8j	11 Sept 25	=HYPERLINK("http://localhost:3000/vouchers/cmtuxis1t012lvr10c0b3soxa", "25-0000177")	100101	Bank BCA 4972579789	Direktorat Jenderal Pajak	PT.Panca Tunas Group - Custom Clearance Semarang Port - 5 Kontainer	7646800	0
cmtuxis2e0139vr10u4eowc59	11 Sept 25	=HYPERLINK("http://localhost:3000/vouchers/cmtuxis1t012lvr10c0b3soxa", "25-0000177")	130000	Pembelian Barang dagangan Modular	Direktorat Jenderal Pajak	PT.Panca Tunas Group - Custom Clearance Semarang Port - 5 Kontainer	11653900	0
cmtuxis2g013bvr10g5sdbdug	11 Sept 25	=HYPERLINK("http://localhost:3000/vouchers/cmtuxis1t012lvr10c0b3soxa", "25-0000177")	210000	Hutang Dagang Modular Wuxi Purite Import & Export Co., Ltd, China	Direktorat Jenderal Pajak	PT.Panca Tunas Group - Custom Clearance Semarang Port - 5 Kontainer	30000000	0
cmtuxis2k013fvr10mq4s2fig	11 Sept 25	=HYPERLINK("http://localhost:3000/vouchers/cmtuxis2h013dvr10zs46dr2j", "25-0000178")	600027	Beban Tenaga Lepas (Individu)	Indah Wulandari	PT.Panca Tunas Group - Custom Clearance Semarang Port - 5 Kontainer	3879450	0
cmtuxis2l013hvr10u52mrakt	11 Sept 25	=HYPERLINK("http://localhost:3000/vouchers/cmtuxis2h013dvr10zs46dr2j", "25-0000178")	220001	Hutang Pph21	Indah Wulandari	PT.Panca Tunas Group - Custom Clearance Semarang Port - 5 Kontainer	379485077	0
cmtuxis2n013jvr10h2r6ui25	11 Sept 25	=HYPERLINK("http://localhost:3000/vouchers/cmtuxis2h013dvr10zs46dr2j", "25-0000178")	100101	Bank BCA 4972579789	Indah Wulandari	PT.Panca Tunas Group - Custom Clearance Semarang Port - 5 Kontainer	0	650000000
cmtuxis2q013nvr10sqm82iah	12 Sept 25	=HYPERLINK("http://localhost:3000/vouchers/cmtuxis2o013lvr1016xx8d3u", "25-0000179")	181099	Piutang Lain-lain	PT. Graha Persada Internasional	Wuxi Purite Import & Export Co., Ltd, China CNY 777.560 kurs tengah BI bayar pajak import Tgl 8 sept 2025 : Rp.2.313,98	1799258288.8	0
cmtuxis2s013pvr10c861ma05	12 Sept 25	=HYPERLINK("http://localhost:3000/vouchers/cmtuxis2o013lvr1016xx8d3u", "25-0000179")	100101	Bank BCA 4972579789	PT. Graha Persada Internasional	Wuxi Purite Import & Export Co., Ltd, China CNY 777.560 kurs tengah BI bayar pajak import Tgl 8 sept 2025 : Rp.2.313,98	0	1799258288.8
cmtuxis2w013tvr10wexau00e	12 Sept 25	=HYPERLINK("http://localhost:3000/vouchers/cmtuxis2u013rvr10sap4xdw8", "25-0000180")	600100	Keperluan Dapur	Yohan Sofyan	Indah Wulandari - Pengurusan PKP	1750000	0
cmtuxis2x013vvr10hh3palag	12 Sept 25	=HYPERLINK("http://localhost:3000/vouchers/cmtuxis2u013rvr10sap4xdw8", "25-0000180")	100000	Kas	Yohan Sofyan	Indah Wulandari - Pengurusan PKP	0	43750
cmtuxis31013zvr105iyqw3pb	12 Sept 25	=HYPERLINK("http://localhost:3000/vouchers/cmtuxis2z013xvr104oe5e5ow", "25-0000181")	190000	Aktiva Kendaraan	Kreasi Auto Kencana	Indah Wulandari - Pengurusan PKP	0	1706250
cmtuxis330141vr10udlfvjk7	12 Sept 25	=HYPERLINK("http://localhost:3000/vouchers/cmtuxis2z013xvr104oe5e5ow", "25-0000181")	181099	Piutang Lain-lain	Kreasi Auto Kencana	Perpanjangan Hotel bojonegoro - Darell & Ka Mei 3 Hari	3600000	0
cmtuxis370145vr10iw3mnkfv	12 Sept 25	=HYPERLINK("http://localhost:3000/vouchers/cmtuxis350143vr10d7bfay9u", "25-0000182")	190001	Aset Tetap Inventaris Kantor	Gunajaya Mandiri Computer	Perpanjangan Hotel bojonegoro - Darell & Ka Mei 3 Hari	0	3600000
cmtuxis390147vr10vzr9w7c4	12 Sept 25	=HYPERLINK("http://localhost:3000/vouchers/cmtuxis350143vr10d7bfay9u", "25-0000182")	100101	Bank BCA 4972579789	Gunajaya Mandiri Computer	Aqua Isi Ulang	21000	0
cmtuxis3d014bvr10358wzwen	12 Sept 25	=HYPERLINK("http://localhost:3000/vouchers/cmtuxis3a0149vr10z23a5yt6", "25-0000183")	181099	Piutang Lain-lain	Mujiono	Aqua Isi Ulang	0	21000
cmtuxis3f014dvr1076h3aa0f	12 Sept 25	=HYPERLINK("http://localhost:3000/vouchers/cmtuxis3a0149vr10z23a5yt6", "25-0000183")	100101	Bank BCA 4972579789	Mujiono	Gunajaya Mandiri Computer - Notebook Asus	1036549550	0
cmtuxis3h014fvr10naj08dk4	15 Sept 25	=HYPERLINK("http://localhost:3000/vouchers/cmtuxis3a0149vr10z23a5yt6", "25-0000183")	100000	Kas	Mujiono	Mujiono - Biaya Proses Pengiriam Modular	5950000	0
cmtuxis3j014hvr106i9hzlcr	15 Sept 25	=HYPERLINK("http://localhost:3000/vouchers/cmtuxis3a0149vr10z23a5yt6", "25-0000183")	600100	Keperluan Dapur	Mujiono	Mujiono - Biaya Proses Pengiriam Modular	0	5950000
cmtuxis3m014lvr10r2vzfev4	12 Sept 25	=HYPERLINK("http://localhost:3000/vouchers/cmtuxis3k014jvr10eyrv2kkg", "25-0000184")	181099	Piutang Lain-lain	Ferry Yanto	Pembelian Ford Everest 2.0L dan Aksesoris	0	1036549550
cmtuxis3o014nvr10q23mnagp	12 Sept 25	=HYPERLINK("http://localhost:3000/vouchers/cmtuxis3k014jvr10eyrv2kkg", "25-0000184")	100101	Bank BCA 4972579789	Ferry Yanto	Pembelian Ford Everest 2.0L dan Aksesoris	8750000	0
cmtuxis3q014pvr102pgbvx4p	15 Sept 25	=HYPERLINK("http://localhost:3000/vouchers/cmtuxis3k014jvr10eyrv2kkg", "25-0000184")	100000	Kas	Ferry Yanto	Ferry - Transport ke Bojonegoro antar org China	7461000	0
cmtuxis3s014rvr105uybh7h8	15 Sept 25	=HYPERLINK("http://localhost:3000/vouchers/cmtuxis3k014jvr10eyrv2kkg", "25-0000184")	181099	Piutang Lain-lain	Ferry Yanto	Ferry - Transport ke Bojonegoro antar org China	0	7461000
cmtuxis3v014vvr10m9v3ouhj	15 Sept 25	=HYPERLINK("http://localhost:3000/vouchers/cmtuxis3t014tvr10onmroul8", "25-0000185")	600100	Keperluan Dapur	Yohan Sofyan	Gunajaya Mandiri Computer - Notebook Asus	0	8750000
cmtuxis3x014xvr10vu6oap6c	15 Sept 25	=HYPERLINK("http://localhost:3000/vouchers/cmtuxis3t014tvr10onmroul8", "25-0000185")	100000	Kas	Yohan Sofyan	Toko Pak Ropi - Milo	24000	0
cmtuxis3z014zvr10c6e299rz	16 Sept 25	=HYPERLINK("http://localhost:3000/vouchers/cmtuxis3t014tvr10onmroul8", "25-0000185")	181099	Piutang Lain-lain	Yohan Sofyan	Toko Pak Ropi - Milo	0	24000
cmtuxis420153vr106ydlzgpo	16 Sept 25	=HYPERLINK("http://localhost:3000/vouchers/cmtuxis410151vr10q55l5yts", "25-0000186")	160000	Biaya Dibayar Dimuka Perjalanan Dinas	Darell Karya	Capucino, Susu manis	30000	0
cmtuxis440155vr10xykagbg2	16 Sept 25	=HYPERLINK("http://localhost:3000/vouchers/cmtuxis410151vr10q55l5yts", "25-0000186")	181099	Piutang Lain-lain	Darell Karya	Capucino, Susu manis	0	30000
cmtuxis480159vr103be00g99	16 Sept 25	=HYPERLINK("http://localhost:3000/vouchers/cmtuxis460157vr10tbuusqd5", "25-0000187")	160000	Biaya Dibayar Dimuka Perjalanan Dinas	Darell Karya	Bangun Putra Nusantara - Amplas	10000	0
cmtuxis4a015bvr10ot2z0o31	16 Sept 25	=HYPERLINK("http://localhost:3000/vouchers/cmtuxis460157vr10tbuusqd5", "25-0000187")	181099	Piutang Lain-lain	Darell Karya	Bangun Putra Nusantara - Amplas	0	10000
cmtuxis4d015fvr10kh3k4lh9	16 Sept 25	=HYPERLINK("http://localhost:3000/vouchers/cmtuxis4c015dvr10fkydlrpd", "25-0000188")	160000	Biaya Dibayar Dimuka Perjalanan Dinas	Darell Karya	Darel - SPBU 41.51203KM379A BTG - 750.116 - Bojonegoro	750116	0
cmtuxis4f015hvr10j59pqizw	16 Sept 25	=HYPERLINK("http://localhost:3000/vouchers/cmtuxis4c015dvr10fkydlrpd", "25-0000188")	181099	Piutang Lain-lain	Darell Karya	Darel - SPBU 41.51203KM379A BTG - 750.116 - Bojonegoro	0	750116
cmtuxis4j015lvr10lyghh1vp	16 Sept 25	=HYPERLINK("http://localhost:3000/vouchers/cmtuxis4h015jvr10ifrz2l4j", "25-0000189")	160000	Biaya Dibayar Dimuka Perjalanan Dinas	Darell Karya	Darell - Kenaikan Daya Listrik di wilayah Dandeur - Bojonegoro	2500000	0
cmtuxis4l015nvr10law5m68m	16 Sept 25	=HYPERLINK("http://localhost:3000/vouchers/cmtuxis4h015jvr10ifrz2l4j", "25-0000189")	181099	Piutang Lain-lain	Darell Karya	Darell - Kenaikan Daya Listrik di wilayah Dandeur - Bojonegoro	0	2500000
cmtuxis4o015rvr10avigao0y	16 Sept 25	=HYPERLINK("http://localhost:3000/vouchers/cmtuxis4n015pvr101v7f0pl0", "25-0000190")	160000	Biaya Dibayar Dimuka Perjalanan Dinas	Darell Karya	Darell - 4 Pcs Meteran Roll 50 M @ 65.000	260000	0
cmtuxis4q015tvr10uaejeth4	16 Sept 25	=HYPERLINK("http://localhost:3000/vouchers/cmtuxis4n015pvr101v7f0pl0", "25-0000190")	181099	Piutang Lain-lain	Darell Karya	Darell - 4 Pcs Meteran Roll 50 M @ 65.000	0	260000
cmtuxis4u015xvr10yhb3hqwp	16 Sept 25	=HYPERLINK("http://localhost:3000/vouchers/cmtuxis4s015vvr107n6z2muu", "25-0000191")	160000	Biaya Dibayar Dimuka Perjalanan Dinas	Darell Karya	Darell - Surya Baut - Baut	1100840	0
cmtuxis4w015zvr10ve37abx3	16 Sept 25	=HYPERLINK("http://localhost:3000/vouchers/cmtuxis4s015vvr107n6z2muu", "25-0000191")	181099	Piutang Lain-lain	Darell Karya	Darell - Surya Baut - Baut	0	1100840
cmtuxis4z0163vr10dyxvcf07	16 Sept 25	=HYPERLINK("http://localhost:3000/vouchers/cmtuxis4x0161vr103mmkzydc", "25-0000192")	160000	Biaya Dibayar Dimuka Perjalanan Dinas	Darell Karya	Darell - Bensin Tgl 5 Sept 2025	750116	0
cmtuxis510165vr10tw4waokq	16 Sept 25	=HYPERLINK("http://localhost:3000/vouchers/cmtuxis4x0161vr103mmkzydc", "25-0000192")	181099	Piutang Lain-lain	Darell Karya	Darell - Bensin Tgl 5 Sept 2025	0	750116
cmtuxis550169vr105514agu6	16 Sept 25	=HYPERLINK("http://localhost:3000/vouchers/cmtuxis530167vr10fn38wq8d", "25-0000193")	160000	Biaya Dibayar Dimuka Perjalanan Dinas	Darell Karya	Darell - Indomaret - Entertaiment tgl 04 Sept 2025	192000	0
cmtuxis56016bvr10ltj3zqu7	16 Sept 25	=HYPERLINK("http://localhost:3000/vouchers/cmtuxis530167vr10fn38wq8d", "25-0000193")	181099	Piutang Lain-lain	Darell Karya	Darell - Indomaret - Entertaiment tgl 04 Sept 2025	0	192000
cmtuxis5a016fvr10u75pkwjf	16 Sept 25	=HYPERLINK("http://localhost:3000/vouchers/cmtuxis58016dvr10fmjk2tcb", "25-0000194")	160000	Biaya Dibayar Dimuka Perjalanan Dinas	Darell Karya	Darell - Bensin Tgl 12 Sept 2025	700000	0
cmtuxis5c016hvr10qtjby6gb	16 Sept 25	=HYPERLINK("http://localhost:3000/vouchers/cmtuxis58016dvr10fmjk2tcb", "25-0000194")	181099	Piutang Lain-lain	Darell Karya	Darell - Bensin Tgl 12 Sept 2025	0	700000
cmtuxis5g016lvr10vul4p6r5	16 Sept 25	=HYPERLINK("http://localhost:3000/vouchers/cmtuxis5e016jvr10zotcrbsv", "25-0000195")	160000	Biaya Dibayar Dimuka Perjalanan Dinas	Darell Karya	Darell - Superindo - Entertaiment Tgl 06 Sept 2025	600000	0
cmtuxis5h016nvr10721g0v2v	16 Sept 25	=HYPERLINK("http://localhost:3000/vouchers/cmtuxis5e016jvr10zotcrbsv", "25-0000195")	181099	Piutang Lain-lain	Darell Karya	Darell - Superindo - Entertaiment Tgl 06 Sept 2025	0	600000
cmtuxis5m016rvr10ktazw3ds	16 Sept 25	=HYPERLINK("http://localhost:3000/vouchers/cmtuxis5j016pvr10vg4pi4hc", "25-0000196")	160000	Biaya Dibayar Dimuka Perjalanan Dinas	Darell Karya	Darell - Indomaret - Entertaiment tgl 09 Sept 2025	108400	0
cmtuxis5n016tvr10nlzby6jj	16 Sept 25	=HYPERLINK("http://localhost:3000/vouchers/cmtuxis5j016pvr10vg4pi4hc", "25-0000196")	181099	Piutang Lain-lain	Darell Karya	Darell - Indomaret - Entertaiment tgl 09 Sept 2025	0	108400
cmtuxis5r016xvr10f5zhxp7k	16 Sept 25	=HYPERLINK("http://localhost:3000/vouchers/cmtuxis5p016vvr10oygd90om", "25-0000197")	160000	Biaya Dibayar Dimuka Perjalanan Dinas	Darell Karya	Darell - Permata Royal - Entertaiment tgl 10 Sept 2025	121500	0
cmtuxis5t016zvr10qw0vqfvy	16 Sept 25	=HYPERLINK("http://localhost:3000/vouchers/cmtuxis5p016vvr10oygd90om", "25-0000197")	181099	Piutang Lain-lain	Darell Karya	Darell - Permata Royal - Entertaiment tgl 10 Sept 2025	0	121500
cmtuxis5x0173vr10crjmt4q1	16 Sept 25	=HYPERLINK("http://localhost:3000/vouchers/cmtuxis5v0171vr10rqvvf39a", "25-0000198")	160000	Biaya Dibayar Dimuka Perjalanan Dinas	Darell Karya	Darell - Permata Royal - Entertaiment tgl 13 Sept 2025	29700	0
cmtuxis5z0175vr10ct67z395	16 Sept 25	=HYPERLINK("http://localhost:3000/vouchers/cmtuxis5v0171vr10rqvvf39a", "25-0000198")	181099	Piutang Lain-lain	Darell Karya	Darell - Permata Royal - Entertaiment tgl 13 Sept 2025	0	29700
cmtuxis620179vr10nq9gnfn5	16 Sept 25	=HYPERLINK("http://localhost:3000/vouchers/cmtuxis600177vr10ixgcyfux", "25-0000199")	160000	Biaya Dibayar Dimuka Perjalanan Dinas	Darell Karya	Darell - Permata Royal - Entertaiment tgl 12 Sept 2025	50600	0
cmtuxis64017bvr10nekl95dh	16 Sept 25	=HYPERLINK("http://localhost:3000/vouchers/cmtuxis600177vr10ixgcyfux", "25-0000199")	181099	Piutang Lain-lain	Darell Karya	Darell - Permata Royal - Entertaiment tgl 12 Sept 2025	0	50600
cmtuxis68017fvr10hw5r7y37	16 Sept 25	=HYPERLINK("http://localhost:3000/vouchers/cmtuxis66017dvr10yaf87ziw", "25-0000200")	160000	Biaya Dibayar Dimuka Perjalanan Dinas	Darell Karya	Darell - Rojomaret 1 - Entertaiment tgl 5 Sept 2025	70000	0
cmtuxis69017hvr10ixiwop9u	16 Sept 25	=HYPERLINK("http://localhost:3000/vouchers/cmtuxis66017dvr10yaf87ziw", "25-0000200")	181099	Piutang Lain-lain	Darell Karya	Darell - Rojomaret 1 - Entertaiment tgl 5 Sept 2025	0	70000
cmtuxis6d017lvr10gwwc2h5q	16 Sept 25	=HYPERLINK("http://localhost:3000/vouchers/cmtuxis6b017jvr10l4h9rf5v", "25-0000201")	160000	Biaya Dibayar Dimuka Perjalanan Dinas	Darell Karya	Darell - Permata Royal - Entertaimen Tgl 13 Sept 2025	211000	0
cmtuxis6f017nvr107e0nn00v	16 Sept 25	=HYPERLINK("http://localhost:3000/vouchers/cmtuxis6b017jvr10l4h9rf5v", "25-0000201")	181099	Piutang Lain-lain	Darell Karya	Darell - Permata Royal - Entertaimen Tgl 13 Sept 2025	0	211000
cmtuxis6j017rvr10lxi7yoc8	16 Sept 25	=HYPERLINK("http://localhost:3000/vouchers/cmtuxis6h017pvr10pa31r5yf", "25-0000202")	160000	Biaya Dibayar Dimuka Perjalanan Dinas	Darell Karya	Darell - Ayam Geprek SA'I, Bojonegoro - Entertaiment tgl 11 Sept 2025	192000	0
cmtuxis6k017tvr103z9itvth	16 Sept 25	=HYPERLINK("http://localhost:3000/vouchers/cmtuxis6h017pvr10pa31r5yf", "25-0000202")	181099	Piutang Lain-lain	Darell Karya	Darell - Ayam Geprek SA'I, Bojonegoro - Entertaiment tgl 11 Sept 2025	0	192000
cmtuxis6o017xvr102d3pk3xo	16 Sept 25	=HYPERLINK("http://localhost:3000/vouchers/cmtuxis6m017vvr10a0m5zbrk", "25-0000203")	160000	Biaya Dibayar Dimuka Perjalanan Dinas	Darell Karya	Darell - Ayam Geprek SA'I, Bojonegoro - Entertaiment tgl 12 Sept 2025	360000	0
cmtuxis6q017zvr102ajmkyvw	16 Sept 25	=HYPERLINK("http://localhost:3000/vouchers/cmtuxis6m017vvr10a0m5zbrk", "25-0000203")	181099	Piutang Lain-lain	Darell Karya	Darell - Ayam Geprek SA'I, Bojonegoro - Entertaiment tgl 12 Sept 2025	0	360000
cmtuxis6u0183vr10lbz6lym0	16 Sept 25	=HYPERLINK("http://localhost:3000/vouchers/cmtuxis6s0181vr107qo2j94k", "25-0000204")	160000	Biaya Dibayar Dimuka Perjalanan Dinas	Darell Karya	Hits Chicken Kartini Bojonegoro - Entertaiment Tgl 07 Sept 2025	392500	0
cmtuxis6v0185vr100puberdv	16 Sept 25	=HYPERLINK("http://localhost:3000/vouchers/cmtuxis6s0181vr107qo2j94k", "25-0000204")	181099	Piutang Lain-lain	Darell Karya	Hits Chicken Kartini Bojonegoro - Entertaiment Tgl 07 Sept 2025	0	392500
cmtuxis6z0189vr10qpnh9emf	16 Sept 25	=HYPERLINK("http://localhost:3000/vouchers/cmtuxis6x0187vr10y0b1n7wu", "25-0000205")	160000	Biaya Dibayar Dimuka Perjalanan Dinas	Darell Karya	Hits Chicken Kartini Bojonegoro - Entertaiment Tgl 06 Sept 2025	362500	0
cmtuxis71018bvr10mmxkgemj	16 Sept 25	=HYPERLINK("http://localhost:3000/vouchers/cmtuxis6x0187vr10y0b1n7wu", "25-0000205")	181099	Piutang Lain-lain	Darell Karya	Hits Chicken Kartini Bojonegoro - Entertaiment Tgl 06 Sept 2025	0	362500
cmtuxis74018fvr105aptbr4n	16 Sept 25	=HYPERLINK("http://localhost:3000/vouchers/cmtuxis73018dvr102mwfbl5x", "25-0000206")	160000	Biaya Dibayar Dimuka Perjalanan Dinas	Darell Karya	Warung Sate Pak Tondo Jetak - Entertaiment Tgl 5 Sept 2025	174000	0
cmtuxis76018hvr10s3a51wfq	16 Sept 25	=HYPERLINK("http://localhost:3000/vouchers/cmtuxis73018dvr102mwfbl5x", "25-0000206")	181099	Piutang Lain-lain	Darell Karya	Warung Sate Pak Tondo Jetak - Entertaiment Tgl 5 Sept 2025	0	174000
cmtuxis7a018lvr10eue7n2ap	16 Sept 25	=HYPERLINK("http://localhost:3000/vouchers/cmtuxis77018jvr10rdbye5az", "25-0000207")	160000	Biaya Dibayar Dimuka Perjalanan Dinas	Darell Karya	Permata Royal - Entertaiment Tgl 12 Sept 2025	29700	0
cmtuxis7b018nvr109ldo250p	16 Sept 25	=HYPERLINK("http://localhost:3000/vouchers/cmtuxis77018jvr10rdbye5az", "25-0000207")	181099	Piutang Lain-lain	Darell Karya	Permata Royal - Entertaiment Tgl 12 Sept 2025	0	29700
cmtuxis7f018rvr10q2uuhobe	16 Sept 25	=HYPERLINK("http://localhost:3000/vouchers/cmtuxis7d018pvr108wqodkxl", "25-0000208")	160000	Biaya Dibayar Dimuka Perjalanan Dinas	Darell Karya	Resto Citra Rasa, Pekalongan - Entertaiment Tgl 05 Sep 2025	194000	0
cmtuxis7g018tvr108y0nrnaf	16 Sept 25	=HYPERLINK("http://localhost:3000/vouchers/cmtuxis7d018pvr108wqodkxl", "25-0000208")	181099	Piutang Lain-lain	Darell Karya	Resto Citra Rasa, Pekalongan - Entertaiment Tgl 05 Sep 2025	0	194000
cmtuxis7k018xvr10suk8cfbf	16 Sept 25	=HYPERLINK("http://localhost:3000/vouchers/cmtuxis7i018vvr10yc0hgvo4", "25-0000209")	160000	Biaya Dibayar Dimuka Perjalanan Dinas	Darell Karya	Ayam Geprek SA'I - Entertaiment Tgl 10 Sept 2025	176000	0
cmtuxis7m018zvr10p7fx4lxd	16 Sept 25	=HYPERLINK("http://localhost:3000/vouchers/cmtuxis7i018vvr10yc0hgvo4", "25-0000209")	181099	Piutang Lain-lain	Darell Karya	Ayam Geprek SA'I - Entertaiment Tgl 10 Sept 2025	0	176000
cmtuxis7p0193vr10uemofdsh	16 Sept 25	=HYPERLINK("http://localhost:3000/vouchers/cmtuxis7o0191vr108q07aa0f", "25-0000210")	160000	Biaya Dibayar Dimuka Perjalanan Dinas	Darell Karya	Ayam Geprek SA'I, Bojonegoro - Entertaimen Tgl 10 Sept 2025	288000	0
cmtuxis7r0195vr10trt2jn5n	16 Sept 25	=HYPERLINK("http://localhost:3000/vouchers/cmtuxis7o0191vr108q07aa0f", "25-0000210")	181099	Piutang Lain-lain	Darell Karya	Ayam Geprek SA'I, Bojonegoro - Entertaimen Tgl 10 Sept 2025	0	288000
cmtuxis7v0199vr10wbn149u8	16 Sept 25	=HYPERLINK("http://localhost:3000/vouchers/cmtuxis7t0197vr1006ey4etd", "25-0000211")	160000	Biaya Dibayar Dimuka Perjalanan Dinas	Darell Karya	Ayam Geprek SA'I, Bojonegoro - Entertaimen Tgl 13 Sept 2025	121000	0
cmtuxis7x019bvr10shjg9j03	16 Sept 25	=HYPERLINK("http://localhost:3000/vouchers/cmtuxis7t0197vr1006ey4etd", "25-0000211")	181099	Piutang Lain-lain	Darell Karya	Ayam Geprek SA'I, Bojonegoro - Entertaimen Tgl 13 Sept 2025	0	121000
cmtuxis80019fvr10g2ilmmyr	16 Sept 25	=HYPERLINK("http://localhost:3000/vouchers/cmtuxis7y019dvr10bfyde1gn", "25-0000212")	160000	Biaya Dibayar Dimuka Perjalanan Dinas	Darell Karya	Eastern Hotel - Entertaimen tgl 13 Sept 2025	55000	0
cmtuxis82019hvr10gcig7nkw	16 Sept 25	=HYPERLINK("http://localhost:3000/vouchers/cmtuxis7y019dvr10bfyde1gn", "25-0000212")	181099	Piutang Lain-lain	Darell Karya	Eastern Hotel - Entertaimen tgl 13 Sept 2025	0	55000
cmtuxis86019lvr10wdm5g34c	16 Sept 25	=HYPERLINK("http://localhost:3000/vouchers/cmtuxis84019jvr106p3nxi5t", "25-0000213")	160000	Biaya Dibayar Dimuka Perjalanan Dinas	Darell Karya	Eastern Hotel - Entertaimen tgl 13 Sept 2025	95000	0
cmtuxis87019nvr10edvdig7i	16 Sept 25	=HYPERLINK("http://localhost:3000/vouchers/cmtuxis84019jvr106p3nxi5t", "25-0000213")	181099	Piutang Lain-lain	Darell Karya	Eastern Hotel - Entertaimen tgl 13 Sept 2025	0	95000
cmtuxis8a019rvr101jvcmkv4	16 Sept 25	=HYPERLINK("http://localhost:3000/vouchers/cmtuxis89019pvr108ud5bkul", "25-0000214")	160000	Biaya Dibayar Dimuka Perjalanan Dinas	Darell Karya	Ayam Geprek SA'I, Bojonegoro - Entertaimen Tgl 13 Sept 2025	220000	0
cmtuxis8c019tvr10pvmqf0ha	16 Sept 25	=HYPERLINK("http://localhost:3000/vouchers/cmtuxis89019pvr108ud5bkul", "25-0000214")	181099	Piutang Lain-lain	Darell Karya	Ayam Geprek SA'I, Bojonegoro - Entertaimen Tgl 13 Sept 2025	0	220000
cmtuxis8g019xvr105tsrciie	16 Sept 25	=HYPERLINK("http://localhost:3000/vouchers/cmtuxis8e019vvr10q1j6466o", "25-0000215")	160000	Biaya Dibayar Dimuka Perjalanan Dinas	Darell Karya	Starbuck, Cipali - Entertaiment Tgl 05 Sept 2025	84000	0
cmtuxis8h019zvr10llpa8htk	16 Sept 25	=HYPERLINK("http://localhost:3000/vouchers/cmtuxis8e019vvr10q1j6466o", "25-0000215")	181099	Piutang Lain-lain	Darell Karya	Starbuck, Cipali - Entertaiment Tgl 05 Sept 2025	0	84000
cmtuxis8m01a3vr10zgup4p58	16 Sept 25	=HYPERLINK("http://localhost:3000/vouchers/cmtuxis8j01a1vr10qpuxr8e2", "25-0000216")	160000	Biaya Dibayar Dimuka Perjalanan Dinas	Darell Karya	Seafood Pelangi, Bojonegoro - Entertaiment	85000	0
cmtuxis8o01a5vr10bxun6nfi	16 Sept 25	=HYPERLINK("http://localhost:3000/vouchers/cmtuxis8j01a1vr10qpuxr8e2", "25-0000216")	181099	Piutang Lain-lain	Darell Karya	Seafood Pelangi, Bojonegoro - Entertaiment	0	85000
cmtuxis8r01a9vr10no1d0f13	16 Sept 25	=HYPERLINK("http://localhost:3000/vouchers/cmtuxis8p01a7vr10dtm67wmv", "25-0000217")	160000	Biaya Dibayar Dimuka Perjalanan Dinas	Darell Karya	Seafood Pelangi, Bojonegoro - Entertaiment	273000	0
cmtuxis8t01abvr10ih4qaj62	16 Sept 25	=HYPERLINK("http://localhost:3000/vouchers/cmtuxis8p01a7vr10dtm67wmv", "25-0000217")	181099	Piutang Lain-lain	Darell Karya	Seafood Pelangi, Bojonegoro - Entertaiment	0	273000
cmtuxis8x01afvr10mjps7mq9	16 Sept 25	=HYPERLINK("http://localhost:3000/vouchers/cmtuxis8u01advr10tnyl7w9u", "25-0000218")	240000	Biaya Yang Masih Harus Di Bayar Pak David	Darell Karya	Seafood Pelangi, Bojonegoro - Entertaiment	791000	0
cmtuxis8z01ahvr10stdvjqcr	16 Sept 25	=HYPERLINK("http://localhost:3000/vouchers/cmtuxis8u01advr10tnyl7w9u", "25-0000218")	181099	Piutang Lain-lain	Darell Karya	Seafood Pelangi, Bojonegoro - Entertaiment	0	791000
cmtuxis9201alvr105nkgg4ec	16 Sept 25	=HYPERLINK("http://localhost:3000/vouchers/cmtuxis9001ajvr10x93hpv27", "25-0000219")	240000	Biaya Yang Masih Harus Di Bayar Pak David	Darell Karya	Permata Royal - Entertaiment Tgl 13 Sept 2025	45500	0
cmtuxis9401anvr10681xbeum	16 Sept 25	=HYPERLINK("http://localhost:3000/vouchers/cmtuxis9001ajvr10x93hpv27", "25-0000219")	181099	Piutang Lain-lain	Darell Karya	Permata Royal - Entertaiment Tgl 13 Sept 2025	0	45500
cmtuxis9801arvr1086kfuya0	16 Sept 25	=HYPERLINK("http://localhost:3000/vouchers/cmtuxis9601apvr100vl67pos", "25-0000220")	240000	Biaya Yang Masih Harus Di Bayar Pak David	Darell Karya	Emeralda Golf Club	23521370	0
cmtuxis9a01atvr10jfx3xjhk	16 Sept 25	=HYPERLINK("http://localhost:3000/vouchers/cmtuxis9601apvr100vl67pos", "25-0000220")	600015	Beban Perjalanan Dinas	Darell Karya	Emeralda Golf Club	0	23521370
cmtuxis9d01axvr10mnkqtn1o	16 Sept 25	=HYPERLINK("http://localhost:3000/vouchers/cmtuxis9b01avvr10xt5rg3yn", "25-0000221")	100101	Bank BCA 4972579789	Darell Karya	Pondok Ikan Bakar Kalimantan - Entertaiment Tgl 17 Agst 2025	829250	0
cmtuxis9f01azvr1041k2orpf	16 Sept 25	=HYPERLINK("http://localhost:3000/vouchers/cmtuxis9b01avvr10xt5rg3yn", "25-0000221")	181099	Piutang Lain-lain	Darell Karya	Pondok Ikan Bakar Kalimantan - Entertaiment Tgl 17 Agst 2025	0	829250
cmtuxis9j01b3vr10m6vvyr6d	16 Sept 25	=HYPERLINK("http://localhost:3000/vouchers/cmtuxis9h01b1vr10hri5c3dm", "25-0000222")	100101	Bank BCA 4972579789	Agus Budiono Kuncoro	Emeralda - Food & Beverage	1978770	0
cmtuxis9k01b5vr10nntssk1x	16 Sept 25	=HYPERLINK("http://localhost:3000/vouchers/cmtuxis9h01b1vr10hri5c3dm", "25-0000222")	181099	Piutang Lain-lain	Agus Budiono Kuncoro	Emeralda - Food & Beverage	0	1978770
cmtuxis9o01b9vr1044d1pirk	16 Sept 25	=HYPERLINK("http://localhost:3000/vouchers/cmtuxis9m01b7vr10njwsyg39", "25-0000223")	100101	Bank BCA 4972579789	PT. Graha Persada Internasional	Pembuatan Visa	3600000	0
cmtuxis9p01bbvr10nxtrzr1j	16 Sept 25	=HYPERLINK("http://localhost:3000/vouchers/cmtuxis9m01b7vr10njwsyg39", "25-0000223")	181099	Piutang Lain-lain	PT. Graha Persada Internasional	Pembuatan Visa	0	3600000
cmtuxis9t01bfvr10sgsrjhm8	16 Sept 25	=HYPERLINK("http://localhost:3000/vouchers/cmtuxis9r01bdvr10xzouvpeo", "25-0000224")	100101	Bank BCA 4972579789	UD Bulat Jaya	CV.Pradipa Sony, Bojonegoro - Penambahan Daya Listrik	2500000	0
cmtuxis9v01bhvr10bbc3atrx	17 Sept 25	=HYPERLINK("http://localhost:3000/vouchers/cmtuxis9r01bdvr10xzouvpeo", "25-0000224")	181099	Piutang Lain-lain	UD Bulat Jaya	CV.Pradipa Sony, Bojonegoro - Penambahan Daya Listrik	0	2500000
cmtuxis9y01blvr100nmq5ych	17 Sept 25	=HYPERLINK("http://localhost:3000/vouchers/cmtuxis9w01bjvr10hw7qdv00", "25-0000225")	100101	Bank BCA 4972579789	Darell Karya	Pt.Graha Persada Internasional - Perpanjangan 2 Malam	7800000	0
cmtuxisa001bnvr10b1fmvuj6	17 Sept 25	=HYPERLINK("http://localhost:3000/vouchers/cmtuxis9w01bjvr10hw7qdv00", "25-0000225")	181099	Piutang Lain-lain	Darell Karya	Pt.Graha Persada Internasional - Perpanjangan 2 Malam	0	7800000
cmtuxisa401brvr10qt9w8bgx	17 Sept 25	=HYPERLINK("http://localhost:3000/vouchers/cmtuxisa201bpvr10ig82pqdy", "25-0000226")	181099	Piutang Lain-lain	Johan Hariyanto	UD Bulat Jaya - Bahan Material	3052500	0
cmtuxisa601btvr10xowomfy3	17 Sept 25	=HYPERLINK("http://localhost:3000/vouchers/cmtuxisa201bpvr10ig82pqdy", "25-0000226")	181099	Piutang Lain-lain	Johan Hariyanto	UD Bulat Jaya - Bahan Material	0	3052500
cmtuxisa901bxvr101swspiv5	17 Sept 25	=HYPERLINK("http://localhost:3000/vouchers/cmtuxisa801bvvr10uz4u80hs", "25-0000227")	181099	Piutang Lain-lain	Johan Hariyanto	Tiket Kereta Api Bojonegoro-Jakarta	3697655	0
cmtuxisac01bzvr10hrg4tjcu	17 Sept 25	=HYPERLINK("http://localhost:3000/vouchers/cmtuxisa801bvvr10uz4u80hs", "25-0000227")	100101	Bank BCA 4972579789	Johan Hariyanto	Tiket Kereta Api Bojonegoro-Jakarta	0	3697655
cmtuxisaf01c3vr106tzdf076	17 Sept 25	=HYPERLINK("http://localhost:3000/vouchers/cmtuxisae01c1vr10m91xf217", "25-0000228")	181099	Piutang Lain-lain	Saji	Johan Hariyanto - Bensin Di Tol Cipali Tgl 14 Sept 2025	500000	0
cmtuxisah01c5vr10j8yxtdjg	17 Sept 25	=HYPERLINK("http://localhost:3000/vouchers/cmtuxisae01c1vr10m91xf217", "25-0000228")	720002	Beban Adm.Bank & Buku Cek/Giro	Saji	Johan Hariyanto - Bahan Bangunan	2049000	0
cmtuxisai01c7vr10axe75vc6	17 Sept 25	=HYPERLINK("http://localhost:3000/vouchers/cmtuxisae01c1vr10m91xf217", "25-0000228")	100101	Bank BCA 4972579789	Saji	Johan Hariyanto - Entertaimen	61000	0
cmtuxisak01c9vr10e71m2miz	17 Sept 25	=HYPERLINK("http://localhost:3000/vouchers/cmtuxisae01c1vr10m91xf217", "25-0000228")	130000	Pembelian Barang dagangan Modular	Saji	Johan Hariyanto - Entertaimen	166000	0
cmtuxisam01cbvr10jtbjnqe5	17 Sept 25	=HYPERLINK("http://localhost:3000/vouchers/cmtuxisae01c1vr10m91xf217", "25-0000228")	130000	Pembelian Barang dagangan Modular	Saji	Johan Hariyanto - Bensin, Bahan Bangunan, makan	0	2776000
cmtuxisaq01cfvr10vqo9h82h	17 Sept 25	=HYPERLINK("http://localhost:3000/vouchers/cmtuxisao01cdvr10ilp5nnrr", "25-0000229")	181099	Piutang Lain-lain	Udraji Gunawan	Saji - Batu Kumbang Besar	1380000	0
cmtuxisas01chvr10texzszs1	17 Sept 25	=HYPERLINK("http://localhost:3000/vouchers/cmtuxisao01cdvr10ilp5nnrr", "25-0000229")	181099	Piutang Lain-lain	Udraji Gunawan	Saji - Batu Kumbang Besar	2500	0
cmtuxisat01cjvr10o44wi3o5	17 Sept 25	=HYPERLINK("http://localhost:3000/vouchers/cmtuxisao01cdvr10ilp5nnrr", "25-0000229")	220001	Hutang Pph21	Udraji Gunawan	Saji - Batu Kumbang Besar	0	1382500
cmtuxisax01cnvr10zysya5wg	17 Sept 25	=HYPERLINK("http://localhost:3000/vouchers/cmtuxisav01clvr10hpnvnel3", "25-0000230")	160005	Biaya Dibayar Dimuka Notaris Michael Suyono	Udraji Gunawan	Udraji Gunawan - Pembayaran ke 2 Pemasangan Modular di Kapas, Bojonegoro	25000000	0
cmtuxisaz01cpvr101ha2o41v	17 Sept 25	=HYPERLINK("http://localhost:3000/vouchers/cmtuxisav01clvr10hpnvnel3", "25-0000230")	100101	Bank BCA 4972579789	Udraji Gunawan	Udraji Gunawan - Pembayaran ke 2 Pemasangan Modular di Dander, Bojonegoro	25000000	0
cmtuxisb001crvr10c05at4px	17 Sept 25	=HYPERLINK("http://localhost:3000/vouchers/cmtuxisav01clvr10hpnvnel3", "25-0000230")	130000	Pembelian Barang dagangan Modular	Udraji Gunawan	Udraji Gunawan - Bahan Material	4109000	0
cmtuxisb201ctvr10q0ice0pd	17 Sept 25	=HYPERLINK("http://localhost:3000/vouchers/cmtuxisav01clvr10hpnvnel3", "25-0000230")	130000	Pembelian Barang dagangan Modular	Udraji Gunawan	Udraji Gunawan - Nasi Goreng	160000	0
cmtuxisb401cvvr10qc0w31e2	17 Sept 25	=HYPERLINK("http://localhost:3000/vouchers/cmtuxisav01clvr10hpnvnel3", "25-0000230")	220001	Hutang Pph21	Udraji Gunawan	Udraji Gunawan - Pemasangan Modular	0	1250000
cmtuxisb601cxvr10hlj4sd0o	17 Sept 25	=HYPERLINK("http://localhost:3000/vouchers/cmtuxisav01clvr10hpnvnel3", "25-0000230")	160005	Biaya Dibayar Dimuka Notaris Michael Suyono	Udraji Gunawan	Udraji Gunawan - Pemasangan Modular	0	1250000
cmtuxisb801czvr10sianiqj5	17 Sept 25	=HYPERLINK("http://localhost:3000/vouchers/cmtuxisav01clvr10hpnvnel3", "25-0000230")	100101	Bank BCA 4972579789	Udraji Gunawan	Udraji Gunawan - Pemasangan Modular	0	51769000
cmtuxisbb01d3vr108z971ox8	17 Sept 25	=HYPERLINK("http://localhost:3000/vouchers/cmtuxisb901d1vr10mq55bp20", "25-0000231")	181099	Piutang Lain-lain	Darell Karya	Surya Atmadjaya - Pembayaran ke 2 Upah Pasang Modular, Merakurak, Tuban	25000000	0
cmtuxisbd01d5vr102vzk5e4u	17 Sept 25	=HYPERLINK("http://localhost:3000/vouchers/cmtuxisb901d1vr10mq55bp20", "25-0000231")	100101	Bank BCA 4972579789	Darell Karya	Surya Atmadjaya - Pembayaran ke 2 Upah Pasang Modular, PArengan, Tuban	25000000	0
cmtuxisbf01d7vr105qf86amw	18 Sept 25	=HYPERLINK("http://localhost:3000/vouchers/cmtuxisb901d1vr10mq55bp20", "25-0000231")	181099	Piutang Lain-lain	Darell Karya	Surya Atmadjaya - Pembayaran ke 2 Upah Pasang Modular, Merakurak dan Parengan, Tuban	0	1250000
cmtuxisbh01d9vr10o61c78hp	18 Sept 25	=HYPERLINK("http://localhost:3000/vouchers/cmtuxisb901d1vr10mq55bp20", "25-0000231")	100101	Bank BCA 4972579789	Darell Karya	Surya Atmadjaya - Pembayaran ke 2 Upah Pasang Modular, Merakurak dan Parengan, Tuban	0	1250000
cmtuxisbj01dbvr102emr05ue	18 Sept 25	=HYPERLINK("http://localhost:3000/vouchers/cmtuxisb901d1vr10mq55bp20", "25-0000231")	181099	Piutang Lain-lain	Darell Karya	Surya Atmadjaya - Pembayaran ke 2 Upah Pasang Modular, Merakurak dan Parengan, Tuban	0	47500000
cmtuxisbm01dfvr10jfkwpugw	18 Sept 25	=HYPERLINK("http://localhost:3000/vouchers/cmtuxisbk01ddvr1034s352vn", "25-0000232")	100101	Bank BCA 4972579789	Darell Karya	Penggantian Biaya Entertainmen DARELL KARYA	27242360	0
cmtuxisbo01dhvr10jgyb4w7s	18 Sept 25	=HYPERLINK("http://localhost:3000/vouchers/cmtuxisbk01ddvr1034s352vn", "25-0000232")	181099	Piutang Lain-lain	Darell Karya	Penggantian Biaya Entertainmen DARELL KARYA	0	27242360
cmtuxisbs01dlvr103zk39iyv	18 Sept 25	=HYPERLINK("http://localhost:3000/vouchers/cmtuxisbq01djvr10xu5l1goy", "25-0000233")	100101	Bank BCA 4972579789	PT. Graha Persada Internasional	Penggantian Tiket Pesawat	9784151	0
cmtuxisbu01dnvr104cbybmii	19 Sept 25	=HYPERLINK("http://localhost:3000/vouchers/cmtuxisbq01djvr10xu5l1goy", "25-0000233")	600100	Keperluan Dapur	PT. Graha Persada Internasional	Penggantian Tiket Pesawat	0	9784151
cmtuxisbx01drvr105mcq0q8d	19 Sept 25	=HYPERLINK("http://localhost:3000/vouchers/cmtuxisbv01dpvr103wqlnkyw", "25-0000234")	600018	Beban Materai	Yohan Sofyan	Darell - Rendy Gucy - Perjalanan Dinas Tiket kereta	1871000	0
cmtuxisbz01dtvr10lt0faekn	19 Sept 25	=HYPERLINK("http://localhost:3000/vouchers/cmtuxisbv01dpvr103wqlnkyw", "25-0000234")	181099	Piutang Lain-lain	Yohan Sofyan	Darell - Rendy Gucy - Perjalanan Dinas Tiket kereta	0	1871000
cmtuxisc201dxvr104jambd3w	19 Sept 25	=HYPERLINK("http://localhost:3000/vouchers/cmtuxisc101dvvr10xlvl0f5k", "25-0000235")	181099	Piutang Lain-lain	Yohan Sofyan	Pt.Graha Persada Internasional - Hotel Perpanjangan	4800000	0
cmtuxisc401dzvr10cwzc57wq	19 Sept 25	=HYPERLINK("http://localhost:3000/vouchers/cmtuxisc101dvvr10xlvl0f5k", "25-0000235")	181099	Piutang Lain-lain	Yohan Sofyan	Pt.Graha Persada Internasional - Hotel Perpanjangan	0	4800000
cmtuxisc701e3vr10jpdcsx5z	19 Sept 25	=HYPERLINK("http://localhost:3000/vouchers/cmtuxisc601e1vr10zrysk2z0", "25-0000236")	181099	Piutang Lain-lain	Yohan Sofyan	1 Dus Aqua 330 Ml	50000	0
cmtuxisca01e5vr10q4zqiwma	19 Sept 25	=HYPERLINK("http://localhost:3000/vouchers/cmtuxisc601e1vr10zrysk2z0", "25-0000236")	100000	Kas	Yohan Sofyan	10 Materai @ 12.000	120000	0
cmtuxiscb01e7vr105tahste7	19 Sept 25	=HYPERLINK("http://localhost:3000/vouchers/cmtuxisc601e1vr10zrysk2z0", "25-0000236")	140002	Pembelian Material	Yohan Sofyan	33 Amplop Coklat kiky	99000	0
cmtuxiscd01e9vr10x69xxd13	19 Sept 25	=HYPERLINK("http://localhost:3000/vouchers/cmtuxisc601e1vr10zrysk2z0", "25-0000236")	100101	Bank BCA 4972579789	Yohan Sofyan	Penghapus Papan Tulis	10000	0
cmtuxisce01ebvr100wqtqxvx	19 Sept 25	=HYPERLINK("http://localhost:3000/vouchers/cmtuxisc601e1vr10zrysk2z0", "25-0000236")	720002	Beban Adm.Bank & Buku Cek/Giro	Yohan Sofyan	2 Spidol Sowman	30000	0
cmtuxiscg01edvr10fvtpeeq5	19 Sept 25	=HYPERLINK("http://localhost:3000/vouchers/cmtuxisc601e1vr10zrysk2z0", "25-0000236")	100101	Bank BCA 4972579789	Yohan Sofyan	1 Map Bening	35000	0
cmtuxisci01efvr10ofvgmqed	19 Sept 25	=HYPERLINK("http://localhost:3000/vouchers/cmtuxisc601e1vr10zrysk2z0", "25-0000236")	140002	Pembelian Material	Yohan Sofyan	Keperluan Kantor Dan Dapur	0	344000
cmtuxiscl01ejvr10n041onaw	19 Sept 25	=HYPERLINK("http://localhost:3000/vouchers/cmtuxisck01ehvr10jq4e9x04", "25-0000237")	100101	Bank BCA 4972579789	Saji	Saji - Toko Tunggal Tata-Material daerah merakurak, Tuban	5184000	0
cmtuxiscn01elvr10pctihjcp	19 Sept 25	=HYPERLINK("http://localhost:3000/vouchers/cmtuxisck01ehvr10jq4e9x04", "25-0000237")	720002	Beban Adm.Bank & Buku Cek/Giro	Saji	Saji - Toko Tunggal Tata-Material daerah merakurak, Tuban	0	5184000
cmtuxiscp01envr10r1idc325	19 Sept 25	=HYPERLINK("http://localhost:3000/vouchers/cmtuxisck01ehvr10jq4e9x04", "25-0000237")	100101	Bank BCA 4972579789	Saji	Saji - Toko Tunggal Tata-Material daerah merakurak, Tuban	2500	0
cmtuxiscr01epvr109qc5hdu3	19 Sept 25	=HYPERLINK("http://localhost:3000/vouchers/cmtuxisck01ehvr10jq4e9x04", "25-0000237")	190002	Aset Tetap Furniture	Saji	Saji - Toko Tunggal Tata-Material daerah merakurak, Tuban	0	2500
cmtuxisct01ervr10muhgf979	19 Sept 25	=HYPERLINK("http://localhost:3000/vouchers/cmtuxisck01ehvr10jq4e9x04", "25-0000237")	100101	Bank BCA 4972579789	Saji	Saji - Toko Tunggal Tata-Material daerah merakurak, Tuban	2672000	0
cmtuxiscu01etvr10c5nkdewv	20 Sept 25	=HYPERLINK("http://localhost:3000/vouchers/cmtuxisck01ehvr10jq4e9x04", "25-0000237")	181099	Piutang Lain-lain	Saji	Saji - Toko Tunggal Tata-Material daerah merakurak, Tuban	0	2672000
cmtuxiscw01evvr1090camvpd	20 Sept 25	=HYPERLINK("http://localhost:3000/vouchers/cmtuxisck01ehvr10jq4e9x04", "25-0000237")	100101	Bank BCA 4972579789	Saji	Saji - Toko Tunggal Tata-Material daerah merakurak, Tuban	2500	0
cmtuxiscy01exvr10y4clhq9h	22 Sept 25	=HYPERLINK("http://localhost:3000/vouchers/cmtuxisck01ehvr10jq4e9x04", "25-0000237")	181099	Piutang Lain-lain	Saji	Saji - Toko Tunggal Tata-Material daerah merakurak, Tuban	0	2500
cmtuxisd201f1vr10mjnq2ohn	22 Sept 25	=HYPERLINK("http://localhost:3000/vouchers/cmtuxisd001ezvr10desppd59", "25-0000238")	100101	Bank BCA 4972579789	Dwi Prayogo	Informa Qbig - Kursi Meeting 4 Buah, Lemari Arsip,Papan Tulis	6104300	0
cmtuxisd401f3vr10zxbxmxoz	22 Sept 25	=HYPERLINK("http://localhost:3000/vouchers/cmtuxisd001ezvr10desppd59", "25-0000238")	120000	Uang Muka Pembelian Barang dagangan Modular	Dwi Prayogo	Informa Qbig - Kursi Meeting 4 Buah, Lemari Arsip,Papan Tulis	0	6104300
cmtuxisd801f7vr1044v52iwo	22 Sept 25	=HYPERLINK("http://localhost:3000/vouchers/cmtuxisd601f5vr10gjqxdlfs", "25-0000239")	100101	Bank BCA 4972579789	Anhui Import & Export Co.,Ltd.	Pt.Graha Persada Internasional - Hotel Perpanjangan 20-22 Sept 2025	4800000	0
cmtuxisda01f9vr10snddo70h	22 Sept 25	=HYPERLINK("http://localhost:3000/vouchers/cmtuxisd601f5vr10gjqxdlfs", "25-0000239")	140002	Pembelian Material	Anhui Import & Export Co.,Ltd.	Pt.Graha Persada Internasional - Hotel Perpanjangan 20-22 Sept 2025	0	4800000
cmtuxisde01fdvr100pwevphq	22 Sept 25	=HYPERLINK("http://localhost:3000/vouchers/cmtuxisdb01fbvr107sl5ewf4", "25-0000240")	100101	Bank BCA 4972579789	Surya Atmadjaya	Entertaimen	70000000	0
cmtuxisdg01ffvr10uu9nrzn6	23 Sept 25	=HYPERLINK("http://localhost:3000/vouchers/cmtuxisdb01fbvr107sl5ewf4", "25-0000240")	100101	Bank BCA 4972579789	Surya Atmadjaya	Entertaimen	0	70000000
cmtuxisdk01fjvr104hxxhdfg	23 Sept 25	=HYPERLINK("http://localhost:3000/vouchers/cmtuxisdi01fhvr108mnzz2oo", "25-0000241")	230000	Hutang Pemegang Saham William Ong	PT. Prima Mira Bersama ( BCA )	Anhui Import & Export - uang Muka 50% Pembelian Modular dan biaya adm bank	382541862	0
cmtuxisdm01flvr10z6nx396g	23 Sept 25	=HYPERLINK("http://localhost:3000/vouchers/cmtuxisdi01fhvr108mnzz2oo", "25-0000241")	720002	Beban Adm.Bank & Buku Cek/Giro	PT. Prima Mira Bersama ( BCA )	Anhui Import & Export - uang Muka 50% Pembelian Modular dan biaya adm bank	0	382541862
cmtuxisdq01fpvr100mt6a8od	23 Sept 25	=HYPERLINK("http://localhost:3000/vouchers/cmtuxisdo01fnvr1044gefe50", "25-0000242")	100101	Bank BCA 4972579789	PT. Prima Mira Bersama ( BCA )	Surya Atmadjaya - Material untuk bojonegoro dan Tuban	23530800	0
cmtuxisdr01frvr104u0om7nb	23 Sept 25	=HYPERLINK("http://localhost:3000/vouchers/cmtuxisdo01fnvr1044gefe50", "25-0000242")	150000	Ongkos Pasang Modular	PT. Prima Mira Bersama ( BCA )	Surya Atmadjaya - Material untuk bojonegoro dan Tuban	0	23530800
cmtuxisdv01fvvr10lj488wik	23 Sept 25	=HYPERLINK("http://localhost:3000/vouchers/cmtuxisdt01ftvr10qejacsf4", "25-0000243")	150000	Ongkos Pasang Modular	Agus Budiono Kuncoro	Pinjaman	1600000000	0
cmtuxisdx01fxvr10ooqs6mew	23 Sept 25	=HYPERLINK("http://localhost:3000/vouchers/cmtuxisdt01ftvr10qejacsf4", "25-0000243")	160005	Biaya Dibayar Dimuka Notaris Michael Suyono	Agus Budiono Kuncoro	Pinjaman dari Wlliam Ong	0	1600000000
cmtuxise101g1vr1017sstuvx	23 Sept 25	=HYPERLINK("http://localhost:3000/vouchers/cmtuxisdz01fzvr10u2g5q4pl", "25-0000244")	220001	Hutang Pph21	Agus Budiono Kuncoro	Buku Cek BCA	275000	0
cmtuxise201g3vr10ef5gjxqz	23 Sept 25	=HYPERLINK("http://localhost:3000/vouchers/cmtuxisdz01fzvr10u2g5q4pl", "25-0000244")	100101	Bank BCA 4972579789	Agus Budiono Kuncoro	Buku Cek BCA	0	275000
cmtuxise601g7vr10fc4m5160	23 Sept 25	=HYPERLINK("http://localhost:3000/vouchers/cmtuxise401g5vr10epcyeoea", "25-0000245")	600100	Keperluan Dapur	Yohan Sofyan	Agus Budi Kuntjoro - Pembayaran ke 2 Pemasangan Modular Kerek, Padasan, Tuban	25000000	0
cmtuxise801g9vr10fy3ap0n5	23 Sept 25	=HYPERLINK("http://localhost:3000/vouchers/cmtuxise401g5vr10epcyeoea", "25-0000245")	600100	Keperluan Dapur	Yohan Sofyan	Agus Budi Kuntjoro - Pembayaran ke 2 Pemasangan Modular Kedung Adem, Kepoh Kidul, Bojonegoro	25000000	0
cmtuxisea01gbvr10dc5lix3p	23 Sept 25	=HYPERLINK("http://localhost:3000/vouchers/cmtuxise401g5vr10epcyeoea", "25-0000245")	181099	Piutang Lain-lain	Yohan Sofyan	Agus Budi Kuntjoro - Pemasangan Modular	0	1250000
cmtuxiseb01gdvr10u49ah256	23 Sept 25	=HYPERLINK("http://localhost:3000/vouchers/cmtuxise401g5vr10epcyeoea", "25-0000245")	600100	Keperluan Dapur	Yohan Sofyan	Agus Budi Kuntjoro - Pemasangan Modular	0	1250000
cmtuxised01gfvr10uczae0bo	23 Sept 25	=HYPERLINK("http://localhost:3000/vouchers/cmtuxise401g5vr10epcyeoea", "25-0000245")	600100	Keperluan Dapur	Yohan Sofyan	Agus Budi Kuntjoro - Pemasangan Modular	0	47500000
cmtuxiseh01gjvr10ut2kstai	23 Sept 25	=HYPERLINK("http://localhost:3000/vouchers/cmtuxisef01ghvr10svglig80", "25-0000246")	600100	Keperluan Dapur	Yohan Sofyan	Hypermart - Kopi Kapal Api	20990	0
cmtuxisej01glvr10u5i4v9e5	23 Sept 25	=HYPERLINK("http://localhost:3000/vouchers/cmtuxisef01ghvr10svglig80", "25-0000246")	600100	Keperluan Dapur	Yohan Sofyan	Hypermart - Kamper	32290	0
cmtuxisel01gnvr104h4ms0vj	23 Sept 25	=HYPERLINK("http://localhost:3000/vouchers/cmtuxisef01ghvr10svglig80", "25-0000246")	100000	Kas	Yohan Sofyan	Hypermart - Kenko Staples	30590	0
cmtuxisem01gpvr10atk9lffb	23 Sept 25	=HYPERLINK("http://localhost:3000/vouchers/cmtuxisef01ghvr10svglig80", "25-0000246")	600100	Keperluan Dapur	Yohan Sofyan	Hypermart - Pledge Lio LMN (Pembersih Kayu)	22490	0
cmtuxiseo01grvr103wq4fc5e	23 Sept 25	=HYPERLINK("http://localhost:3000/vouchers/cmtuxisef01ghvr10svglig80", "25-0000246")	100000	Kas	Yohan Sofyan	Hypermart - Pembersih Tangan ( HPM HW Antibacterial	34900	0
cmtuxiseq01gtvr10xzzizopg	23 Sept 25	=HYPERLINK("http://localhost:3000/vouchers/cmtuxisef01ghvr10svglig80", "25-0000246")	600100	Keperluan Dapur	Yohan Sofyan	Hypermart - Topngtji Jsm	10190	0
cmtuxises01gvvr109kx4oqei	23 Sept 25	=HYPERLINK("http://localhost:3000/vouchers/cmtuxisef01ghvr10svglig80", "25-0000246")	100000	Kas	Yohan Sofyan	Hypermart - Baygon Aerosal Flowe	42645	0
cmtuxiseu01gxvr10nh18oz10	23 Sept 25	=HYPERLINK("http://localhost:3000/vouchers/cmtuxisef01ghvr10svglig80", "25-0000246")	600100	Keperluan Dapur	Yohan Sofyan	Keperluan Kantor Dan Dapur	0	194095
cmtuxisex01h1vr10lfp5wdcj	23 Sept 25	=HYPERLINK("http://localhost:3000/vouchers/cmtuxisev01gzvr1027c9r7c1", "25-0000247")	100000	Kas	Yohan Sofyan	Pom Mini Pertamina - Aqua Isi Ulang	21000	0
cmtuxisey01h3vr10n5skcnre	23 Sept 25	=HYPERLINK("http://localhost:3000/vouchers/cmtuxisev01gzvr1027c9r7c1", "25-0000247")	100000	Kas	Yohan Sofyan	Keperluan Kantor Dan Dapur	0	21000
cmtuxisf001h5vr105b4wb4jx	23 Sept 25	=HYPERLINK("http://localhost:3000/vouchers/cmtuxisev01gzvr1027c9r7c1", "25-0000247")	100101	Bank BCA 4972579789	Yohan Sofyan	Pom Mini Pertamina - Aqua Isi Ulang	21000	0
cmtuxisf201h7vr10z19298np	23 Sept 25	=HYPERLINK("http://localhost:3000/vouchers/cmtuxisev01gzvr1027c9r7c1", "25-0000247")	130000	Pembelian Barang dagangan Modular	Yohan Sofyan	Keperluan Kantor Dan Dapur	0	21000
cmtuxisf601hbvr105edlkygp	23 Sept 25	=HYPERLINK("http://localhost:3000/vouchers/cmtuxisf401h9vr10dzpywlma", "25-0000248")	130000	Pembelian Barang dagangan Modular	Firman Nurwegian	Sidomakmur - Susu Dancow	37000	0
cmtuxisf801hdvr10mij1xids	23 Sept 25	=HYPERLINK("http://localhost:3000/vouchers/cmtuxisf401h9vr10dzpywlma", "25-0000248")	130000	Pembelian Barang dagangan Modular	Firman Nurwegian	Sidomakmur - Susu Dancow	0	37000
cmtuxisfc01hhvr105d3fznpj	23 Sept 25	=HYPERLINK("http://localhost:3000/vouchers/cmtuxisfa01hfvr103ku8fq61", "25-0000249")	220001	Hutang Pph21	Firman Nurwegian	Pengisian Kas	1222505	0
cmtuxisfd01hjvr10sdixu181	23 Sept 25	=HYPERLINK("http://localhost:3000/vouchers/cmtuxisfa01hfvr103ku8fq61", "25-0000249")	100101	Bank BCA 4972579789	Firman Nurwegian	Pengisian Kas	0	1222505
cmtuxisfh01hnvr10kky2uwzz	23 Sept 25	=HYPERLINK("http://localhost:3000/vouchers/cmtuxisff01hlvr10eaddt3ti", "25-0000250")	130000	Pembelian Barang dagangan Modular	Udraji Gunawan	Firman Nurwegian - Pemasangan Modular di Pasuruan (Kejapanan, Gempol)	25000000	0
cmtuxisfi01hpvr1088gvic2p	23 Sept 25	=HYPERLINK("http://localhost:3000/vouchers/cmtuxisff01hlvr10eaddt3ti", "25-0000250")	130000	Pembelian Barang dagangan Modular	Udraji Gunawan	Firman Nurwegian - Pemasangan Modular di Pasuruan (Kedung Banteng, Rembang)	25000000	0
cmtuxisfk01hrvr10c74x67x1	23 Sept 25	=HYPERLINK("http://localhost:3000/vouchers/cmtuxisff01hlvr10eaddt3ti", "25-0000250")	220001	Hutang Pph21	Udraji Gunawan	Firman Nurwegian - Pemasangan Modular di Pasuruan (2 Titik Gempol dan 1 Titik Rembang)	0	1875000
cmtuxisfm01htvr106i66mai9	23 Sept 25	=HYPERLINK("http://localhost:3000/vouchers/cmtuxisff01hlvr10eaddt3ti", "25-0000250")	100101	Bank BCA 4972579789	Udraji Gunawan	Firman Nurwegian - Pemasangan Modular di Pasuruan (2 Titik Gempol dan 1 Titik Rembang)	0	73125000
cmtuxisfp01hxvr10g6ttby1l	23 Sept 25	=HYPERLINK("http://localhost:3000/vouchers/cmtuxisfo01hvvr10xaf1l2dp", "25-0000251")	130000	Pembelian Barang dagangan Modular	Udraji Gunawan	Firman Nurwegian - Pemasangan Modular di Pasuruan (Jeruk Purut, Gempol)	25000000	0
cmtuxisfr01hzvr10tg7ltl5a	23 Sept 25	=HYPERLINK("http://localhost:3000/vouchers/cmtuxisfo01hvvr10xaf1l2dp", "25-0000251")	181099	Piutang Lain-lain	Udraji Gunawan	Udraji - Ricky Herdhanny - DP Pemasangan Modular di Grati, Cukurgondang, Pasuruan	25000000	0
cmtuxisft01i1vr106kzasq4q	23 Sept 25	=HYPERLINK("http://localhost:3000/vouchers/cmtuxisfo01hvvr10xaf1l2dp", "25-0000251")	100101	Bank BCA 4972579789	Udraji Gunawan	Udraji - Ricky Herdhanny - DP Pemasangan Modular di Wonorejo, Cobanblimbing, Pasuruan	25000000	0
cmtuxisfv01i3vr10ibx4zl7b	23 Sept 25	=HYPERLINK("http://localhost:3000/vouchers/cmtuxisfo01hvvr10xaf1l2dp", "25-0000251")	130002	Pembelian Barang dagangan Food Tray	Udraji Gunawan	Udraji - Ricky Herdhanny - DP Pemasangan Modular di Kejayan, Ambal Ambil, Pasuruan	25000000	0
cmtuxisfx01i5vr109k76m1h3	23 Sept 25	=HYPERLINK("http://localhost:3000/vouchers/cmtuxisfo01hvvr10xaf1l2dp", "25-0000251")	220000	PPN Keluaran	Udraji Gunawan	Udraji - Ricky Herdhanny - Pemasangan Modular di Grati, Wonorejo dan Kejayan - Pasuruan	0	1875000
cmtuxisfy01i7vr10z4u4o9td	23 Sept 25	=HYPERLINK("http://localhost:3000/vouchers/cmtuxisfo01hvvr10xaf1l2dp", "25-0000251")	999999	Lain Lain	Udraji Gunawan	Udraji - Ricky Herdhanny - Pemasangan Modular di Grati, Wonorejo dan Kejayan - Pasuruan	0	73125000
cmtuxisg201ibvr1033et2irw	23 Sept 25	=HYPERLINK("http://localhost:3000/vouchers/cmtuxisg001i9vr10sn76im5f", "25-0000252")	210003	Hutang Dagang Pembelian Food Tray	PT. Sumber Digital Media	Darell Karya - Visa	1500000	0
cmtuxisg301idvr1093n1m13j	23 Sept 25	=HYPERLINK("http://localhost:3000/vouchers/cmtuxisg001i9vr10sn76im5f", "25-0000252")	100101	Bank BCA 4972579789	PT. Sumber Digital Media	Darell Karya - Visa	0	1500000
cmtuxisg801ihvr10u3kqd5e9	23 Sept 25	=HYPERLINK("http://localhost:3000/vouchers/cmtuxisg601ifvr103dk9dkh1", "25-0000253")	181099	Piutang Lain-lain	Punjung Hari Prabowo	Sumber Digital Media - Faktur no 25000631 -Faktur Pajak no 04002500306937171- Tray Food Set - 24.000 Pcs	843264000	0
cmtuxisg901ijvr106qtfiz0b	23 Sept 25	=HYPERLINK("http://localhost:3000/vouchers/cmtuxisg601ifvr103dk9dkh1", "25-0000253")	160000	Biaya Dibayar Dimuka Perjalanan Dinas	Punjung Hari Prabowo	Sumber Digital Media - Faktur no 25000631 -Faktur Pajak no 04002500306937171- Tray Food Set - 24.000 Pcs	92756757	0
cmtuxisgb01ilvr10hhaq1sb1	23 Sept 25	=HYPERLINK("http://localhost:3000/vouchers/cmtuxisg601ifvr103dk9dkh1", "25-0000253")	100101	Bank BCA 4972579789	Punjung Hari Prabowo	Sumber Digital Media - Faktur no 25000631 -Faktur Pajak no 04002500306937171- Tray Food Set - 24.000 Pcs	0	20757
cmtuxisgd01invr107h5c4btm	24 Sept 25	=HYPERLINK("http://localhost:3000/vouchers/cmtuxisg601ifvr103dk9dkh1", "25-0000253")	181099	Piutang Lain-lain	Punjung Hari Prabowo	Sumber Digital Media - Faktur no 25000631 -Faktur Pajak no 04002500306937171- Tray Food Set - 24.000 Pcs	0	468000000
cmtuxisgf01ipvr10iz5iop9a	24 Sept 25	=HYPERLINK("http://localhost:3000/vouchers/cmtuxisg601ifvr103dk9dkh1", "25-0000253")	100101	Bank BCA 4972579789	Punjung Hari Prabowo	Sumber Digital Media - Faktur no 25000631 -Faktur Pajak no 04002500306937171- Tray Food Set - 24.000 Pcs	0	468000000
cmtuxisgi01itvr101pj7gl4o	24 Sept 25	=HYPERLINK("http://localhost:3000/vouchers/cmtuxisgg01irvr10sykfkg4t", "25-0000254")	600020	Beban Pajak PPN BM	Direktorat Jenderal Bea dan Cukai	Balioh - Mobil	7000000	0
cmtuxisgk01ivvr10nblcb7ef	24 Sept 25	=HYPERLINK("http://localhost:3000/vouchers/cmtuxisgg01irvr10sykfkg4t", "25-0000254")	220000	PPN Keluaran	Direktorat Jenderal Bea dan Cukai	Balioh - Mobil	3000000	0
cmtuxisgl01ixvr107huw1sm7	24 Sept 25	=HYPERLINK("http://localhost:3000/vouchers/cmtuxisgg01irvr10sykfkg4t", "25-0000254")	170000	Pajak dibayar dimuka PPH22	Direktorat Jenderal Bea dan Cukai	Balioh - Mobil	0	10000000
cmtuxisgp01j1vr10dvcntxzm	24 Sept 25	=HYPERLINK("http://localhost:3000/vouchers/cmtuxisgn01izvr10mrcmho15", "25-0000255")	140003	Reimbursment / Debit Note Biaya Pelabuhan	Wawan	Perjalanan Dinas Pak David ke Bojonegoro	2934701	0
cmtuxisgr01j3vr10nzw8eqtr	24 Sept 25	=HYPERLINK("http://localhost:3000/vouchers/cmtuxisgn01izvr10mrcmho15", "25-0000255")	140003	Reimbursment / Debit Note Biaya Pelabuhan	Wawan	Perjalanan Dinas Pak David ke Bojonegoro	0	2934701
cmtuxisgu01j7vr10pa4x4xoi	24 Sept 25	=HYPERLINK("http://localhost:3000/vouchers/cmtuxisgt01j5vr10jwlxgkew", "25-0000256")	181099	Piutang Lain-lain	Wawan	Pemberitahuan Import Barang (PIB) no 052547 tertanggal 09 Sept 2025	198544000	0
cmtuxisgw01j9vr10xbju6dcl	24 Sept 25	=HYPERLINK("http://localhost:3000/vouchers/cmtuxisgt01j5vr10jwlxgkew", "25-0000256")	100101	Bank BCA 4972579789	Wawan	Pemberitahuan Import Barang (PIB) no 052547 tertanggal 09 Sept 2025	167438056	0
cmtuxisgy01jbvr10t29fbr5w	24 Sept 25	=HYPERLINK("http://localhost:3000/vouchers/cmtuxisgt01j5vr10jwlxgkew", "25-0000256")	130000	Pembelian Barang dagangan Modular	Wawan	Pemberitahuan Import Barang (PIB) no 052547 tertanggal 09 Sept 2025	38054100	0
cmtuxish001jdvr107n1m2vov	24 Sept 25	=HYPERLINK("http://localhost:3000/vouchers/cmtuxisgt01j5vr10jwlxgkew", "25-0000256")	210000	Hutang Dagang Modular Wuxi Purite Import & Export Co., Ltd, China	Wawan	Wawan - Panca Tunas Group - Tagihan untuk pengiriman 10 Modular untuk kpasuruan	27500700	0
cmtuxish101jfvr10go4j5l7d	24 Sept 25	=HYPERLINK("http://localhost:3000/vouchers/cmtuxisgt01j5vr10jwlxgkew", "25-0000256")	181099	Piutang Lain-lain	Wawan	Wawan - Panca Tunas Group - Tagihan untuk pengiriman 10 Modular untuk kpasuruan	83634072	0
cmtuxish301jhvr10z2n7swxz	24 Sept 25	=HYPERLINK("http://localhost:3000/vouchers/cmtuxisgt01j5vr10jwlxgkew", "25-0000256")	100101	Bank BCA 4972579789	Wawan	Wawan - Panca Tunas Group - Tagihan untuk pengiriman 10 Modular untuk kpasuruan	784829072	0
cmtuxish501jjvr10ucp5a6x2	24 Sept 25	=HYPERLINK("http://localhost:3000/vouchers/cmtuxisgt01j5vr10jwlxgkew", "25-0000256")	600026	Outsourching	Wawan	Wawan - Panca Tunas Group - Tagihan untuk pengiriman 10 Modular untuk kpasuruan	0	1300000000
cmtuxish601jlvr10d5ky7dry	24 Sept 25	=HYPERLINK("http://localhost:3000/vouchers/cmtuxisgt01j5vr10jwlxgkew", "25-0000256")	220002	Hutang Pph23	Wawan	Wuxi Purite Import & Export Co., Ltd, China CNY 1.555.120 kurs tengah BI tgl PIB 9 sept 2025 : 2.292.03	3564381693.6	0
cmtuxish801jnvr10nxi8k62n	24 Sept 25	=HYPERLINK("http://localhost:3000/vouchers/cmtuxisgt01j5vr10jwlxgkew", "25-0000256")	100101	Bank BCA 4972579789	Wawan	Wuxi Purite Import & Export Co., Ltd, China CNY 1.555.120 kurs tengah BI tgl PIB 9 sept 2025 : 2.292.03	0	3564381693.6
cmtuxishd01jrvr10ahyclj4b	24 Sept 25	=HYPERLINK("http://localhost:3000/vouchers/cmtuxisha01jpvr10skagxfqc", "25-0000257")	600026	Outsourching	PT. Megah Surya Transportasindo	PT. Graha Persada International - Extend Hotel Bojonegoro	10600000	0
cmtuxishf01jtvr10m5bkmuj9	24 Sept 25	=HYPERLINK("http://localhost:3000/vouchers/cmtuxisha01jpvr10skagxfqc", "25-0000257")	220002	Hutang Pph23	PT. Megah Surya Transportasindo	PT. Graha Persada International - Extend Hotel Bojonegoro	0	10600000
cmtuxishj01jxvr10i4vep0tf	24 Sept 25	=HYPERLINK("http://localhost:3000/vouchers/cmtuxishh01jvvr10wn5mtxex", "25-0000258")	100101	Bank BCA 4972579789	PT. Megah Surya Transportasindo	PT. Megah Surya Transportasindo - Ekspedisi	7100000	0
cmtuxishk01jzvr10byttdsmc	24 Sept 25	=HYPERLINK("http://localhost:3000/vouchers/cmtuxishh01jvvr10wn5mtxex", "25-0000258")	181099	Piutang Lain-lain	PT. Megah Surya Transportasindo	PT. Megah Surya Transportasindo - Ekspedisi	0	142000
cmtuxishm01k1vr10g0gdu154	24 Sept 25	=HYPERLINK("http://localhost:3000/vouchers/cmtuxishh01jvvr10wn5mtxex", "25-0000258")	160000	Biaya Dibayar Dimuka Perjalanan Dinas	PT. Megah Surya Transportasindo	PT. Megah Surya Transportasindo - Ekspedisi	0	6958000
cmtuxishq01k5vr1070sq24tu	24 Sept 25	=HYPERLINK("http://localhost:3000/vouchers/cmtuxisho01k3vr10zzqoprm0", "25-0000259")	100101	Bank BCA 4972579789	Johan Hariyanto	PT. Megah Surya Transportasindo - Ekspedisi	7100000	0
cmtuxishs01k7vr104hobxh87	25 Sept 25	=HYPERLINK("http://localhost:3000/vouchers/cmtuxisho01k3vr10zzqoprm0", "25-0000259")	160000	Biaya Dibayar Dimuka Perjalanan Dinas	Johan Hariyanto	PT. Megah Surya Transportasindo - Ekspedisi	0	142000
cmtuxishu01k9vr10zsn5zemd	25 Sept 25	=HYPERLINK("http://localhost:3000/vouchers/cmtuxisho01k3vr10zzqoprm0", "25-0000259")	100101	Bank BCA 4972579789	Johan Hariyanto	PT. Megah Surya Transportasindo - Ekspedisi	0	6958000
cmtuxishx01kdvr10vw1t39j6	25 Sept 25	=HYPERLINK("http://localhost:3000/vouchers/cmtuxishv01kbvr10lzq6iod0", "25-0000260")	160000	Biaya Dibayar Dimuka Perjalanan Dinas	Daffa Earin Alghazali	Johan Hariyanto - Biaya Operasional bojonegoro	5290000	0
cmtuxishz01kfvr100hxrunkc	25 Sept 25	=HYPERLINK("http://localhost:3000/vouchers/cmtuxishv01kbvr10lzq6iod0", "25-0000260")	100101	Bank BCA 4972579789	Daffa Earin Alghazali	Johan Hariyanto - Biaya Operasional bojonegoro	0	5000000
cmtuxisi001khvr10esmkgmce	25 Sept 25	=HYPERLINK("http://localhost:3000/vouchers/cmtuxishv01kbvr10lzq6iod0", "25-0000260")	181099	Piutang Lain-lain	Daffa Earin Alghazali	Johan Hariyanto - Biaya Operasional bojonegoro	0	290000
cmtuxisi501klvr1042chuj38	25 Sept 25	=HYPERLINK("http://localhost:3000/vouchers/cmtuxisi201kjvr106hcxmcfh", "25-0000261")	100101	Bank BCA 4972579789	PT. Graha Persada Internasional	Rizky - Cash Advance Bojonegoro	5000000	0
cmtuxisi601knvr1084fmr8gs	25 Sept 25	=HYPERLINK("http://localhost:3000/vouchers/cmtuxisi201kjvr106hcxmcfh", "25-0000261")	600003	Beban Tunjangan Tempat Tinggal	PT. Graha Persada Internasional	Rizky - Cash Advance Bojonegoro	0	5000000
cmtuxisia01krvr10quuzqxg3	25 Sept 25	=HYPERLINK("http://localhost:3000/vouchers/cmtuxisi801kpvr10t1jjhtpv", "25-0000262")	100101	Bank BCA 4972579789	Heri Susanto	Daffa - Cash Advance bojonegoro	3000000	0
cmtuxisib01ktvr10q5qyb66z	25 Sept 25	=HYPERLINK("http://localhost:3000/vouchers/cmtuxisi801kpvr10t1jjhtpv", "25-0000262")	100100	Bank BRI 0509 0100 3205 300	Heri Susanto	Daffa - Cash Advance bojonegoro	0	3000000
cmtuxisig01kxvr10w92ls1nv	25 Sept 25	=HYPERLINK("http://localhost:3000/vouchers/cmtuxisid01kvvr10d8k7cpx4", "25-0000263")	710001	Pendapatan Jasa Giro	PT. Prima Mira Bersama ( BRI )	PT. Graha Persada International - Extend Hotel Bojonegoro	3600000	0
cmtuxisih01kzvr10df3xtqrn	25 Sept 25	=HYPERLINK("http://localhost:3000/vouchers/cmtuxisid01kvvr10d8k7cpx4", "25-0000263")	720002	Beban Adm.Bank & Buku Cek/Giro	PT. Prima Mira Bersama ( BRI )	PT. Graha Persada International - Extend Hotel Bojonegoro	0	3600000
cmtuxisij01l1vr10njeo39t3	25 Sept 25	=HYPERLINK("http://localhost:3000/vouchers/cmtuxisid01kvvr10d8k7cpx4", "25-0000263")	100101	Bank BCA 4972579789	PT. Prima Mira Bersama ( BRI )	Daffa & Ary - DP Tempat Tinggal di Bojonegoro	400000	0
cmtuxisil01l3vr104qtjylcq	25 Sept 25	=HYPERLINK("http://localhost:3000/vouchers/cmtuxisid01kvvr10d8k7cpx4", "25-0000263")	720002	Beban Adm.Bank & Buku Cek/Giro	PT. Prima Mira Bersama ( BRI )	Daffa & Ary - DP Tempat Tinggal di Bojonegoro	0	400000
cmtuxisip01l7vr10ibkzmcv9	25 Sept 25	=HYPERLINK("http://localhost:3000/vouchers/cmtuxisim01l5vr10e48ed5iy", "25-0000264")	100100	Bank BRI 0509 0100 3205 300	PT. Prima Mira Bersama ( BRI )	Interest on Account BRI	1129	0
cmtuxisiq01l9vr10e7p5uqnq	25 Sept 25	=HYPERLINK("http://localhost:3000/vouchers/cmtuxisim01l5vr10e48ed5iy", "25-0000264")	720002	Beban Adm.Bank & Buku Cek/Giro	PT. Prima Mira Bersama ( BRI )	Interest on Account BRI	0	1129
cmtuxisis01lbvr10v20upgji	25 Sept 25	=HYPERLINK("http://localhost:3000/vouchers/cmtuxisim01l5vr10e48ed5iy", "25-0000264")	100100	Bank BRI 0509 0100 3205 300	PT. Prima Mira Bersama ( BRI )	Biaya Admin Bank	2500	0
cmtuxisit01ldvr10nsd15wy0	25 Sept 25	=HYPERLINK("http://localhost:3000/vouchers/cmtuxisim01l5vr10e48ed5iy", "25-0000264")	720003	Pajak Jasa Giro	PT. Prima Mira Bersama ( BRI )	Biaya Admin Bank	0	2500
cmtuxisiv01lfvr10hrjiv5kn	25 Sept 25	=HYPERLINK("http://localhost:3000/vouchers/cmtuxisim01l5vr10e48ed5iy", "25-0000264")	100100	Bank BRI 0509 0100 3205 300	PT. Prima Mira Bersama ( BRI )	Minimum Balance Fee Bank BRI	35000	0
cmtuxisix01lhvr108i6caf7z	26 Sept 25	=HYPERLINK("http://localhost:3000/vouchers/cmtuxisim01l5vr10e48ed5iy", "25-0000264")	720002	Beban Adm.Bank & Buku Cek/Giro	PT. Prima Mira Bersama ( BRI )	Minimum Balance Fee Bank BRI	0	35000
cmtuxisiz01ljvr103y331bas	26 Sept 25	=HYPERLINK("http://localhost:3000/vouchers/cmtuxisim01l5vr10e48ed5iy", "25-0000264")	100101	Bank BCA 4972579789	PT. Prima Mira Bersama ( BRI )	Monthly Fee ATM Bank BRI	5000	0
cmtuxisj001llvr10bni4f7dh	26 Sept 25	=HYPERLINK("http://localhost:3000/vouchers/cmtuxisim01l5vr10e48ed5iy", "25-0000264")	190001	Aset Tetap Inventaris Kantor	PT. Prima Mira Bersama ( BRI )	Monthly Fee ATM Bank BRI	0	5000
cmtuxisj201lnvr101lpyiixd	26 Sept 25	=HYPERLINK("http://localhost:3000/vouchers/cmtuxisim01l5vr10e48ed5iy", "25-0000264")	100101	Bank BCA 4972579789	PT. Prima Mira Bersama ( BRI )	Tax Pendapatan Jasa Giro BRI	226	0
cmtuxisj401lpvr10se6vinic	26 Sept 25	=HYPERLINK("http://localhost:3000/vouchers/cmtuxisim01l5vr10e48ed5iy", "25-0000264")	181099	Piutang Lain-lain	PT. Prima Mira Bersama ( BRI )	Tax Pendapatan Jasa Giro BRI	0	226
cmtuxisj801ltvr10aqqnp1id	26 Sept 25	=HYPERLINK("http://localhost:3000/vouchers/cmtuxisj501lrvr10ixhgccyx", "25-0000265")	100101	Bank BCA 4972579789	Johan Hariyanto	Token User Diva	25000	0
cmtuxisj901lvvr10cjx5kqdp	28 Sept 25	=HYPERLINK("http://localhost:3000/vouchers/cmtuxisj501lrvr10ixhgccyx", "25-0000265")	160000	Biaya Dibayar Dimuka Perjalanan Dinas	Johan Hariyanto	Token User Diva	0	25000
cmtuxisjd01lzvr10sg4ap01j	28 Sept 25	=HYPERLINK("http://localhost:3000/vouchers/cmtuxisjb01lxvr104dgdzxl3", "25-0000266")	100101	Bank BCA 4972579789	Rizky Yustisiawan Sitanggang	Gunawan Taswin - Gunajaya Mandiri Computer - Laptop	8750000	0
cmtuxisjf01m1vr10pz0sxtlt	28 Sept 25	=HYPERLINK("http://localhost:3000/vouchers/cmtuxisjb01lxvr104dgdzxl3", "25-0000266")	160000	Biaya Dibayar Dimuka Perjalanan Dinas	Rizky Yustisiawan Sitanggang	Gunawan Taswin - Gunajaya Mandiri Computer - Laptop	0	8750000
cmtuxisjj01m5vr10mwmty0o8	28 Sept 25	=HYPERLINK("http://localhost:3000/vouchers/cmtuxisjh01m3vr103iwzgkon", "25-0000267")	100101	Bank BCA 4972579789	Daffa Earin Alghazali	Johan Hariyanto - BBM	300000	0
cmtuxisjl01m7vr100cux32zh	29 Sept 25	=HYPERLINK("http://localhost:3000/vouchers/cmtuxisjh01m3vr103iwzgkon", "25-0000267")	181099	Piutang Lain-lain	Daffa Earin Alghazali	Johan Hariyanto - BBM	0	300000
cmtuxisjo01mbvr101jtlqrix	29 Sept 25	=HYPERLINK("http://localhost:3000/vouchers/cmtuxisjm01m9vr10bjkgklfr", "25-0000268")	100101	Bank BCA 4972579789	PT. Graha Persada Internasional	Rizky - Cash Advance bojonegoro	2000000	0
cmtuxisjq01mdvr10ua5rh9pk	29 Sept 25	=HYPERLINK("http://localhost:3000/vouchers/cmtuxisjm01m9vr10bjkgklfr", "25-0000268")	181099	Piutang Lain-lain	PT. Graha Persada Internasional	Rizky - Cash Advance bojonegoro	0	2000000
cmtuxisju01mhvr10z8x4741n	29 Sept 25	=HYPERLINK("http://localhost:3000/vouchers/cmtuxisjs01mfvr10jwb0ga1e", "25-0000269")	100101	Bank BCA 4972579789	PT. Graha Persada Internasional	Daffa - Cash Advance bojonegoro	2000000	0
cmtuxisjw01mjvr105l5lh7uq	29 Sept 25	=HYPERLINK("http://localhost:3000/vouchers/cmtuxisjs01mfvr10jwb0ga1e", "25-0000269")	600001	Beban Gaji	PT. Graha Persada Internasional	Daffa - Cash Advance bojonegoro	0	2000000
cmtuxisjz01mnvr10ovsv0t04	29 Sept 25	=HYPERLINK("http://localhost:3000/vouchers/cmtuxisjx01mlvr106nwpsqe1", "25-0000270")	181099	Piutang Lain-lain	PT. Prima Mira Bersama ( BCA )	PT. Graha Persada International - Extend Hotel Bojonegoro - Extend 26 sampai 28 Sept	8400000	0
cmtuxisk101mpvr10zmpf6jsr	29 Sept 25	=HYPERLINK("http://localhost:3000/vouchers/cmtuxisjx01mlvr106nwpsqe1", "25-0000270")	181099	Piutang Lain-lain	PT. Prima Mira Bersama ( BCA )	PT. Graha Persada International - Extend Hotel Bojonegoro - Extend 26 sampai 28 Sept	0	8400000
cmtuxisk501mtvr10o22nkyql	29 Sept 25	=HYPERLINK("http://localhost:3000/vouchers/cmtuxisk301mrvr108jitc8fy", "25-0000271")	181099	Piutang Lain-lain	PT. Prima Mira Bersama ( BCA )	PT. Graha Persada International - Extend Hotel Bojonegoro - Extend 28 sampai 30 Sept	8400000	0
cmtuxisk601mvvr103hci3mt1	29 Sept 25	=HYPERLINK("http://localhost:3000/vouchers/cmtuxisk301mrvr108jitc8fy", "25-0000271")	100101	Bank BCA 4972579789	PT. Prima Mira Bersama ( BCA )	PT. Graha Persada International - Extend Hotel Bojonegoro - Extend 28 sampai 30 Sept	0	8400000
cmtuxiska01mzvr10xephahkh	30 Sept 25	=HYPERLINK("http://localhost:3000/vouchers/cmtuxisk801mxvr10lufl3b1i", "25-0000272")	100101	Bank BCA 4972579789	Johan Hariyanto	Biaya Gaji Bulan Sept 2025 - cek no EP 601926	49686364	0
cmtuxiskc01n1vr104z40j031	30 Sept 25	=HYPERLINK("http://localhost:3000/vouchers/cmtuxisk801mxvr10lufl3b1i", "25-0000272")	180000	Pinjaman Karyawan Johan Hariyanto	Johan Hariyanto	Entertaimen - cek no EP 601926	1348858	0
cmtuxiskd01n3vr10u3wuxu50	30 Sept 25	=HYPERLINK("http://localhost:3000/vouchers/cmtuxisk801mxvr10lufl3b1i", "25-0000272")	130000	Pembelian Barang dagangan Modular	Johan Hariyanto	Entertaiment di bojonegoro - Cek EP 601926	16000000	0
cmtuxiskf01n5vr10rayayjyn	30 Sept 25	=HYPERLINK("http://localhost:3000/vouchers/cmtuxisk801mxvr10lufl3b1i", "25-0000272")	130000	Pembelian Barang dagangan Modular	Johan Hariyanto	Entertaimen - cek no EP 601926	50000000	0
cmtuxiskh01n7vr10g4iusew9	30 Sept 25	=HYPERLINK("http://localhost:3000/vouchers/cmtuxisk801mxvr10lufl3b1i", "25-0000272")	220001	Hutang Pph21	Johan Hariyanto	Biaya Gaji dan enteriament - cek no EP 601926	0	117035222
cmtuxiskl01nbvr10eo7eogj9	30 Sept 25	=HYPERLINK("http://localhost:3000/vouchers/cmtuxiski01n9vr10khwwxpxg", "25-0000273")	100101	Bank BCA 4972579789	Ricky Herdhany	Johan Hariyanto - Bayar pinjaman	175000000	0
cmtuxiskn01ndvr10mkhnkchl	30 Sept 25	=HYPERLINK("http://localhost:3000/vouchers/cmtuxiski01n9vr10khwwxpxg", "25-0000273")	180000	Pinjaman Karyawan Johan Hariyanto	Ricky Herdhany	Johan Hariyanto - Bayar pinjaman	0	175000000
cmtuxiskq01nhvr10q9guflxo	30 Sept 25	=HYPERLINK("http://localhost:3000/vouchers/cmtuxiskp01nfvr10oueefeqs", "25-0000274")	130000	Pembelian Barang dagangan Modular	Ricky Herdhany	Ricky Herdhany - Pembayaran ke 3.1 Upah Pemasangan di kapas, Bojonegoro	15000000	0
cmtuxisks01njvr10lcfd6c39	30 Sept 25	=HYPERLINK("http://localhost:3000/vouchers/cmtuxiskp01nfvr10oueefeqs", "25-0000274")	130000	Pembelian Barang dagangan Modular	Ricky Herdhany	Ricky Herdhany - Pembayaran ke 3.1 Upah Pemasangan di dander, Bojonegoro	15000000	0
cmtuxiskt01nlvr1073otntis	30 Sept 25	=HYPERLINK("http://localhost:3000/vouchers/cmtuxiskp01nfvr10oueefeqs", "25-0000274")	220001	Hutang Pph21	Ricky Herdhany	Ricky Herdhany - Pembayaran ke 3..1 Upah Pemasangan di kapas dan dander, Bojonegoro	0	750000
cmtuxiskw01nnvr10argb7k8k	30 Sept 25	=HYPERLINK("http://localhost:3000/vouchers/cmtuxiskp01nfvr10oueefeqs", "25-0000274")	100101	Bank BCA 4972579789	Ricky Herdhany	Ricky Herdhany - Pembayaran ke 3..1 Upah Pemasangan di kapas dan dander, Bojonegoro	0	29250000
cmtuxiskz01nrvr10ucyajjf5	30 Sept 25	=HYPERLINK("http://localhost:3000/vouchers/cmtuxiskx01npvr10lz5zs0jm", "25-0000275")	130000	Pembelian Barang dagangan Modular	Maun	Maun - 2512/SSPA/IX/25 - Upah Pemasangan Modular di Parengan, Tuban	25000000	0
cmtuxisl101ntvr102r6eeva3	30 Sept 25	=HYPERLINK("http://localhost:3000/vouchers/cmtuxiskx01npvr10lz5zs0jm", "25-0000275")	130000	Pembelian Barang dagangan Modular	Maun	Maun - 2512/SSPA/IX/25 - Upah Pemasangan Modular di Merakurak, Tuban	25000000	0
cmtuxisl301nvvr10gib5buun	30 Sept 25	=HYPERLINK("http://localhost:3000/vouchers/cmtuxiskx01npvr10lz5zs0jm", "25-0000275")	220001	Hutang Pph21	Maun	Maun - 2512/SSPA/IX/25 - Upah Pemasangan Modular di merakurak, Parengan, Tuban	0	1250000
cmtuxisl501nxvr107ple38o6	30 Sept 25	=HYPERLINK("http://localhost:3000/vouchers/cmtuxiskx01npvr10lz5zs0jm", "25-0000275")	100101	Bank BCA 4972579789	Maun	Maun - 2512/SSPA/IX/25 - Upah Pemasangan Modular di merakurak, Parengan, Tuban	0	48750000
cmtuxisl901o1vr10btj3cnk5	30 Sept 25	=HYPERLINK("http://localhost:3000/vouchers/cmtuxisl701nzvr10b3z9fy3g", "25-0000276")	130000	Pembelian Barang dagangan Modular	Udraji Gunawan	Udraji - Pembayaran ke 3.2 Pemasangan Modular kapas, Bojonegoro	10000000	0
cmtuxisla01o3vr10vi115sj2	30 Sept 25	=HYPERLINK("http://localhost:3000/vouchers/cmtuxisl701nzvr10b3z9fy3g", "25-0000276")	130000	Pembelian Barang dagangan Modular	Udraji Gunawan	Udraji - Pembayaran ke 3.2 Pemasangan Modular dander, Bojonegoro	10000000	0
cmtuxislc01o5vr104hv3ekdt	30 Sept 25	=HYPERLINK("http://localhost:3000/vouchers/cmtuxisl701nzvr10b3z9fy3g", "25-0000276")	220001	Hutang Pph21	Udraji Gunawan	Udraji - Pemasangan Modular kapas dan dander, Bojonegoro	0	500000
cmtuxisld01o7vr1025j407dd	30 Sept 25	=HYPERLINK("http://localhost:3000/vouchers/cmtuxisl701nzvr10b3z9fy3g", "25-0000276")	100101	Bank BCA 4972579789	Udraji Gunawan	Udraji - Pemasangan Modular kapas dan dander, Bojonegoro	0	19500000
cmtuxislk01obvr10w9wdzh5h	30 Sept 25	=HYPERLINK("http://localhost:3000/vouchers/cmtuxislg01o9vr10uwet6wyz", "25-0000277")	130000	Pembelian Barang dagangan Modular	Maun	Maun - 2513/SSPA/IX/25 - DP Upah Pemasangan Modular di Kalirejo 1, Bangil Pasuruan	25000000	0
cmtuxisln01odvr10qcyketka	30 Sept 25	=HYPERLINK("http://localhost:3000/vouchers/cmtuxislg01o9vr10uwet6wyz", "25-0000277")	130000	Pembelian Barang dagangan Modular	Maun	Maun - 2513/SSPA/IX/25 - DP Upah Pemasangan Modular di Kalirejo 2, Bangil Pasuruan	25000000	0
cmtuxislp01ofvr10oi8ohxuj	30 Sept 25	=HYPERLINK("http://localhost:3000/vouchers/cmtuxislg01o9vr10uwet6wyz", "25-0000277")	220001	Hutang Pph21	Maun	Maun - 2513/SSPA/IX/25 - DP Upah Pemasangan Modular di Kalirejo, Bangil Pasuruan	0	1250000
cmtuxislr01ohvr10evbliuai	30 Sept 25	=HYPERLINK("http://localhost:3000/vouchers/cmtuxislg01o9vr10uwet6wyz", "25-0000277")	100101	Bank BCA 4972579789	Maun	Maun - 2513/SSPA/IX/25 - DP Upah Pemasangan Modular di Kalirejo, Bangil Pasuruan	0	48750000
cmtuxislw01olvr10c0k06mey	30 Sept 25	=HYPERLINK("http://localhost:3000/vouchers/cmtuxislt01ojvr103os9ki0p", "25-0000278")	100101	Bank BCA 4972579789	PT. Prima Mira Bersama ( BCA )	Pinjaman	1000000000	0
cmtuxisly01onvr10kskxohbj	30 Sept 25	=HYPERLINK("http://localhost:3000/vouchers/cmtuxislt01ojvr103os9ki0p", "25-0000278")	230000	Hutang Pemegang Saham William Ong	PT. Prima Mira Bersama ( BCA )	Pinjaman dari Wlliam Ong	0	1000000000
cmtuxism201orvr10ddlxwhae	30 Sept 25	=HYPERLINK("http://localhost:3000/vouchers/cmtuxism001opvr10j3l1rnwv", "25-0000279")	100001	Kas USD	PT. Prima Mira Bersama ( BCA )	Beli Kurs USD 5.000 kurs 16.750	83750000	0
cmtuxism401otvr10kn4kufbu	30 Sept 25	=HYPERLINK("http://localhost:3000/vouchers/cmtuxism001opvr10j3l1rnwv", "25-0000279")	181099	Piutang Lain-lain	PT. Prima Mira Bersama ( BCA )	lain lain usd 30.000 Kurs 16.750	502500000	0
cmtuxism601ovvr10sky2hlqt	30 Sept 25	=HYPERLINK("http://localhost:3000/vouchers/cmtuxism001opvr10j3l1rnwv", "25-0000279")	100101	Bank BCA 4972579789	PT. Prima Mira Bersama ( BCA )	Beli Kurs USD 35.000 kurs 16.750	0	586250000
cmtuxismb01ozvr106osq0ogy	30 Sept 25	=HYPERLINK("http://localhost:3000/vouchers/cmtuxism801oxvr1024m5zi7u", "25-0000280")	720002	Beban Adm.Bank & Buku Cek/Giro	PT. Prima Mira Bersama ( BCA )	Biaya Adm	30000	0
cmtuxismd01p1vr10kph4zihi	30 Sept 25	=HYPERLINK("http://localhost:3000/vouchers/cmtuxism801oxvr1024m5zi7u", "25-0000280")	100101	Bank BCA 4972579789	PT. Prima Mira Bersama ( BCA )	Biaya Adm	0	30000
cmtuxismi01p5vr104dt5dvs5	30 Sept 25	=HYPERLINK("http://localhost:3000/vouchers/cmtuxismf01p3vr10tt5hy91j", "25-0000281")	181099	Piutang Lain-lain	David Karya	Biaya Lain Lain	188720610	0
cmtuxismk01p7vr10yfmlfcpa	30 Sept 25	=HYPERLINK("http://localhost:3000/vouchers/cmtuxismf01p3vr10tt5hy91j", "25-0000281")	240000	Biaya Yang Masih Harus Di Bayar Pak David	David Karya	Biaya Lain Lain	0	188720610
cmtuxismo01pbvr10tkymg8j8	30 Sept 25	=HYPERLINK("http://localhost:3000/vouchers/cmtuxismm01p9vr10fczqgx60", "25-0000282")	181099	Piutang Lain-lain	David Karya	Uang Muka Perjalanan Dinas ke Semarang, Pasuruan dan Bojonegoro	1000000	0
cmtuxismq01pdvr10qym28b0f	30 Sept 25	=HYPERLINK("http://localhost:3000/vouchers/cmtuxismm01p9vr10fczqgx60", "25-0000282")	160000	Biaya Dibayar Dimuka Perjalanan Dinas	David Karya	Uang Muka Perjalanan Dinas ke Semarang, Pasuruan dan Bojonegoro	0	1000000
cmtuxisms01pfvr10dqdkk9u2	30 Sept 25	=HYPERLINK("http://localhost:3000/vouchers/cmtuxismm01p9vr10fczqgx60", "25-0000282")	600019	Beban Sewa	David Karya	Darrel Karya - Biaya Sewa Kantor Bulan September 2025	4166666	0
cmtuxismu01phvr106xzekkw3	30 Sept 25	=HYPERLINK("http://localhost:3000/vouchers/cmtuxismm01p9vr10fczqgx60", "25-0000282")	160002	Biaya Sewa dibayar di Muka	David Karya	Darrel Karya - Biaya Sewa Kantor Bulan September 2025	0	4166666
cmtuxismz01plvr10aysaull5	30 Sept 25	=HYPERLINK("http://localhost:3000/vouchers/cmtuxismw01pjvr10cvx5yip1", "25-0000283")	140003	Reimbursment / Debit Note Biaya Pelabuhan	Direktorat Jenderal Pajak	PPN Masukan - Multi Bina Pura International & Seacon Bintang Sejahtera - Sekar	8158930	0
cmtuxisn101pnvr10hsqc887y	30 Sept 25	=HYPERLINK("http://localhost:3000/vouchers/cmtuxismw01pjvr10cvx5yip1", "25-0000283")	220000	PPN Keluaran	Direktorat Jenderal Pajak	PPN Masukan - Multi Bina Pura International & Seacon Bintang Sejahtera - Sekar	897482	0
cmtuxisn301ppvr10xjcvj048	30 Sept 25	=HYPERLINK("http://localhost:3000/vouchers/cmtuxismw01pjvr10cvx5yip1", "25-0000283")	999999	Lain Lain	Direktorat Jenderal Pajak	PPN Masukan - Multi Bina Pura International & Seacon Bintang Sejahtera - Sekar	0	9056412
cmtuxisn701ptvr1070cc3vh7	30 Sept 25	=HYPERLINK("http://localhost:3000/vouchers/cmtuxisn501prvr10zxbqb71u", "25-0000284")	600017	Beban Pajak	Direktorat Jenderal Pajak	Beban Pajak Pegawai bulan September 2025	967500	0
cmtuxisn901pvvr10h3vrbhwt	30 Sept 25	=HYPERLINK("http://localhost:3000/vouchers/cmtuxisn501prvr10zxbqb71u", "25-0000284")	220001	Hutang Pph21	Direktorat Jenderal Pajak	Beban Pajak Pegawai bulan September 2025	0	967500
cmtuxisne01pzvr10er0gj38c	01 Oct 25	=HYPERLINK("http://localhost:3000/vouchers/cmtuxisnb01pxvr10jgiffymu", "25-0000285")	100101	Bank BCA 4972579789	Johan Hariyanto	Johan Hariyanto - Bayar pinjaman	200000000	0
cmtuxisng01q1vr10cah5h566	01 Oct 25	=HYPERLINK("http://localhost:3000/vouchers/cmtuxisnb01pxvr10jgiffymu", "25-0000285")	180000	Pinjaman Karyawan Johan Hariyanto	Johan Hariyanto	Johan Hariyanto - Bayar pinjaman	0	200000000
cmtuxisnk01q5vr10tfxc1pz7	01 Oct 25	=HYPERLINK("http://localhost:3000/vouchers/cmtuxisni01q3vr103g5eldqx", "25-0000286")	150000	Ongkos Pasang Modular	Agus Budiono Kuncoro	Agus Budi Kuntjoro - Pembayaran ke 3 Pemasangan Modular Kerek, Padasan, Tuban	25000000	0
cmtuxisnm01q7vr104e6vccxr	02 Oct 25	=HYPERLINK("http://localhost:3000/vouchers/cmtuxisni01q3vr103g5eldqx", "25-0000286")	181099	Piutang Lain-lain	Agus Budiono Kuncoro	Agus Budi Kuntjoro - Pembayaran ke 3 Pemasangan Modular Kedung Adem, Kepoh Kidul, Bojonegoro	25000000	0
cmtuxisno01q9vr10ata2jgmz	02 Oct 25	=HYPERLINK("http://localhost:3000/vouchers/cmtuxisni01q3vr103g5eldqx", "25-0000286")	100002	Kas Besar	Agus Budiono Kuncoro	Agus Budi Kuntjoro - Pembayaran ke 3 Pemasangan Modular Kerek Tuban dan Kedung Adem Bojonegoro	0	1250000
cmtuxisnq01qbvr10sbzyva3a	03 Oct 25	=HYPERLINK("http://localhost:3000/vouchers/cmtuxisni01q3vr103g5eldqx", "25-0000286")	181099	Piutang Lain-lain	Agus Budiono Kuncoro	Agus Budi Kuntjoro - Pembayaran ke 3 Pemasangan Modular Kerek Tuban dan Kedung Adem Bojonegoro	0	48750000
cmtuxisnu01qfvr10w2ubcpvm	03 Oct 25	=HYPERLINK("http://localhost:3000/vouchers/cmtuxisns01qdvr10e0rxo0ma", "25-0000287")	100101	Bank BCA 4972579789	Johan Hariyanto	Johan Hariyanto - Tiket Bojonegoro ke Jakarta	6160000	0
cmtuxisnw01qhvr10ggn9ckjr	03 Oct 25	=HYPERLINK("http://localhost:3000/vouchers/cmtuxisns01qdvr10e0rxo0ma", "25-0000287")	181099	Piutang Lain-lain	Johan Hariyanto	Johan Hariyanto - Tiket Bojonegoro ke Jakarta	0	6160000
cmtuxiso101qlvr10isg0dyxx	03 Oct 25	=HYPERLINK("http://localhost:3000/vouchers/cmtuxisnz01qjvr10s0do0it1", "25-0000288")	100101	Bank BCA 4972579789	Darell Karya	Entertaimen dengan tim bangungan	312000	0
cmtuxiso201qnvr10r1zyvw0n	06 Oct 25	=HYPERLINK("http://localhost:3000/vouchers/cmtuxisnz01qjvr10s0do0it1", "25-0000288")	130000	Pembelian Barang dagangan Modular	Darell Karya	Entertaimen dengan tim bangungan	0	312000
cmtuxiso701qrvr10jqz5t0xo	06 Oct 25	=HYPERLINK("http://localhost:3000/vouchers/cmtuxiso501qpvr10k8qirvgm", "25-0000289")	130000	Pembelian Barang dagangan Modular	Surya Atmadjaya	Johan Hariyanto - Perjalanan Dinas ke Bojonegoro	2683000	0
cmtuxiso901qtvr10jaw2b9e6	06 Oct 25	=HYPERLINK("http://localhost:3000/vouchers/cmtuxiso501qpvr10k8qirvgm", "25-0000289")	130000	Pembelian Barang dagangan Modular	Surya Atmadjaya	Johan Hariyanto - Perjalanan Dinas ke Bojonegoro	0	2683000
cmtuxisod01qxvr101optyplx	06 Oct 25	=HYPERLINK("http://localhost:3000/vouchers/cmtuxisob01qvvr10qkjqpdpa", "25-0000290")	220001	Hutang Pph21	Surya Atmadjaya	Darel Karya - Penggantian belanja di Indomaret	612000	0
cmtuxisof01qzvr10fxb19u74	06 Oct 25	=HYPERLINK("http://localhost:3000/vouchers/cmtuxisob01qvvr10qkjqpdpa", "25-0000290")	100101	Bank BCA 4972579789	Surya Atmadjaya	Darel Karya - Penggantian belanja di Indomaret	0	612000
cmtuxisok01r3vr10tzcb9ipw	06 Oct 25	=HYPERLINK("http://localhost:3000/vouchers/cmtuxisoi01r1vr10f6lhnpx0", "25-0000291")	130000	Pembelian Barang dagangan Modular	Udraji Gunawan	Surya Atmadjaya - Pemasangan modular di Kejapanan, Gempol, Pasuruan	25000000	0
cmtuxisom01r5vr1025p2yale	06 Oct 25	=HYPERLINK("http://localhost:3000/vouchers/cmtuxisoi01r1vr10f6lhnpx0", "25-0000291")	130000	Pembelian Barang dagangan Modular	Udraji Gunawan	Surya Atmadjaya - Pemasangan modular di Jeruk Purut, Gempol, Pasuruan.	25000000	0
cmtuxisoo01r7vr10u88024hp	06 Oct 25	=HYPERLINK("http://localhost:3000/vouchers/cmtuxisoi01r1vr10f6lhnpx0", "25-0000291")	220001	Hutang Pph21	Udraji Gunawan	Surya Atmadjaya - Pemasangan modular di Kedung Banteng, Rembang, Pasuruan	25000000	0
cmtuxisoq01r9vr10w9dnjnpf	06 Oct 25	=HYPERLINK("http://localhost:3000/vouchers/cmtuxisoi01r1vr10f6lhnpx0", "25-0000291")	100101	Bank BCA 4972579789	Udraji Gunawan	Surya Atmadjaya - Pemasangan modular di kejampanan, Jeruk Purut, Kedung Banteng - Pasuruan	0	1875000
cmtuxisos01rbvr109l5up8l3	06 Oct 25	=HYPERLINK("http://localhost:3000/vouchers/cmtuxisoi01r1vr10f6lhnpx0", "25-0000291")	130000	Pembelian Barang dagangan Modular	Udraji Gunawan	Surya Atmadjaya - Pemasangan modular di kejampanan, Jeruk Purut, Kedung Banteng - Pasuruan	0	73125000
cmtuxisow01rfvr109cfzrh4h	06 Oct 25	=HYPERLINK("http://localhost:3000/vouchers/cmtuxisou01rdvr10zbzegh5t", "25-0000292")	130000	Pembelian Barang dagangan Modular	Ricky Herdhany	Udraji Gunawan - DP Pemasangan modular di Grati Sumberdawesari, Pasuruan	25000000	0
cmtuxisoy01rhvr10kd7vl4kz	06 Oct 25	=HYPERLINK("http://localhost:3000/vouchers/cmtuxisou01rdvr10zbzegh5t", "25-0000292")	130000	Pembelian Barang dagangan Modular	Ricky Herdhany	Udraji Gunawan - DP Pemasangan modular di Kejayan Sladi, Pasuruan	25000000	0
cmtuxisp001rjvr10d6bbl9m1	06 Oct 25	=HYPERLINK("http://localhost:3000/vouchers/cmtuxisou01rdvr10zbzegh5t", "25-0000292")	220001	Hutang Pph21	Ricky Herdhany	Udraji Gunawan - DP Pemasangan modular di Grati Sumberdawesi, Kejayan Sladi, Pasuruan	0	1250000
cmtuxisp201rlvr10xxmhbcnl	06 Oct 25	=HYPERLINK("http://localhost:3000/vouchers/cmtuxisou01rdvr10zbzegh5t", "25-0000292")	100101	Bank BCA 4972579789	Ricky Herdhany	Udraji Gunawan - DP Pemasangan modular di Grati Sumberdawesi, Kejayan Sladi, Pasuruan	0	48750000
cmtuxisp501rpvr10dakgn3np	06 Oct 25	=HYPERLINK("http://localhost:3000/vouchers/cmtuxisp301rnvr1005c46ga9", "25-0000293")	130000	Pembelian Barang dagangan Modular	Firman Nurwegian	Ricky Herdhany - Upah Pemasangan Modular di Grati Cukurgondang, Pasuruan	25000000	0
cmtuxisp701rrvr101o9ljt9m	06 Oct 25	=HYPERLINK("http://localhost:3000/vouchers/cmtuxisp301rnvr1005c46ga9", "25-0000293")	130000	Pembelian Barang dagangan Modular	Firman Nurwegian	Ricky Herdhany - Upah Pemasangan Modular di Wonorejo, Cobanblimbling, Pasuruan	25000000	0
cmtuxisp901rtvr105e9zrqbx	06 Oct 25	=HYPERLINK("http://localhost:3000/vouchers/cmtuxisp301rnvr1005c46ga9", "25-0000293")	130000	Pembelian Barang dagangan Modular	Firman Nurwegian	Ricky Herdhany - Upah Pemasangan Modular di Kejayan Ambal Ambil, Pasuruan	25000000	0
cmtuxispb01rvvr108vd55ma4	06 Oct 25	=HYPERLINK("http://localhost:3000/vouchers/cmtuxisp301rnvr1005c46ga9", "25-0000293")	220001	Hutang Pph21	Firman Nurwegian	Ricky Herdhany - Upah Pemasangan Modular di Grati Cukurgondang, Wonorejo Cobanblimbling, Kejayan Ambal Ambil, Pasuruan	0	1875000
cmtuxispd01rxvr10ovbvvlfw	06 Oct 25	=HYPERLINK("http://localhost:3000/vouchers/cmtuxisp301rnvr1005c46ga9", "25-0000293")	100101	Bank BCA 4972579789	Firman Nurwegian	Ricky Herdhany - Upah Pemasangan Modular di Grati Cukurgondang, Wonorejo Cobanblimbling, Kejayan Ambal Ambil, Pasuruan	0	73125000
cmtuxispg01s1vr10sbvdulpr	07 Oct 25	=HYPERLINK("http://localhost:3000/vouchers/cmtuxispe01rzvr109s6b9kh4", "25-0000294")	600008	Beban Tunjangan BPJS Tenaga Kerja	BPJS Ketenagakerjaan	Firman Nurwegian - Upah Pemasangan Modular di Kejapanan, Gempol, Pasuruan	25000000	0
cmtuxispi01s3vr10wqhikkrf	07 Oct 25	=HYPERLINK("http://localhost:3000/vouchers/cmtuxispe01rzvr109s6b9kh4", "25-0000294")	600009	Beban Asuransi Karyawan	BPJS Ketenagakerjaan	Firman Nurwegian - Upah Pemasangan Modular di Jeruk Purut, Gempol, Pasuruan	25000000	0
cmtuxispj01s5vr10us9nsvc5	07 Oct 25	=HYPERLINK("http://localhost:3000/vouchers/cmtuxispe01rzvr109s6b9kh4", "25-0000294")	100100	Bank BRI 0509 0100 3205 300	BPJS Ketenagakerjaan	Firman Nurwegian - Upah Pemasangan Modular di Kedung Banteng, Rembang, Pasuruan	25000000	0
cmtuxispl01s7vr10nns6vg61	07 Oct 25	=HYPERLINK("http://localhost:3000/vouchers/cmtuxispe01rzvr109s6b9kh4", "25-0000294")	220002	Hutang Pph23	BPJS Ketenagakerjaan	Firman Nurwegian - Upah Pemasangan Modular di Kejampanan,Jeruk Purut, Kedung Banteng, Pasuruan	0	1875000
cmtuxispn01s9vr10vv70pczh	07 Oct 25	=HYPERLINK("http://localhost:3000/vouchers/cmtuxispe01rzvr109s6b9kh4", "25-0000294")	100101	Bank BCA 4972579789	BPJS Ketenagakerjaan	Firman Nurwegian - Upah Pemasangan Modular di Kejampanan,Jeruk Purut, Kedung Banteng, Pasuruan	0	73125000
cmtuxispq01sdvr10rc6uvy8b	07 Oct 25	=HYPERLINK("http://localhost:3000/vouchers/cmtuxispp01sbvr10slyjpsc7", "25-0000295")	220001	Hutang Pph21	Direktorat Jenderal Pajak	Iuran BPJS Bulan Agustus 2025	1632400	0
cmtuxisps01sfvr100leqhv4l	07 Oct 25	=HYPERLINK("http://localhost:3000/vouchers/cmtuxispp01sbvr10slyjpsc7", "25-0000295")	100101	Bank BCA 4972579789	Direktorat Jenderal Pajak	Iuran BPJS Bulan Agustus 2025	770000	0
cmtuxispt01shvr107amwepsf	07 Oct 25	=HYPERLINK("http://localhost:3000/vouchers/cmtuxispp01sbvr10slyjpsc7", "25-0000295")	181099	Piutang Lain-lain	Direktorat Jenderal Pajak	Iuran BPJS Bulan Agustus 2025	0	2402400
cmtuxispx01slvr10reedh53e	07 Oct 25	=HYPERLINK("http://localhost:3000/vouchers/cmtuxispv01sjvr10fdm6cbxw", "25-0000296")	181099	Piutang Lain-lain	Rizky Yustisiawan Sitanggang	Kantor Pajak - Pembayaran PPH23	284000	0
cmtuxispz01snvr10qe0go8vj	07 Oct 25	=HYPERLINK("http://localhost:3000/vouchers/cmtuxispv01sjvr10fdm6cbxw", "25-0000296")	181099	Piutang Lain-lain	Rizky Yustisiawan Sitanggang	Kantor Pajak - Pembayaran PPH23	0	284000
cmtuxisq201srvr10mbfflbda	07 Oct 25	=HYPERLINK("http://localhost:3000/vouchers/cmtuxisq001spvr10bzuzsmw7", "25-0000297")	181099	Piutang Lain-lain	Rizky Yustisiawan Sitanggang	Kantor Pajak - Pembayaran PPH21	16073750	0
cmtuxisq401stvr100cugzsib	07 Oct 25	=HYPERLINK("http://localhost:3000/vouchers/cmtuxisq001spvr10bzuzsmw7", "25-0000297")	181099	Piutang Lain-lain	Rizky Yustisiawan Sitanggang	Kantor Pajak - Pembayaran PPH21	0	16073750
cmtuxisq701sxvr10eyru2eh5	07 Oct 25	=HYPERLINK("http://localhost:3000/vouchers/cmtuxisq601svvr10fe4ruulo", "25-0000298")	181099	Piutang Lain-lain	Rizky Yustisiawan Sitanggang	Rizky - Bensin Mobil SPBU Lisman	150000	0
cmtuxisq901szvr10hcilo73y	07 Oct 25	=HYPERLINK("http://localhost:3000/vouchers/cmtuxisq601svvr10fe4ruulo", "25-0000298")	181099	Piutang Lain-lain	Rizky Yustisiawan Sitanggang	Rizky - Bensin Mobil SPBU Sawunggaling	150000	0
cmtuxisqb01t1vr1005hngj93	07 Oct 25	=HYPERLINK("http://localhost:3000/vouchers/cmtuxisq601svvr10fe4ruulo", "25-0000298")	181099	Piutang Lain-lain	Rizky Yustisiawan Sitanggang	Rizky - Bensin Mobil SPBU Lisman	150000	0
cmtuxisqc01t3vr10wyv8kwyk	07 Oct 25	=HYPERLINK("http://localhost:3000/vouchers/cmtuxisq601svvr10fe4ruulo", "25-0000298")	181099	Piutang Lain-lain	Rizky Yustisiawan Sitanggang	Rizky - Bensin Mobil SPBU Lisman	200000	0
cmtuxisqe01t5vr1040zcvf7v	07 Oct 25	=HYPERLINK("http://localhost:3000/vouchers/cmtuxisq601svvr10fe4ruulo", "25-0000298")	181099	Piutang Lain-lain	Rizky Yustisiawan Sitanggang	Rizky - Sinar Baru Electric	337500	0
cmtuxisqg01t7vr107ai072kz	07 Oct 25	=HYPERLINK("http://localhost:3000/vouchers/cmtuxisq601svvr10fe4ruulo", "25-0000298")	181099	Piutang Lain-lain	Rizky Yustisiawan Sitanggang	Rizky - Belanja di Alfamart Kerek	62000	0
cmtuxisqh01t9vr10y8mf4tfw	07 Oct 25	=HYPERLINK("http://localhost:3000/vouchers/cmtuxisq601svvr10fe4ruulo", "25-0000298")	181099	Piutang Lain-lain	Rizky Yustisiawan Sitanggang	Rizky - Bensin Mobil SPBU Lisman	300000	0
cmtuxisqj01tbvr10506ef9vq	07 Oct 25	=HYPERLINK("http://localhost:3000/vouchers/cmtuxisq601svvr10fe4ruulo", "25-0000298")	181099	Piutang Lain-lain	Rizky Yustisiawan Sitanggang	Rizky - Makan di Ayam Geprek SAI	39000	0
cmtuxisql01tdvr10zjjotljp	07 Oct 25	=HYPERLINK("http://localhost:3000/vouchers/cmtuxisq601svvr10fe4ruulo", "25-0000298")	181099	Piutang Lain-lain	Rizky Yustisiawan Sitanggang	Rizky - Toko Laskar Buah Semangka	39000	0
cmtuxisqm01tfvr10p7wzfxdh	07 Oct 25	=HYPERLINK("http://localhost:3000/vouchers/cmtuxisq601svvr10fe4ruulo", "25-0000298")	181099	Piutang Lain-lain	Rizky Yustisiawan Sitanggang	Rizky - Belanja Air di Alfamart Kerek	37000	0
cmtuxisqo01thvr10g1lp6hwn	07 Oct 25	=HYPERLINK("http://localhost:3000/vouchers/cmtuxisq601svvr10fe4ruulo", "25-0000298")	181099	Piutang Lain-lain	Rizky Yustisiawan Sitanggang	Rizky - Aquaviva	50000	0
cmtuxisqv01tjvr10g7pf56pe	07 Oct 25	=HYPERLINK("http://localhost:3000/vouchers/cmtuxisq601svvr10fe4ruulo", "25-0000298")	181099	Piutang Lain-lain	Rizky Yustisiawan Sitanggang	Rizky - Makan di HITS Chicken	524000	0
cmtuxisqx01tlvr10bao8kbpo	07 Oct 25	=HYPERLINK("http://localhost:3000/vouchers/cmtuxisq601svvr10fe4ruulo", "25-0000298")	181099	Piutang Lain-lain	Rizky Yustisiawan Sitanggang	Rizky -Makan di Ayam Geprek SAI	231000	0
cmtuxisqz01tnvr100qe0xppe	07 Oct 25	=HYPERLINK("http://localhost:3000/vouchers/cmtuxisq601svvr10fe4ruulo", "25-0000298")	181099	Piutang Lain-lain	Rizky Yustisiawan Sitanggang	Rizky -Belanja Air di Alfamart Kerek	77000	0
cmtuxisr101tpvr1079fbbohu	07 Oct 25	=HYPERLINK("http://localhost:3000/vouchers/cmtuxisq601svvr10fe4ruulo", "25-0000298")	181099	Piutang Lain-lain	Rizky Yustisiawan Sitanggang	Rizky -Bensin Mobil SPBU Lisman	300000	0
cmtuxisr201trvr106n7dnu60	07 Oct 25	=HYPERLINK("http://localhost:3000/vouchers/cmtuxisq601svvr10fe4ruulo", "25-0000298")	181099	Piutang Lain-lain	Rizky Yustisiawan Sitanggang	Rizky -Makan di HITS Chicken	455000	0
cmtuxisr401ttvr10moar2bcl	07 Oct 25	=HYPERLINK("http://localhost:3000/vouchers/cmtuxisq601svvr10fe4ruulo", "25-0000298")	181099	Piutang Lain-lain	Rizky Yustisiawan Sitanggang	Rizky - MR DIY Foaming Glove	101500	0
cmtuxisr501tvvr10fqq7vl2t	07 Oct 25	=HYPERLINK("http://localhost:3000/vouchers/cmtuxisq601svvr10fe4ruulo", "25-0000298")	181099	Piutang Lain-lain	Rizky Yustisiawan Sitanggang	Rizky - Makan di Ayam Geprek SAI	174000	0
cmtuxisr701txvr10bderb08y	07 Oct 25	=HYPERLINK("http://localhost:3000/vouchers/cmtuxisq601svvr10fe4ruulo", "25-0000298")	181099	Piutang Lain-lain	Rizky Yustisiawan Sitanggang	Rizky - Air Mineral Cleo	52000	0
cmtuxisr901tzvr10fxmwjzml	07 Oct 25	=HYPERLINK("http://localhost:3000/vouchers/cmtuxisq601svvr10fe4ruulo", "25-0000298")	181099	Piutang Lain-lain	Rizky Yustisiawan Sitanggang	Rizky - Belanja Air di Indomaret Kedung Adem	55500	0
cmtuxisrb01u1vr10igem09sv	07 Oct 25	=HYPERLINK("http://localhost:3000/vouchers/cmtuxisq601svvr10fe4ruulo", "25-0000298")	140002	Pembelian Material	Rizky Yustisiawan Sitanggang	Rizky - Makan di Ayam Geprek SAI	184000	0
cmtuxisrc01u3vr10vnmxa4x4	07 Oct 25	=HYPERLINK("http://localhost:3000/vouchers/cmtuxisq601svvr10fe4ruulo", "25-0000298")	181099	Piutang Lain-lain	Rizky Yustisiawan Sitanggang	Rizky -Belanja Air di Alfamart kedung Adem	36600	0
cmtuxisre01u5vr10gbfrjuec	07 Oct 25	=HYPERLINK("http://localhost:3000/vouchers/cmtuxisq601svvr10fe4ruulo", "25-0000298")	181099	Piutang Lain-lain	Rizky Yustisiawan Sitanggang	Rizky -Makan di Ayam Geprek SAI	224000	0
cmtuxisrf01u7vr10zptagyw8	07 Oct 25	=HYPERLINK("http://localhost:3000/vouchers/cmtuxisq601svvr10fe4ruulo", "25-0000298")	181099	Piutang Lain-lain	Rizky Yustisiawan Sitanggang	Rizky -Belanja Air Mineral	28000	0
cmtuxisrh01u9vr10w4odnahe	07 Oct 25	=HYPERLINK("http://localhost:3000/vouchers/cmtuxisq601svvr10fe4ruulo", "25-0000298")	181099	Piutang Lain-lain	Rizky Yustisiawan Sitanggang	Rizky -Makan di Rocket chicken	250000	0
cmtuxisrj01ubvr10fiw80yjo	07 Oct 25	=HYPERLINK("http://localhost:3000/vouchers/cmtuxisq601svvr10fe4ruulo", "25-0000298")	181099	Piutang Lain-lain	Rizky Yustisiawan Sitanggang	Rizky - Belanja Bahan Bangunan - Kedung Adem	160000	0
cmtuxisrl01udvr10fx1v68cg	07 Oct 25	=HYPERLINK("http://localhost:3000/vouchers/cmtuxisq601svvr10fe4ruulo", "25-0000298")	181099	Piutang Lain-lain	Rizky Yustisiawan Sitanggang	Rizky -Cleo Botol	44500	0
cmtuxisrn01ufvr102j2826mc	07 Oct 25	=HYPERLINK("http://localhost:3000/vouchers/cmtuxisq601svvr10fe4ruulo", "25-0000298")	181099	Piutang Lain-lain	Rizky Yustisiawan Sitanggang	Rizky -Makan di Ayam Geprek SAI	184000	0
cmtuxisro01uhvr10wrq9lhwk	07 Oct 25	=HYPERLINK("http://localhost:3000/vouchers/cmtuxisq601svvr10fe4ruulo", "25-0000298")	181099	Piutang Lain-lain	Rizky Yustisiawan Sitanggang	Rizky -Bensin Mobil SPBU Lisman	300000	0
cmtuxisrq01ujvr10w65t2sj7	07 Oct 25	=HYPERLINK("http://localhost:3000/vouchers/cmtuxisq601svvr10fe4ruulo", "25-0000298")	181099	Piutang Lain-lain	Rizky Yustisiawan Sitanggang	Rizky -Air Mineral	46500	0
cmtuxisrs01ulvr102vg1yhwx	07 Oct 25	=HYPERLINK("http://localhost:3000/vouchers/cmtuxisq601svvr10fe4ruulo", "25-0000298")	181099	Piutang Lain-lain	Rizky Yustisiawan Sitanggang	Rizky -Isi Carter	20000	0
cmtuxisru01unvr1077641amc	07 Oct 25	=HYPERLINK("http://localhost:3000/vouchers/cmtuxisq601svvr10fe4ruulo", "25-0000298")	140002	Pembelian Material	Rizky Yustisiawan Sitanggang	Rizky -Air Mineral	25500	0
cmtuxisrv01upvr10fj6vbb1j	07 Oct 25	=HYPERLINK("http://localhost:3000/vouchers/cmtuxisq601svvr10fe4ruulo", "25-0000298")	181099	Piutang Lain-lain	Rizky Yustisiawan Sitanggang	Rizky -Makan Siang di Aneka Sambel Bojonegoro Veteran	464500	0
cmtuxisrx01urvr10k841ju1u	07 Oct 25	=HYPERLINK("http://localhost:3000/vouchers/cmtuxisq601svvr10fe4ruulo", "25-0000298")	181099	Piutang Lain-lain	Rizky Yustisiawan Sitanggang	Rizky -Makan di Warung Nasi Goreng Pak Gondrong	187000	0
cmtuxisrz01utvr10ptg0n1zp	07 Oct 25	=HYPERLINK("http://localhost:3000/vouchers/cmtuxisq601svvr10fe4ruulo", "25-0000298")	181099	Piutang Lain-lain	Rizky Yustisiawan Sitanggang	Rizky -Makan Malam di Aneka Sambel Bojonegoro Veteran	200000	0
cmtuxiss001uvvr10yc74sjtd	07 Oct 25	=HYPERLINK("http://localhost:3000/vouchers/cmtuxisq601svvr10fe4ruulo", "25-0000298")	181099	Piutang Lain-lain	Rizky Yustisiawan Sitanggang	Rizky -Sarung Tangan 3 Pax	102000	0
cmtuxiss201uxvr10s9pia2cc	07 Oct 25	=HYPERLINK("http://localhost:3000/vouchers/cmtuxisq601svvr10fe4ruulo", "25-0000298")	181099	Piutang Lain-lain	Rizky Yustisiawan Sitanggang	Rizky - Pylox 10pcs - Merak urak	365000	0
cmtuxiss401uzvr10t28eeeik	07 Oct 25	=HYPERLINK("http://localhost:3000/vouchers/cmtuxisq601svvr10fe4ruulo", "25-0000298")	181099	Piutang Lain-lain	Rizky Yustisiawan Sitanggang	Rizky -Makan Siang di Rocket Chicken	135000	0
cmtuxiss501v1vr10f5q1lcez	07 Oct 25	=HYPERLINK("http://localhost:3000/vouchers/cmtuxisq601svvr10fe4ruulo", "25-0000298")	181099	Piutang Lain-lain	Rizky Yustisiawan Sitanggang	Rizky -Makan Siang di Ayam Geprek SAI	30000	0
cmtuxiss701v3vr104hh1x195	07 Oct 25	=HYPERLINK("http://localhost:3000/vouchers/cmtuxisq601svvr10fe4ruulo", "25-0000298")	181099	Piutang Lain-lain	Rizky Yustisiawan Sitanggang	Rizky -Makan Siang di Ayam Geprek SAI	102000	0
cmtuxiss901v5vr101bx55p5d	07 Oct 25	=HYPERLINK("http://localhost:3000/vouchers/cmtuxisq601svvr10fe4ruulo", "25-0000298")	181099	Piutang Lain-lain	Rizky Yustisiawan Sitanggang	Rizky -Makan Siang di Ayam Geprek SAI	187000	0
cmtuxissa01v7vr10zmtjc8a2	07 Oct 25	=HYPERLINK("http://localhost:3000/vouchers/cmtuxisq601svvr10fe4ruulo", "25-0000298")	181099	Piutang Lain-lain	Rizky Yustisiawan Sitanggang	Rizky -Belanja di Alfamart Bojonegoro	52100	0
cmtuxissc01v9vr10230y9aqd	07 Oct 25	=HYPERLINK("http://localhost:3000/vouchers/cmtuxisq601svvr10fe4ruulo", "25-0000298")	181099	Piutang Lain-lain	Rizky Yustisiawan Sitanggang	Rizky -Belanja di Alfamart Bojonegoro	42100	0
cmtuxisse01vbvr10jzpogo8s	07 Oct 25	=HYPERLINK("http://localhost:3000/vouchers/cmtuxisq601svvr10fe4ruulo", "25-0000298")	181099	Piutang Lain-lain	Rizky Yustisiawan Sitanggang	Rizky -Makan Siang di Ayam Geprek SAI	208000	0
cmtuxissg01vdvr10iidri92x	07 Oct 25	=HYPERLINK("http://localhost:3000/vouchers/cmtuxisq601svvr10fe4ruulo", "25-0000298")	181099	Piutang Lain-lain	Rizky Yustisiawan Sitanggang	Rizky -Benang 1 pack	33500	0
cmtuxissi01vfvr10c804ooo1	07 Oct 25	=HYPERLINK("http://localhost:3000/vouchers/cmtuxisq601svvr10fe4ruulo", "25-0000298")	181099	Piutang Lain-lain	Rizky Yustisiawan Sitanggang	Rizky -Bensin Mobil SPBU Lisman	250000	0
cmtuxissj01vhvr10nve0li4k	07 Oct 25	=HYPERLINK("http://localhost:3000/vouchers/cmtuxisq601svvr10fe4ruulo", "25-0000298")	181099	Piutang Lain-lain	Rizky Yustisiawan Sitanggang	Rizky -Air Minera	36800	0
cmtuxissl01vjvr10sdq62hky	07 Oct 25	=HYPERLINK("http://localhost:3000/vouchers/cmtuxisq601svvr10fe4ruulo", "25-0000298")	181099	Piutang Lain-lain	Rizky Yustisiawan Sitanggang	Rizky -Bensin Mobil SPBU Lisman	250000	0
cmtuxissn01vlvr1046zxls2x	07 Oct 25	=HYPERLINK("http://localhost:3000/vouchers/cmtuxisq601svvr10fe4ruulo", "25-0000298")	181099	Piutang Lain-lain	Rizky Yustisiawan Sitanggang	Rizky -Aqua Dus	66000	0
cmtuxissp01vnvr106ndqb8jf	07 Oct 25	=HYPERLINK("http://localhost:3000/vouchers/cmtuxisq601svvr10fe4ruulo", "25-0000298")	181099	Piutang Lain-lain	Rizky Yustisiawan Sitanggang	Rizky -Makan di Ayam Geprek SAI	256000	0
cmtuxissq01vpvr10losgf09h	07 Oct 25	=HYPERLINK("http://localhost:3000/vouchers/cmtuxisq601svvr10fe4ruulo", "25-0000298")	181099	Piutang Lain-lain	Rizky Yustisiawan Sitanggang	Rizky -Makan di Ayam Geprek SAI	208000	0
cmtuxisss01vrvr10wadg72rc	07 Oct 25	=HYPERLINK("http://localhost:3000/vouchers/cmtuxisq601svvr10fe4ruulo", "25-0000298")	181099	Piutang Lain-lain	Rizky Yustisiawan Sitanggang	Rizky - Air Mineral	49000	0
cmtuxisst01vtvr10mhzgjk0e	07 Oct 25	=HYPERLINK("http://localhost:3000/vouchers/cmtuxisq601svvr10fe4ruulo", "25-0000298")	181099	Piutang Lain-lain	Rizky Yustisiawan Sitanggang	Rizky - Air Mineral	46400	0
cmtuxissv01vvvr10wutd9lbg	07 Oct 25	=HYPERLINK("http://localhost:3000/vouchers/cmtuxisq601svvr10fe4ruulo", "25-0000298")	181099	Piutang Lain-lain	Rizky Yustisiawan Sitanggang	Rizky - Air Mineral	34200	0
cmtuxissx01vxvr1052gvqeyo	07 Oct 25	=HYPERLINK("http://localhost:3000/vouchers/cmtuxisq601svvr10fe4ruulo", "25-0000298")	181099	Piutang Lain-lain	Rizky Yustisiawan Sitanggang	Rizky - Sumpit Bambu dan Tusuk Gigi	5000	0
cmtuxissz01vzvr103fxd5stl	07 Oct 25	=HYPERLINK("http://localhost:3000/vouchers/cmtuxisq601svvr10fe4ruulo", "25-0000298")	181099	Piutang Lain-lain	Rizky Yustisiawan Sitanggang	Rizky - Makan di Aneka Sambel Bojonegoro	120000	0
cmtuxist001w1vr104bi3dxzu	07 Oct 25	=HYPERLINK("http://localhost:3000/vouchers/cmtuxisq601svvr10fe4ruulo", "25-0000298")	140002	Pembelian Material	Rizky Yustisiawan Sitanggang	Rizky - Air Mineral	70100	0
cmtuxist201w3vr103leruyi8	07 Oct 25	=HYPERLINK("http://localhost:3000/vouchers/cmtuxisq601svvr10fe4ruulo", "25-0000298")	181099	Piutang Lain-lain	Rizky Yustisiawan Sitanggang	Rizky - Aqua Dus	52000	0
cmtuxist301w5vr10s1svrio1	07 Oct 25	=HYPERLINK("http://localhost:3000/vouchers/cmtuxisq601svvr10fe4ruulo", "25-0000298")	181099	Piutang Lain-lain	Rizky Yustisiawan Sitanggang	Rizky - Struk Parkir Stasiun Bojonegoro	5000	0
cmtuxist501w7vr1070geysw9	07 Oct 25	=HYPERLINK("http://localhost:3000/vouchers/cmtuxisq601svvr10fe4ruulo", "25-0000298")	181099	Piutang Lain-lain	Rizky Yustisiawan Sitanggang	Rizky - Makan di Ayam Geprek SAI	100000	0
cmtuxist701w9vr10ecgjjcde	07 Oct 25	=HYPERLINK("http://localhost:3000/vouchers/cmtuxisq601svvr10fe4ruulo", "25-0000298")	181099	Piutang Lain-lain	Rizky Yustisiawan Sitanggang	Rizky - Air Mineral	23500	0
cmtuxist901wbvr101d74oj3p	07 Oct 25	=HYPERLINK("http://localhost:3000/vouchers/cmtuxisq601svvr10fe4ruulo", "25-0000298")	181099	Piutang Lain-lain	Rizky Yustisiawan Sitanggang	Rizky - Steker Serba Guna - Merak urak	77500	0
cmtuxista01wdvr102eylxuj4	07 Oct 25	=HYPERLINK("http://localhost:3000/vouchers/cmtuxisq601svvr10fe4ruulo", "25-0000298")	181099	Piutang Lain-lain	Rizky Yustisiawan Sitanggang	Rizky - Air Mineral	32100	0
cmtuxistc01wfvr10faohi6ds	07 Oct 25	=HYPERLINK("http://localhost:3000/vouchers/cmtuxisq601svvr10fe4ruulo", "25-0000298")	181099	Piutang Lain-lain	Rizky Yustisiawan Sitanggang	Rizky - Makan di Rocket Chicken Tuban	121000	0
cmtuxistd01whvr10nb2nvvpz	07 Oct 25	=HYPERLINK("http://localhost:3000/vouchers/cmtuxisq601svvr10fe4ruulo", "25-0000298")	181099	Piutang Lain-lain	Rizky Yustisiawan Sitanggang	Rizky - Air Mineral	30200	0
cmtuxistf01wjvr10g0yv4v83	07 Oct 25	=HYPERLINK("http://localhost:3000/vouchers/cmtuxisq601svvr10fe4ruulo", "25-0000298")	181099	Piutang Lain-lain	Rizky Yustisiawan Sitanggang	Rizky - Bensin Mobil SPBU Veteran	300000	0
cmtuxisth01wlvr10fb8fdno6	07 Oct 25	=HYPERLINK("http://localhost:3000/vouchers/cmtuxisq601svvr10fe4ruulo", "25-0000298")	181099	Piutang Lain-lain	Rizky Yustisiawan Sitanggang	Rizky - Makan di Ayam Geprek SAI	154000	0
cmtuxistj01wnvr10z6f58zbo	07 Oct 25	=HYPERLINK("http://localhost:3000/vouchers/cmtuxisq601svvr10fe4ruulo", "25-0000298")	181099	Piutang Lain-lain	Rizky Yustisiawan Sitanggang	Rizky - Makan di Rocket Chicken Tuban	76000	0
cmtuxistk01wpvr10wtb230mp	07 Oct 25	=HYPERLINK("http://localhost:3000/vouchers/cmtuxisq601svvr10fe4ruulo", "25-0000298")	181099	Piutang Lain-lain	Rizky Yustisiawan Sitanggang	Rizky - Air Mineral	36400	0
cmtuxistm01wrvr107rm6djie	07 Oct 25	=HYPERLINK("http://localhost:3000/vouchers/cmtuxisq601svvr10fe4ruulo", "25-0000298")	181099	Piutang Lain-lain	Rizky Yustisiawan Sitanggang	Rizky - Document Bag	8500	0
cmtuxisto01wtvr101igisc2t	07 Oct 25	=HYPERLINK("http://localhost:3000/vouchers/cmtuxisq601svvr10fe4ruulo", "25-0000298")	181099	Piutang Lain-lain	Rizky Yustisiawan Sitanggang	Rizky - Makan di HITS Chicken Pemuda	289500	0
cmtuxistp01wvvr106hf7rr3f	07 Oct 25	=HYPERLINK("http://localhost:3000/vouchers/cmtuxisq601svvr10fe4ruulo", "25-0000298")	181099	Piutang Lain-lain	Rizky Yustisiawan Sitanggang	Rizky - Air Mineral	82000	0
cmtuxistr01wxvr1081a2yqhg	07 Oct 25	=HYPERLINK("http://localhost:3000/vouchers/cmtuxisq601svvr10fe4ruulo", "25-0000298")	181099	Piutang Lain-lain	Rizky Yustisiawan Sitanggang	Rizky - Air Mineral	28000	0
cmtuxistt01wzvr109vik8suv	07 Oct 25	=HYPERLINK("http://localhost:3000/vouchers/cmtuxisq601svvr10fe4ruulo", "25-0000298")	181099	Piutang Lain-lain	Rizky Yustisiawan Sitanggang	Rizky - Makan di Ayam Geprek SAI	162000	0
cmtuxistu01x1vr10vzbau4uy	07 Oct 25	=HYPERLINK("http://localhost:3000/vouchers/cmtuxisq601svvr10fe4ruulo", "25-0000298")	140002	Pembelian Material	Rizky Yustisiawan Sitanggang	Rizky - Bensin Mobil SPBU Lisman	250000	0
cmtuxistw01x3vr1083vb9e75	07 Oct 25	=HYPERLINK("http://localhost:3000/vouchers/cmtuxisq601svvr10fe4ruulo", "25-0000298")	181099	Piutang Lain-lain	Rizky Yustisiawan Sitanggang	Rizky - Makan di Ayam Geprek SAI	71000	0
cmtuxisty01x5vr10z2pgo631	07 Oct 25	=HYPERLINK("http://localhost:3000/vouchers/cmtuxisq601svvr10fe4ruulo", "25-0000298")	181099	Piutang Lain-lain	Rizky Yustisiawan Sitanggang	Rizky - Makan Siang di HITS Chicken Pemuda	154000	0
cmtuxistz01x7vr104rc2xt5j	07 Oct 25	=HYPERLINK("http://localhost:3000/vouchers/cmtuxisq601svvr10fe4ruulo", "25-0000298")	181099	Piutang Lain-lain	Rizky Yustisiawan Sitanggang	Rizky - Makan Malam di HITS Chicken Pemuda	244000	0
cmtuxisu101x9vr10gidc2ltt	07 Oct 25	=HYPERLINK("http://localhost:3000/vouchers/cmtuxisq601svvr10fe4ruulo", "25-0000298")	181099	Piutang Lain-lain	Rizky Yustisiawan Sitanggang	Rizky - Makan Siang di HITS Chicken Pemuda	88000	0
cmtuxisu301xbvr106xbgvxtg	07 Oct 25	=HYPERLINK("http://localhost:3000/vouchers/cmtuxisq601svvr10fe4ruulo", "25-0000298")	140002	Pembelian Material	Rizky Yustisiawan Sitanggang	Rizky - Kipas Maspion dan Kipas Cosmos - Ngulanan	438000	0
cmtuxisu501xdvr10bdc6vwlx	07 Oct 25	=HYPERLINK("http://localhost:3000/vouchers/cmtuxisq601svvr10fe4ruulo", "25-0000298")	999999	Lain Lain	Rizky Yustisiawan Sitanggang	Rizky - Makan Siang di HITS Chicken Pemuda	27500	0
cmtuxisu601xfvr1080pv8up1	07 Oct 25	=HYPERLINK("http://localhost:3000/vouchers/cmtuxisq601svvr10fe4ruulo", "25-0000298")	999999	Lain Lain	Rizky Yustisiawan Sitanggang	Rizky - Makan di Rocket Chicken	120000	0
cmtuxisu801xhvr10uv3h0d5o	07 Oct 25	=HYPERLINK("http://localhost:3000/vouchers/cmtuxisq601svvr10fe4ruulo", "25-0000298")	181099	Piutang Lain-lain	Rizky Yustisiawan Sitanggang	Rizky - Obeng MG Telur	145000	0
cmtuxisu901xjvr101dkg9zvc	07 Oct 25	=HYPERLINK("http://localhost:3000/vouchers/cmtuxisq601svvr10fe4ruulo", "25-0000298")	140002	Pembelian Material	Rizky Yustisiawan Sitanggang	Rizky - Makan di HITS Chicken Pemuda	468000	0
cmtuxisuc01xlvr104lqfc0qp	07 Oct 25	=HYPERLINK("http://localhost:3000/vouchers/cmtuxisq601svvr10fe4ruulo", "25-0000298")	181099	Piutang Lain-lain	Rizky Yustisiawan Sitanggang	Rizky - Pylox Basic - Merak Urak	387000	0
cmtuxisud01xnvr10fgz2rfwv	07 Oct 25	=HYPERLINK("http://localhost:3000/vouchers/cmtuxisq601svvr10fe4ruulo", "25-0000298")	181099	Piutang Lain-lain	Rizky Yustisiawan Sitanggang	Rizky - Uang Kost 2 Kamar	2000000	0
cmtuxisuf01xpvr10xo3hzbpg	07 Oct 25	=HYPERLINK("http://localhost:3000/vouchers/cmtuxisq601svvr10fe4ruulo", "25-0000298")	181099	Piutang Lain-lain	Rizky Yustisiawan Sitanggang	Rizky -Uang Kost dan Parkir	1200000	0
cmtuxisug01xrvr10x79cm9gi	07 Oct 25	=HYPERLINK("http://localhost:3000/vouchers/cmtuxisq601svvr10fe4ruulo", "25-0000298")	999999	Lain Lain	Rizky Yustisiawan Sitanggang	Rizky -Makan di HITS Chicken Pemuda	488000	0
cmtuxisui01xtvr1039joeqv9	07 Oct 25	=HYPERLINK("http://localhost:3000/vouchers/cmtuxisq601svvr10fe4ruulo", "25-0000298")	140002	Pembelian Material	Rizky Yustisiawan Sitanggang	Rizky -Toko Bagus Berkualitas (WD) - Kedung Adem	40000	0
cmtuxisuk01xvvr103i4jvdn3	07 Oct 25	=HYPERLINK("http://localhost:3000/vouchers/cmtuxisq601svvr10fe4ruulo", "25-0000298")	181099	Piutang Lain-lain	Rizky Yustisiawan Sitanggang	Rizky - Makan di Ayam Geprek SAI	20000	0
cmtuxisum01xxvr10q4tbj45q	07 Oct 25	=HYPERLINK("http://localhost:3000/vouchers/cmtuxisq601svvr10fe4ruulo", "25-0000298")	999999	Lain Lain	Rizky Yustisiawan Sitanggang	Rizky - Belanja Air Mineral	98000	0
cmtuxisuo01xzvr10mr9sfr91	07 Oct 25	=HYPERLINK("http://localhost:3000/vouchers/cmtuxisq601svvr10fe4ruulo", "25-0000298")	999999	Lain Lain	Rizky Yustisiawan Sitanggang	Rizky - Belanja Air Mineral	78300	0
cmtuxisup01y1vr10iwtzf9gr	07 Oct 25	=HYPERLINK("http://localhost:3000/vouchers/cmtuxisq601svvr10fe4ruulo", "25-0000298")	181099	Piutang Lain-lain	Rizky Yustisiawan Sitanggang	Rizky - Beli Obat Betadine	85000	0
cmtuxisur01y3vr10j8qb5ol8	07 Oct 25	=HYPERLINK("http://localhost:3000/vouchers/cmtuxisq601svvr10fe4ruulo", "25-0000298")	181099	Piutang Lain-lain	Rizky Yustisiawan Sitanggang	Rizky - Toko Bagus Berkualitas (Kabel) - Kedung Adem	175000	0
cmtuxisus01y5vr10hzxp0pje	07 Oct 25	=HYPERLINK("http://localhost:3000/vouchers/cmtuxisq601svvr10fe4ruulo", "25-0000298")	181099	Piutang Lain-lain	Rizky Yustisiawan Sitanggang	Rizky - Sapu	45000	0
cmtuxisuu01y7vr107byxso1o	07 Oct 25	=HYPERLINK("http://localhost:3000/vouchers/cmtuxisq601svvr10fe4ruulo", "25-0000298")	181099	Piutang Lain-lain	Rizky Yustisiawan Sitanggang	Rizky - Kwotie	153000	0
cmtuxisuw01y9vr10t8fe425t	07 Oct 25	=HYPERLINK("http://localhost:3000/vouchers/cmtuxisq601svvr10fe4ruulo", "25-0000298")	181099	Piutang Lain-lain	Rizky Yustisiawan Sitanggang	Rizky - Kasa Kotak Indolab	8000	0
cmtuxisux01ybvr10uciqcg2k	07 Oct 25	=HYPERLINK("http://localhost:3000/vouchers/cmtuxisq601svvr10fe4ruulo", "25-0000298")	181099	Piutang Lain-lain	Rizky Yustisiawan Sitanggang	Rizky - Makan di Ayam Geprek SAI	272000	0
cmtuxisuz01ydvr107z81935x	07 Oct 25	=HYPERLINK("http://localhost:3000/vouchers/cmtuxisq601svvr10fe4ruulo", "25-0000298")	181099	Piutang Lain-lain	Rizky Yustisiawan Sitanggang	Rizky - Makan di HITS Chicken Pemuda	488000	0
cmtuxisv001yfvr10bwxuo5ei	07 Oct 25	=HYPERLINK("http://localhost:3000/vouchers/cmtuxisq601svvr10fe4ruulo", "25-0000298")	181099	Piutang Lain-lain	Rizky Yustisiawan Sitanggang	Rizky - Bensin Mobil SPBU Lisman	300000	0
cmtuxisv201yhvr10b4hzzowk	07 Oct 25	=HYPERLINK("http://localhost:3000/vouchers/cmtuxisq601svvr10fe4ruulo", "25-0000298")	181099	Piutang Lain-lain	Rizky Yustisiawan Sitanggang	Rizky - Makan di Ayam Geprek SAI	281000	0
cmtuxisv401yjvr10smio090o	07 Oct 25	=HYPERLINK("http://localhost:3000/vouchers/cmtuxisq601svvr10fe4ruulo", "25-0000298")	181099	Piutang Lain-lain	Rizky Yustisiawan Sitanggang	Rizky - Bensin Mobil SPBU Lisman	243920	0
cmtuxisv601ylvr10bzkl0vi5	07 Oct 25	=HYPERLINK("http://localhost:3000/vouchers/cmtuxisq601svvr10fe4ruulo", "25-0000298")	181099	Piutang Lain-lain	Rizky Yustisiawan Sitanggang	Rizky - Bensin Mobil SPBU Lisman	250000	0
cmtuxisv801ynvr102yxgfvnx	07 Oct 25	=HYPERLINK("http://localhost:3000/vouchers/cmtuxisq601svvr10fe4ruulo", "25-0000298")	181099	Piutang Lain-lain	Rizky Yustisiawan Sitanggang	Rizky - Bensin Mobil SPBU Lisman	150000	0
cmtuxisva01ypvr10z369qo0z	07 Oct 25	=HYPERLINK("http://localhost:3000/vouchers/cmtuxisq601svvr10fe4ruulo", "25-0000298")	181099	Piutang Lain-lain	Rizky Yustisiawan Sitanggang	Rizky - Bensin Mobil SPBU Sawunggaling	150000	0
cmtuxisvb01yrvr10fnql2g6q	07 Oct 25	=HYPERLINK("http://localhost:3000/vouchers/cmtuxisq601svvr10fe4ruulo", "25-0000298")	181099	Piutang Lain-lain	Rizky Yustisiawan Sitanggang	Rizky - Bensin Mobil SPBU Lisman	150000	0
cmtuxisvd01ytvr104gao6y5m	07 Oct 25	=HYPERLINK("http://localhost:3000/vouchers/cmtuxisq601svvr10fe4ruulo", "25-0000298")	181099	Piutang Lain-lain	Rizky Yustisiawan Sitanggang	Rizky - Bensin Mobil SPBU Lisman	200000	0
cmtuxisvg01yvvr10hc2wwlte	07 Oct 25	=HYPERLINK("http://localhost:3000/vouchers/cmtuxisq601svvr10fe4ruulo", "25-0000298")	181099	Piutang Lain-lain	Rizky Yustisiawan Sitanggang	Rizky - Sinar Baru Electric	337500	0
cmtuxisvh01yxvr10jytefzi7	07 Oct 25	=HYPERLINK("http://localhost:3000/vouchers/cmtuxisq601svvr10fe4ruulo", "25-0000298")	181099	Piutang Lain-lain	Rizky Yustisiawan Sitanggang	Rizky - Belanja di Alfamart Kerek	62000	0
cmtuxisvj01yzvr106jny0abg	07 Oct 25	=HYPERLINK("http://localhost:3000/vouchers/cmtuxisq601svvr10fe4ruulo", "25-0000298")	181099	Piutang Lain-lain	Rizky Yustisiawan Sitanggang	Rizky - Bensin Mobil SPBU Lisman	300000	0
cmtuxisvl01z1vr10rsa77div	07 Oct 25	=HYPERLINK("http://localhost:3000/vouchers/cmtuxisq601svvr10fe4ruulo", "25-0000298")	181099	Piutang Lain-lain	Rizky Yustisiawan Sitanggang	Rizky - Makan di Ayam Geprek SAI	39000	0
cmtuxisvm01z3vr109hdp5z55	07 Oct 25	=HYPERLINK("http://localhost:3000/vouchers/cmtuxisq601svvr10fe4ruulo", "25-0000298")	181099	Piutang Lain-lain	Rizky Yustisiawan Sitanggang	Rizky - Toko Laskar Buah Semangka	39000	0
cmtuxisvo01z5vr10pcw1od3j	07 Oct 25	=HYPERLINK("http://localhost:3000/vouchers/cmtuxisq601svvr10fe4ruulo", "25-0000298")	181099	Piutang Lain-lain	Rizky Yustisiawan Sitanggang	Rizky - Belanja Air di Alfamart Kerek	37000	0
cmtuxisvq01z7vr10o0k2yshi	07 Oct 25	=HYPERLINK("http://localhost:3000/vouchers/cmtuxisq601svvr10fe4ruulo", "25-0000298")	181099	Piutang Lain-lain	Rizky Yustisiawan Sitanggang	Rizky - Aquaviva	99088	0
cmtuxisvr01z9vr101a7o2ltu	07 Oct 25	=HYPERLINK("http://localhost:3000/vouchers/cmtuxisq601svvr10fe4ruulo", "25-0000298")	181099	Piutang Lain-lain	Rizky Yustisiawan Sitanggang	Rizky - Makan di HITS Chicken	524000	0
cmtuxisvt01zbvr10o5odi9nw	07 Oct 25	=HYPERLINK("http://localhost:3000/vouchers/cmtuxisq601svvr10fe4ruulo", "25-0000298")	160000	Biaya Dibayar Dimuka Perjalanan Dinas	Rizky Yustisiawan Sitanggang	Rizky -Makan di Ayam Geprek SAI	231000	0
cmtuxisvv01zdvr1088r21xxg	10 Oct 25	=HYPERLINK("http://localhost:3000/vouchers/cmtuxisq601svvr10fe4ruulo", "25-0000298")	140002	Pembelian Material	Rizky Yustisiawan Sitanggang	Rizky -Belanja Air di Alfamart Kerek	77000	0
cmtuxisvw01zfvr10m948tovd	10 Oct 25	=HYPERLINK("http://localhost:3000/vouchers/cmtuxisq601svvr10fe4ruulo", "25-0000298")	100101	Bank BCA 4972579789	Rizky Yustisiawan Sitanggang	Rizky -Bensin Mobil SPBU Lisman	300000	0
cmtuxisvy01zhvr107j0wr81w	13 Oct 25	=HYPERLINK("http://localhost:3000/vouchers/cmtuxisq601svvr10fe4ruulo", "25-0000298")	100101	Bank BCA 4972579789	Rizky Yustisiawan Sitanggang	Rizky -Makan di HITS Chicken	455000	0
cmtuxisw001zjvr10pntos1rn	13 Oct 25	=HYPERLINK("http://localhost:3000/vouchers/cmtuxisq601svvr10fe4ruulo", "25-0000298")	230000	Hutang Pemegang Saham William Ong	Rizky Yustisiawan Sitanggang	Rizky - MR DIY Foaming Glove	101500	0
cmtuxisw101zlvr10mahhqy8v	13 Oct 25	=HYPERLINK("http://localhost:3000/vouchers/cmtuxisq601svvr10fe4ruulo", "25-0000298")	180001	Pinjaman Ari Riatna Gustika	Rizky Yustisiawan Sitanggang	Perjalanan Dinas Bojonegoro	0	21934808
cmtuxisw501zpvr10nsqupol5	13 Oct 25	=HYPERLINK("http://localhost:3000/vouchers/cmtuxisw301znvr10ezs867ba", "25-0000299")	100101	Bank BCA 4972579789	Ari Riatna Gustika	Surya Atmadjaya - Pembelian Material Diderah Kedung Banteng, Kejapanan Pasuruan, Merakurak, Parengan	95168350	0
cmtuxisw601zrvr100i12v119	13 Oct 25	=HYPERLINK("http://localhost:3000/vouchers/cmtuxisw301znvr10ezs867ba", "25-0000299")	180002	Pinjaman Daffa Earin Alghazali	Ari Riatna Gustika	Surya Atmadjaya - Pembelian Material Diderah Kedung Banteng, Kejapanan Pasuruan	0	95168350
cmtuxiswa01zvvr1052y5kg53	13 Oct 25	=HYPERLINK("http://localhost:3000/vouchers/cmtuxisw801ztvr106zlx343d", "25-0000300")	100101	Bank BCA 4972579789	Daffa Earin Alghazali	William Ong - Pinjaman	2000000000	0
cmtuxiswc01zxvr10hpwpphz9	13 Oct 25	=HYPERLINK("http://localhost:3000/vouchers/cmtuxisw801ztvr106zlx343d", "25-0000300")	600003	Beban Tunjangan Tempat Tinggal	Daffa Earin Alghazali	Pinjaman dari William Ong	0	2000000000
cmtuxiswf0201vr10p0gcf4il	13 Oct 25	=HYPERLINK("http://localhost:3000/vouchers/cmtuxiswd01zzvr10d3i7p2rz", "25-0000301")	100100	Bank BRI 0509 0100 3205 300	Ari Riatna Gustika	Ari Riatna Gustika - Pinjaman Karyawan	750000	0
cmtuxiswh0203vr10d5gr7e5p	13 Oct 25	=HYPERLINK("http://localhost:3000/vouchers/cmtuxiswd01zzvr10d3i7p2rz", "25-0000301")	600003	Beban Tunjangan Tempat Tinggal	Ari Riatna Gustika	Ari Riatna Gustika - Pinjaman Karyawan	0	750000
cmtuxiswj0205vr10bjvzh5w8	13 Oct 25	=HYPERLINK("http://localhost:3000/vouchers/cmtuxiswd01zzvr10d3i7p2rz", "25-0000301")	100100	Bank BRI 0509 0100 3205 300	Ari Riatna Gustika	Daffa Earin Alghazali - Pinjaman Karyawan	750000	0
cmtuxiswl0207vr106tfbmhs3	13 Oct 25	=HYPERLINK("http://localhost:3000/vouchers/cmtuxiswd01zzvr10d3i7p2rz", "25-0000301")	140002	Pembelian Material	Ari Riatna Gustika	Daffa Earin Alghazali - Pinjaman Karyawan	0	750000
cmtuxiswo020bvr106adyo168	13 Oct 25	=HYPERLINK("http://localhost:3000/vouchers/cmtuxiswm0209vr1036slsyrr", "25-0000302")	100101	Bank BCA 4972579789	Udraji Gunawan	Ari Riatna Gustika - Tunjangan Tempat Tinggal di wonosobo	750000	0
cmtuxiswq020dvr10503rqnyd	13 Oct 25	=HYPERLINK("http://localhost:3000/vouchers/cmtuxiswm0209vr1036slsyrr", "25-0000302")	120003	Uang Muka Pembelian AC,Exhaust Fan	Udraji Gunawan	Ari Riatna Gustika - Tunjangan Tempat Tinggal di wonosobo	0	750000
cmtuxiswt020hvr10h2ln74ke	13 Oct 25	=HYPERLINK("http://localhost:3000/vouchers/cmtuxiswr020fvr1072b5rlfs", "25-0000303")	100101	Bank BCA 4972579789	PT. Gloria Mulya Jaya	Daffa Earin - Tunjangan Tempat Tinggal di wonosobo	750000	0
cmtuxiswv020jvr10e82xfg1z	13 Oct 25	=HYPERLINK("http://localhost:3000/vouchers/cmtuxiswr020fvr1072b5rlfs", "25-0000303")	210003	Hutang Dagang Pembelian Food Tray	PT. Gloria Mulya Jaya	Daffa Earin - Tunjangan Tempat Tinggal di wonosobo	0	750000
cmtuxiswz020nvr105ogc0yze	13 Oct 25	=HYPERLINK("http://localhost:3000/vouchers/cmtuxiswx020lvr10l4zzdrz7", "25-0000304")	100101	Bank BCA 4972579789	PT. Sumber Digital Media	Udraji Gunawan - Pembelian Material untuk di Kapas, Dander, Bojonegoro	52498323	0
cmtuxisx0020pvr102k9mhvat	15 Oct 25	=HYPERLINK("http://localhost:3000/vouchers/cmtuxiswx020lvr10l4zzdrz7", "25-0000304")	220000	PPN Keluaran	PT. Sumber Digital Media	Udraji Gunawan - Pembelian Material untuk di Kapas, Dander, Bojonegoro	0	52498323
cmtuxisx4020tvr109xvwylfs	15 Oct 25	=HYPERLINK("http://localhost:3000/vouchers/cmtuxisx2020rvr100mpxvl73", "25-0000305")	170000	Pajak dibayar dimuka PPH22	Direktorat Jenderal Bea dan Cukai	Gloria Mulya Jaya - DP AC Exhaust Fan Beserta Material, Kapas,Dander,Kedung Adem, Parengan, Merak Urak, Kerek (Bojonegoro & Tuban)	67159125	0
cmtuxisx6020vvr10ag8zglp3	15 Oct 25	=HYPERLINK("http://localhost:3000/vouchers/cmtuxisx2020rvr100mpxvl73", "25-0000305")	100101	Bank BCA 4972579789	Direktorat Jenderal Bea dan Cukai	Gloria Mulya Jaya - DP AC Exhaust Fan Beserta Material, Kapas,Dander,Kedung Adem, Parengan, Merak Urak, Kerek (Bojonegoro & Tuban)	0	67159125
cmtuxisx9020zvr102e15tgh4	15 Oct 25	=HYPERLINK("http://localhost:3000/vouchers/cmtuxisx8020xvr10cvl2f8x7", "25-0000306")	130000	Pembelian Barang dagangan Modular	Wuxi Purite  Import & Export Co.Ltd	Sumber Digital Media - Faktur no 25000631 -Faktur Pajak no 04002500306937171- Tray Food Set - 24.000 Pcs	486000000	0
cmtuxisxb0211vr10m149l34k	15 Oct 25	=HYPERLINK("http://localhost:3000/vouchers/cmtuxisx8020xvr10cvl2f8x7", "25-0000306")	210000	Hutang Dagang Modular Wuxi Purite Import & Export Co., Ltd, China	Wuxi Purite  Import & Export Co.Ltd	Sumber Digital Media - Faktur no 25000631 -Faktur Pajak no 04002500306937171- Tray Food Set - 24.000 Pcs	0	486000000
cmtuxisxf0215vr101oqb1m57	15 Oct 25	=HYPERLINK("http://localhost:3000/vouchers/cmtuxisxd0213vr1089pybsq1", "25-0000307")	150005	Biaya Langsir, Jaga Malam, ongkos bongkar	Mujiono	Bea Cukai - Pajak masuk modular 10 set untuk Purworejo, Wonosobo,Bojonegoro	385374000	0
cmtuxisxg0217vr10wjsakmwe	15 Oct 25	=HYPERLINK("http://localhost:3000/vouchers/cmtuxisxd0213vr1089pybsq1", "25-0000307")	100101	Bank BCA 4972579789	Mujiono	Bea Cukai - Pajak masuk modular 10 set untuk Purworejo, Wonosobo,Bojonegoro	87585000	0
cmtuxisxi0219vr10kiiy2j0j	15 Oct 25	=HYPERLINK("http://localhost:3000/vouchers/cmtuxisxd0213vr1089pybsq1", "25-0000307")	600017	Beban Pajak	Mujiono	Bea Cukai - Pajak masuk modular 10 set untuk Purworejo, Wonosobo,Bojonegoro	0	472959000
cmtuxisxl021dvr102aiqp54z	15 Oct 25	=HYPERLINK("http://localhost:3000/vouchers/cmtuxisxk021bvr10fkxdjpsn", "25-0000308")	220001	Hutang Pph21	Mujiono	Wuxi Purite Import & Export Co., Ltd, China CNY 1.555.120 kurs tengah BI tgl PIB 14 Okt 2025 : 2.324,99	3615638448.8	0
cmtuxisxn021fvr10kij6nujf	15 Oct 25	=HYPERLINK("http://localhost:3000/vouchers/cmtuxisxk021bvr10fkxdjpsn", "25-0000308")	720002	Beban Adm.Bank & Buku Cek/Giro	Mujiono	Wuxi Purite Import & Export Co., Ltd, China CNY 1.555.120 kurs tengah BI tgl PIB 14 Okt 2025 : 2.324,99	0	3615638448.8
cmtuxisxr021jvr10f4hmrg2d	15 Oct 25	=HYPERLINK("http://localhost:3000/vouchers/cmtuxisxp021hvr107buq6cqp", "25-0000309")	100101	Bank BCA 4972579789	PT. Prima Mira Bersama ( BCA )	Mujiono - Biaya Operasional Dander dan Wedi, Bojonegoro	1750000	0
cmtuxisxs021lvr10398opdm4	15 Oct 25	=HYPERLINK("http://localhost:3000/vouchers/cmtuxisxp021hvr107buq6cqp", "25-0000309")	130000	Pembelian Barang dagangan Modular	PT. Prima Mira Bersama ( BCA )	Mujiono - Biaya Operasional Dander dan Wedi, Bojonegoro	0	1750000
cmtuxisxu021nvr10u5jpg5c9	15 Oct 25	=HYPERLINK("http://localhost:3000/vouchers/cmtuxisxp021hvr107buq6cqp", "25-0000309")	130000	Pembelian Barang dagangan Modular	PT. Prima Mira Bersama ( BCA )	Mujiono - Biaya Operasional Dander dan Wedi, Bojonegoro	43750	0
cmtuxisxv021pvr10er0ctw0s	15 Oct 25	=HYPERLINK("http://localhost:3000/vouchers/cmtuxisxp021hvr107buq6cqp", "25-0000309")	220001	Hutang Pph21	PT. Prima Mira Bersama ( BCA )	Mujiono - Biaya Operasional Dander dan Wedi, Bojonegoro	0	43750
cmtuxisxx021rvr10kmi99e86	15 Oct 25	=HYPERLINK("http://localhost:3000/vouchers/cmtuxisxp021hvr107buq6cqp", "25-0000309")	100101	Bank BCA 4972579789	PT. Prima Mira Bersama ( BCA )	Biaya Adm	2500	0
cmtuxisxz021tvr10uxsutoj8	15 Oct 25	=HYPERLINK("http://localhost:3000/vouchers/cmtuxisxp021hvr107buq6cqp", "25-0000309")	600100	Keperluan Dapur	PT. Prima Mira Bersama ( BCA )	Biaya Adm	0	2500
cmtuxisy2021xvr10xtzvuf3x	15 Oct 25	=HYPERLINK("http://localhost:3000/vouchers/cmtuxisy1021vvr1017bg49v2", "25-0000310")	181099	Piutang Lain-lain	Marcellino Christian	Udraji Gunawan - Pembayaran ke 2Pemasangan Modular Sladi, Kejayan, Pasuruan	25000000	0
cmtuxisy4021zvr10103ww3pe	15 Oct 25	=HYPERLINK("http://localhost:3000/vouchers/cmtuxisy1021vvr1017bg49v2", "25-0000310")	181099	Piutang Lain-lain	Marcellino Christian	Udraji Gunawan - Pembayaran ke 2 Pemasangan Modular di Sumberdawesari, Grati, Pasuruan	25000000	0
cmtuxisy60221vr105kfs1un7	15 Oct 25	=HYPERLINK("http://localhost:3000/vouchers/cmtuxisy1021vvr1017bg49v2", "25-0000310")	181099	Piutang Lain-lain	Marcellino Christian	Udraji Gunawan - Pembayaran ke 2 Pemasangan Modular di Sumberdaswesari, Sladi Kejayan, Pasuruan	0	1250000
cmtuxisy90223vr10cniakf8e	15 Oct 25	=HYPERLINK("http://localhost:3000/vouchers/cmtuxisy1021vvr1017bg49v2", "25-0000310")	181099	Piutang Lain-lain	Marcellino Christian	Udraji Gunawan - Pembayaran ke 2 Pemasangan Modular di Sumberdaswesari, Sladi Kejayan, Pasuruan	0	48750000
cmtuxisyd0227vr10wvgf6who	15 Oct 25	=HYPERLINK("http://localhost:3000/vouchers/cmtuxisyb0225vr10rwqozkcf", "25-0000311")	181099	Piutang Lain-lain	Marcellino Christian	TK.Novi - Aqua isi ulang	20000	0
cmtuxisyf0229vr109d5zu0qj	15 Oct 25	=HYPERLINK("http://localhost:3000/vouchers/cmtuxisyb0225vr10rwqozkcf", "25-0000311")	181099	Piutang Lain-lain	Marcellino Christian	Wahyu Fotocopy - lem stik	5000	0
cmtuxisyh022bvr10h5dasndb	15 Oct 25	=HYPERLINK("http://localhost:3000/vouchers/cmtuxisyb0225vr10rwqozkcf", "25-0000311")	181099	Piutang Lain-lain	Marcellino Christian	Wahyu Fotocopy - penggaris	5000	0
cmtuxisyj022dvr103dqx2is2	15 Oct 25	=HYPERLINK("http://localhost:3000/vouchers/cmtuxisyb0225vr10rwqozkcf", "25-0000311")	181099	Piutang Lain-lain	Marcellino Christian	Wahyu Fotocopy - stabilo 2	12000	0
cmtuxisyl022fvr105icn879s	15 Oct 25	=HYPERLINK("http://localhost:3000/vouchers/cmtuxisyb0225vr10rwqozkcf", "25-0000311")	181099	Piutang Lain-lain	Marcellino Christian	Parkir Wisma BCA - urus transfer ke cina	10000	0
cmtuxisym022hvr10fm81724k	15 Oct 25	=HYPERLINK("http://localhost:3000/vouchers/cmtuxisyb0225vr10rwqozkcf", "25-0000311")	181099	Piutang Lain-lain	Marcellino Christian	Parkir Wisma BCA - urus token klik BCA	4000	0
cmtuxisyo022jvr10c3kfkvt2	15 Oct 25	=HYPERLINK("http://localhost:3000/vouchers/cmtuxisyb0225vr10rwqozkcf", "25-0000311")	181099	Piutang Lain-lain	Marcellino Christian	Parkir Wisma BCA - urus token klik BCA	4000	0
cmtuxisyp022lvr10p6l5kmto	15 Oct 25	=HYPERLINK("http://localhost:3000/vouchers/cmtuxisyb0225vr10rwqozkcf", "25-0000311")	181099	Piutang Lain-lain	Marcellino Christian	Hypermart - Swallow TBAL 5 CTRL	22940	0
cmtuxisyr022nvr10sod28imv	15 Oct 25	=HYPERLINK("http://localhost:3000/vouchers/cmtuxisyb0225vr10rwqozkcf", "25-0000311")	181099	Piutang Lain-lain	Marcellino Christian	Hypermart - Swallow Floral Fresh	23790	0
cmtuxisyt022pvr109ka72xsw	15 Oct 25	=HYPERLINK("http://localhost:3000/vouchers/cmtuxisyb0225vr10rwqozkcf", "25-0000311")	181099	Piutang Lain-lain	Marcellino Christian	Hypermart - Sos Pl Sereh PC 675M	19800	0
cmtuxisyv022rvr109dbt0sa4	15 Oct 25	=HYPERLINK("http://localhost:3000/vouchers/cmtuxisyb0225vr10rwqozkcf", "25-0000311")	600013	Beban Telekomunikasi	Marcellino Christian	Bensin mas ende	12000	0
cmtuxisyw022tvr1081jdv9lu	15 Oct 25	=HYPERLINK("http://localhost:3000/vouchers/cmtuxisyb0225vr10rwqozkcf", "25-0000311")	181099	Piutang Lain-lain	Marcellino Christian	Prima 2 - Box File Bindex	39000	0
cmtuxisyy022vvr10k528qzt6	15 Oct 25	=HYPERLINK("http://localhost:3000/vouchers/cmtuxisyb0225vr10rwqozkcf", "25-0000311")	600100	Keperluan Dapur	Marcellino Christian	Prima 2 - Penghapus Papan tulis	7500	0
cmtuxisz0022xvr10wrrzpcql	15 Oct 25	=HYPERLINK("http://localhost:3000/vouchers/cmtuxisyb0225vr10rwqozkcf", "25-0000311")	600100	Keperluan Dapur	Marcellino Christian	laci mini container	29700	0
cmtuxisz2022zvr10p867gxgm	15 Oct 25	=HYPERLINK("http://localhost:3000/vouchers/cmtuxisyb0225vr10rwqozkcf", "25-0000311")	181099	Piutang Lain-lain	Marcellino Christian	Rak serbaguna	36879	0
cmtuxisz40231vr10xqkw696w	15 Oct 25	=HYPERLINK("http://localhost:3000/vouchers/cmtuxisyb0225vr10rwqozkcf", "25-0000311")	600100	Keperluan Dapur	Marcellino Christian	Axis - Paket Kuota Hp Kantor	49900	0
cmtuxisz50233vr10aps1avin	15 Oct 25	=HYPERLINK("http://localhost:3000/vouchers/cmtuxisyb0225vr10rwqozkcf", "25-0000311")	600100	Keperluan Dapur	Marcellino Christian	Parkir- Untuk urus internet	5000	0
cmtuxisz70235vr10guwvmdfe	15 Oct 25	=HYPERLINK("http://localhost:3000/vouchers/cmtuxisyb0225vr10rwqozkcf", "25-0000311")	181099	Piutang Lain-lain	Marcellino Christian	1 Dus Aqua 330 ml	50000	0
cmtuxisz90237vr100quvttpf	15 Oct 25	=HYPERLINK("http://localhost:3000/vouchers/cmtuxisyb0225vr10rwqozkcf", "25-0000311")	181099	Piutang Lain-lain	Marcellino Christian	Pom Mini - Aqua isi ulang	21000	0
cmtuxiszb0239vr10tvr2js73	15 Oct 25	=HYPERLINK("http://localhost:3000/vouchers/cmtuxisyb0225vr10rwqozkcf", "25-0000311")	181099	Piutang Lain-lain	Marcellino Christian	Parkir - untuk urus check BCA	4000	0
cmtuxiszc023bvr100b0853hn	15 Oct 25	=HYPERLINK("http://localhost:3000/vouchers/cmtuxisyb0225vr10rwqozkcf", "25-0000311")	600100	Keperluan Dapur	Marcellino Christian	Toko F2 Jaya - susu dancow	37000	0
cmtuxisze023dvr10l9htz4na	15 Oct 25	=HYPERLINK("http://localhost:3000/vouchers/cmtuxisyb0225vr10rwqozkcf", "25-0000311")	600100	Keperluan Dapur	Marcellino Christian	Toko F2 Jaya - Milo renceng	19000	0
cmtuxiszg023fvr10hqcd7o7m	15 Oct 25	=HYPERLINK("http://localhost:3000/vouchers/cmtuxisyb0225vr10rwqozkcf", "25-0000311")	181099	Piutang Lain-lain	Marcellino Christian	Parkir Wisma BCA - beli USD	10000	0
cmtuxiszi023hvr103x1y7rav	15 Oct 25	=HYPERLINK("http://localhost:3000/vouchers/cmtuxisyb0225vr10rwqozkcf", "25-0000311")	181099	Piutang Lain-lain	Marcellino Christian	Parkir- Untuk urus internet	5000	0
cmtuxiszj023jvr10v18c9x0o	15 Oct 25	=HYPERLINK("http://localhost:3000/vouchers/cmtuxisyb0225vr10rwqozkcf", "25-0000311")	600100	Keperluan Dapur	Marcellino Christian	Parkir- Untuk urus internet	5000	0
cmtuxiszl023lvr10r3hrvuht	15 Oct 25	=HYPERLINK("http://localhost:3000/vouchers/cmtuxisyb0225vr10rwqozkcf", "25-0000311")	600100	Keperluan Dapur	Marcellino Christian	TK.Novi - Aqua isi ulang	20000	0
cmtuxiszn023nvr10i3fseno4	15 Oct 25	=HYPERLINK("http://localhost:3000/vouchers/cmtuxisyb0225vr10rwqozkcf", "25-0000311")	600100	Keperluan Dapur	Marcellino Christian	Alfamart - tissue basah	24000	0
cmtuxiszp023pvr10qs1gpgp7	15 Oct 25	=HYPERLINK("http://localhost:3000/vouchers/cmtuxisyb0225vr10rwqozkcf", "25-0000311")	600100	Keperluan Dapur	Marcellino Christian	Parkir -Urus internet	5000	0
cmtuxiszq023rvr10r0zmaq31	15 Oct 25	=HYPERLINK("http://localhost:3000/vouchers/cmtuxisyb0225vr10rwqozkcf", "25-0000311")	600100	Keperluan Dapur	Marcellino Christian	Parkir - virtual office	5000	0
cmtuxiszs023tvr10o40js11j	15 Oct 25	=HYPERLINK("http://localhost:3000/vouchers/cmtuxisyb0225vr10rwqozkcf", "25-0000311")	181099	Piutang Lain-lain	Marcellino Christian	Bunga hias kantor	64500	0
cmtuxiszu023vvr10iv168ga6	15 Oct 25	=HYPERLINK("http://localhost:3000/vouchers/cmtuxisyb0225vr10rwqozkcf", "25-0000311")	600100	Keperluan Dapur	Marcellino Christian	Hypermart - Baygon Aerosal Flower	32500	0
cmtuxiszx023xvr10s4vi8atu	15 Oct 25	=HYPERLINK("http://localhost:3000/vouchers/cmtuxisyb0225vr10rwqozkcf", "25-0000311")	600100	Keperluan Dapur	Marcellino Christian	Hypermart - Wipol Sereh	13900	0
cmtuxiszy023zvr10nfwsl6f4	15 Oct 25	=HYPERLINK("http://localhost:3000/vouchers/cmtuxisyb0225vr10rwqozkcf", "25-0000311")	600100	Keperluan Dapur	Marcellino Christian	Hypermart - Swallow Floral Fresh	23790	0
cmtuxit000241vr10hdnqqsgd	15 Oct 25	=HYPERLINK("http://localhost:3000/vouchers/cmtuxisyb0225vr10rwqozkcf", "25-0000311")	600100	Keperluan Dapur	Marcellino Christian	Hypermart - VP Keset Anyam Laundry	19800	0
cmtuxit020243vr10qto118fy	15 Oct 25	=HYPERLINK("http://localhost:3000/vouchers/cmtuxisyb0225vr10rwqozkcf", "25-0000311")	600100	Keperluan Dapur	Marcellino Christian	Bensin mas ende	12000	0
cmtuxit030245vr10elfcacel	15 Oct 25	=HYPERLINK("http://localhost:3000/vouchers/cmtuxisyb0225vr10rwqozkcf", "25-0000311")	600100	Keperluan Dapur	Marcellino Christian	Goodday Capucino	21000	0
cmtuxit050247vr10s6m0h1q9	15 Oct 25	=HYPERLINK("http://localhost:3000/vouchers/cmtuxisyb0225vr10rwqozkcf", "25-0000311")	600100	Keperluan Dapur	Marcellino Christian	Milo	20000	0
cmtuxit070249vr10as026ld7	15 Oct 25	=HYPERLINK("http://localhost:3000/vouchers/cmtuxisyb0225vr10rwqozkcf", "25-0000311")	600100	Keperluan Dapur	Marcellino Christian	Sabun Ekonomi	2000	0
cmtuxit08024bvr1049w7r3zh	15 Oct 25	=HYPERLINK("http://localhost:3000/vouchers/cmtuxisyb0225vr10rwqozkcf", "25-0000311")	181099	Piutang Lain-lain	Marcellino Christian	Aqua Galon	21000	0
cmtuxit0a024dvr10sk4p9kzr	15 Oct 25	=HYPERLINK("http://localhost:3000/vouchers/cmtuxisyb0225vr10rwqozkcf", "25-0000311")	600100	Keperluan Dapur	Marcellino Christian	Aqua Dus 300 Ml	50000	0
cmtuxit0b024fvr101i1g9n9n	15 Oct 25	=HYPERLINK("http://localhost:3000/vouchers/cmtuxisyb0225vr10rwqozkcf", "25-0000311")	600100	Keperluan Dapur	Marcellino Christian	Permen Mint	6900	0
cmtuxit0d024hvr10ih3rdcs0	15 Oct 25	=HYPERLINK("http://localhost:3000/vouchers/cmtuxisyb0225vr10rwqozkcf", "25-0000311")	600100	Keperluan Dapur	Marcellino Christian	Baki Nampan Motif Kayu	28482	0
cmtuxit0g024jvr10a4zb8zgp	15 Oct 25	=HYPERLINK("http://localhost:3000/vouchers/cmtuxisyb0225vr10rwqozkcf", "25-0000311")	600100	Keperluan Dapur	Marcellino Christian	Aqua Isi Ulang	21000	0
cmtuxit0i024lvr10ky5wm6nb	15 Oct 25	=HYPERLINK("http://localhost:3000/vouchers/cmtuxisyb0225vr10rwqozkcf", "25-0000311")	600100	Keperluan Dapur	Marcellino Christian	Bensin mas ende	12000	0
cmtuxit0k024nvr10pzeufi9y	15 Oct 25	=HYPERLINK("http://localhost:3000/vouchers/cmtuxisyb0225vr10rwqozkcf", "25-0000311")	600100	Keperluan Dapur	Marcellino Christian	Tessa Roll	40490	0
cmtuxit0m024pvr10tbnw10lq	15 Oct 25	=HYPERLINK("http://localhost:3000/vouchers/cmtuxisyb0225vr10rwqozkcf", "25-0000311")	100000	Kas	Marcellino Christian	Pledge Liq Lemon	25990	0
cmtuxit0o024rvr10r360phxl	15 Oct 25	=HYPERLINK("http://localhost:3000/vouchers/cmtuxisyb0225vr10rwqozkcf", "25-0000311")	100000	Kas	Marcellino Christian	Sikat Baju	8440	0
cmtuxit0q024tvr10hoh8uz9j	15 Oct 25	=HYPERLINK("http://localhost:3000/vouchers/cmtuxisyb0225vr10rwqozkcf", "25-0000311")	100101	Bank BCA 4972579789	Marcellino Christian	Tas Polos S	1800	0
cmtuxit0r024vvr10a33p4p53	15 Oct 25	=HYPERLINK("http://localhost:3000/vouchers/cmtuxisyb0225vr10rwqozkcf", "25-0000311")	181099	Piutang Lain-lain	Marcellino Christian	Permen Mint	8900	0
cmtuxit0u024xvr10823emgrm	15 Oct 25	=HYPERLINK("http://localhost:3000/vouchers/cmtuxisyb0225vr10rwqozkcf", "25-0000311")	181099	Piutang Lain-lain	Marcellino Christian	Tisue Momo ultra (10 Pack)	37369	0
cmtuxit0v024zvr10qdjwpmzh	15 Oct 25	=HYPERLINK("http://localhost:3000/vouchers/cmtuxisyb0225vr10rwqozkcf", "25-0000311")	181099	Piutang Lain-lain	Marcellino Christian	Biaya Keperluan Kantor	0	983370
cmtuxit0x0251vr10y23n0v6c	15 Oct 25	=HYPERLINK("http://localhost:3000/vouchers/cmtuxisyb0225vr10rwqozkcf", "25-0000311")	181099	Piutang Lain-lain	Marcellino Christian	Biaya Keperluan Kantor	983370	0
cmtuxit0z0253vr101s3tasbh	15 Oct 25	=HYPERLINK("http://localhost:3000/vouchers/cmtuxisyb0225vr10rwqozkcf", "25-0000311")	181099	Piutang Lain-lain	Marcellino Christian	Biaya Keperluan Kantor	0	983370
cmtuxit120257vr10gm2rvu3u	15 Oct 25	=HYPERLINK("http://localhost:3000/vouchers/cmtuxit110255vr10d9u7xcqa", "25-0000312")	181099	Piutang Lain-lain	Daffa Earin Alghazali	Daffa Earin Alghazali - Bensin SPBU Haryono 3 Petak (28 Sept 2025)	300000	0
cmtuxit140259vr10k5p7fltm	15 Oct 25	=HYPERLINK("http://localhost:3000/vouchers/cmtuxit110255vr10d9u7xcqa", "25-0000312")	181099	Piutang Lain-lain	Daffa Earin Alghazali	Daffa Earin Alghazali - Minum (29 Sept 2025)	51500	0
cmtuxit15025bvr101xdet9ay	15 Oct 25	=HYPERLINK("http://localhost:3000/vouchers/cmtuxit110255vr10d9u7xcqa", "25-0000312")	181099	Piutang Lain-lain	Daffa Earin Alghazali	Daffa Earin Alghazali - Air Mineral di bojonegoro (29 Sept 2025)	30000	0
cmtuxit17025dvr10pl2rhdso	15 Oct 25	=HYPERLINK("http://localhost:3000/vouchers/cmtuxit110255vr10d9u7xcqa", "25-0000312")	181099	Piutang Lain-lain	Daffa Earin Alghazali	Daffa Earin Alghazali - Makan Siang di Rocket Chicken, bojonegoro (29 Sept 2025)	162000	0
cmtuxit19025fvr10o25b5rel	15 Oct 25	=HYPERLINK("http://localhost:3000/vouchers/cmtuxit110255vr10d9u7xcqa", "25-0000312")	181099	Piutang Lain-lain	Daffa Earin Alghazali	Daffa Earin Alghazali - Bensin Mobil Jl A.Yani Kalianyar, bojonegoro (01 Okt 2025)	254000	0
cmtuxit1b025hvr10uopr0y73	15 Oct 25	=HYPERLINK("http://localhost:3000/vouchers/cmtuxit110255vr10d9u7xcqa", "25-0000312")	160000	Biaya Dibayar Dimuka Perjalanan Dinas	Daffa Earin Alghazali	Daffa Earin Alghazali - Bensin Mobil Jl A.Yani Kalianyar, bojonegoro (09 Okt 2025)	300100	0
cmtuxit1d025jvr107tgzov2y	15 Oct 25	=HYPERLINK("http://localhost:3000/vouchers/cmtuxit110255vr10d9u7xcqa", "25-0000312")	160000	Biaya Dibayar Dimuka Perjalanan Dinas	Daffa Earin Alghazali	Daffa Earin Alghazali - Tol Bawen, bojonegoro (14 Okt 2025)	195500	0
cmtuxit1e025lvr106ykcya44	15 Oct 25	=HYPERLINK("http://localhost:3000/vouchers/cmtuxit110255vr10d9u7xcqa", "25-0000312")	100101	Bank BCA 4972579789	Daffa Earin Alghazali	Daffa Earin Alghazali - Bensin SPBU Rest Area Tol Trans Jawa (14 Okt 2025)	298000	0
cmtuxit1g025nvr106kwedkqy	15 Oct 25	=HYPERLINK("http://localhost:3000/vouchers/cmtuxit110255vr10d9u7xcqa", "25-0000312")	120005	Uang Muka Pembelian Genzet	Daffa Earin Alghazali	Daffa Earin Alghazali - Kipas Angin di Rita Pasar Raya	252000	0
cmtuxit1h025pvr1027ykquei	15 Oct 25	=HYPERLINK("http://localhost:3000/vouchers/cmtuxit110255vr10d9u7xcqa", "25-0000312")	220000	PPN Keluaran	Daffa Earin Alghazali	Daffa Earin Alghazali - Bensin SPBU Raya ngasinan (14 Okt 2025)	250000	0
cmtuxit1j025rvr106jpg2v2i	15 Oct 25	=HYPERLINK("http://localhost:3000/vouchers/cmtuxit110255vr10d9u7xcqa", "25-0000312")	100101	Bank BCA 4972579789	Daffa Earin Alghazali	Daffa Earin Alghazali - Bensin,Minum,makan,tol,kipas angin	0	2093100
cmtuxit1l025tvr10ohyi1xdd	15 Oct 25	=HYPERLINK("http://localhost:3000/vouchers/cmtuxit110255vr10d9u7xcqa", "25-0000312")	181099	Piutang Lain-lain	Daffa Earin Alghazali	Daffa Earin Alghazali - Bensin,Minum,makan,tol,kipas angin	2093100	0
cmtuxit1n025vvr10u9s70ztb	15 Oct 25	=HYPERLINK("http://localhost:3000/vouchers/cmtuxit110255vr10d9u7xcqa", "25-0000312")	181099	Piutang Lain-lain	Daffa Earin Alghazali	Daffa Earin Alghazali - Bensin,Minum,makan,tol,kipas angin	0	2093100
cmtuxit1q025zvr10b4t5nuii	15 Oct 25	=HYPERLINK("http://localhost:3000/vouchers/cmtuxit1o025xvr10kkn7w4mh", "25-0000313")	100002	Kas Besar	Johan Hariyanto	PT. Aneka Jaya Langgeng Sentosa - DP Genset 16 Unit	240000000	0
cmtuxit1s0261vr10d2d206ze	17 Oct 25	=HYPERLINK("http://localhost:3000/vouchers/cmtuxit1o025xvr10kkn7w4mh", "25-0000313")	100101	Bank BCA 4972579789	Johan Hariyanto	PT. Aneka Jaya Langgeng Sentosa - DP Genset 16 Unit	26400000	0
cmtuxit1u0263vr10uk1b5suf	17 Oct 25	=HYPERLINK("http://localhost:3000/vouchers/cmtuxit1o025xvr10kkn7w4mh", "25-0000313")	210003	Hutang Dagang Pembelian Food Tray	Johan Hariyanto	PT. Aneka Jaya Langgeng Sentosa - DP Genset 16 Unit	0	266400000
cmtuxit1z0267vr105tzzyz42	17 Oct 25	=HYPERLINK("http://localhost:3000/vouchers/cmtuxit1w0265vr10d6kv3el5", "25-0000314")	140002	Pembelian Material	Saji	Tiket Kereta Johan Hariyanto - Jakarta-Bojonegoro	729246	0
cmtuxit200269vr10hfatxnwe	17 Oct 25	=HYPERLINK("http://localhost:3000/vouchers/cmtuxit1w0265vr10d6kv3el5", "25-0000314")	100101	Bank BCA 4972579789	Saji	Tiket Kereta Johan Hariyanto - Bojonegoro-Jakarta	678501	0
cmtuxit22026bvr10e47kk2g5	17 Oct 25	=HYPERLINK("http://localhost:3000/vouchers/cmtuxit1w0265vr10d6kv3el5", "25-0000314")	160000	Biaya Dibayar Dimuka Perjalanan Dinas	Saji	Tiket Kereta Johan Hariyanto - PP	0	1407747
cmtuxit26026fvr10tadkyq37	17 Oct 25	=HYPERLINK("http://localhost:3000/vouchers/cmtuxit24026dvr10qm7dqhtf", "25-0000315")	100101	Bank BCA 4972579789	Rizky Yustisiawan Sitanggang	Sumber Digital - Pengembalian kelebihan pelunasan food tray	18000000	0
cmtuxit28026hvr100lssm5bn	20 Oct 25	=HYPERLINK("http://localhost:3000/vouchers/cmtuxit24026dvr10qm7dqhtf", "25-0000315")	600027	Beban Tenaga Lepas (Individu)	Rizky Yustisiawan Sitanggang	Sumber Digital - Pengembalian kelebihan pelunasan food tray	0	18000000
cmtuxit2b026lvr10j8u7mxh9	20 Oct 25	=HYPERLINK("http://localhost:3000/vouchers/cmtuxit29026jvr1040zgfk73", "25-0000316")	220001	Hutang Pph21	Punjung Hari Prabowo	Saji - Material, Kerek, Parengan, Merakurak	4050000	0
cmtuxit2d026nvr104v2jxws3	20 Oct 25	=HYPERLINK("http://localhost:3000/vouchers/cmtuxit29026jvr1040zgfk73", "25-0000316")	100101	Bank BCA 4972579789	Punjung Hari Prabowo	Saji - Material	0	4050000
cmtuxit2h026rvr10nra5xhzf	21 Oct 25	=HYPERLINK("http://localhost:3000/vouchers/cmtuxit2f026pvr10xyk0tfg3", "25-0000317")	181099	Piutang Lain-lain	Johan Hariyanto	Rizky - Cash Advance Bojonegoro	2000000	0
cmtuxit2j026tvr105kavdo28	21 Oct 25	=HYPERLINK("http://localhost:3000/vouchers/cmtuxit2f026pvr10xyk0tfg3", "25-0000317")	181099	Piutang Lain-lain	Johan Hariyanto	Rizky - Cash Advance Bojonegoro	0	2000000
cmtuxit2m026xvr10doxzv3v0	21 Oct 25	=HYPERLINK("http://localhost:3000/vouchers/cmtuxit2k026vvr10o2ncw9j5", "25-0000318")	181099	Piutang Lain-lain	Johan Hariyanto	Punjung Hari Prabowo - Sewa Mobil	6000000	0
cmtuxit2o026zvr10tt0az6yo	21 Oct 25	=HYPERLINK("http://localhost:3000/vouchers/cmtuxit2k026vvr10o2ncw9j5", "25-0000318")	181099	Piutang Lain-lain	Johan Hariyanto	Punjung Hari Prabowo - Sewa Mobil	0	150000
cmtuxit2q0271vr10acvjsie0	21 Oct 25	=HYPERLINK("http://localhost:3000/vouchers/cmtuxit2k026vvr10o2ncw9j5", "25-0000318")	181099	Piutang Lain-lain	Johan Hariyanto	Punjung Hari Prabowo - Sewa Mobil	0	5850000
cmtuxit2t0275vr107y50g67u	21 Oct 25	=HYPERLINK("http://localhost:3000/vouchers/cmtuxit2r0273vr10aoe7vzrz", "25-0000319")	181099	Piutang Lain-lain	Johan Hariyanto	Johan Hariyanto - Perjalanan Dinas ke Bojonegoro - Makan Pagi	55000	0
cmtuxit2v0277vr10mpmx8lyq	21 Oct 25	=HYPERLINK("http://localhost:3000/vouchers/cmtuxit2r0273vr10aoe7vzrz", "25-0000319")	181099	Piutang Lain-lain	Johan Hariyanto	Johan Hariyanto - Perjalanan Dinas ke Bojonegoro - Air Minum	28500	0
cmtuxit2x0279vr10qqcrhk99	21 Oct 25	=HYPERLINK("http://localhost:3000/vouchers/cmtuxit2r0273vr10aoe7vzrz", "25-0000319")	181099	Piutang Lain-lain	Johan Hariyanto	Johan Hariyanto - Perjalanan Dinas ke Bojonegoro - Taxi	260000	0
cmtuxit2y027bvr107o0vgrs7	21 Oct 25	=HYPERLINK("http://localhost:3000/vouchers/cmtuxit2r0273vr10aoe7vzrz", "25-0000319")	100101	Bank BCA 4972579789	Johan Hariyanto	Johan Hariyanto - Perjalanan Dinas ke Bojonegoro - Makan Malam	35000	0
cmtuxit30027dvr10ybrjpisa	21 Oct 25	=HYPERLINK("http://localhost:3000/vouchers/cmtuxit2r0273vr10aoe7vzrz", "25-0000319")	140001	Pembelian Listrik	Johan Hariyanto	Johan Hariyanto - Perjalanan Dinas ke Bojonegoro - Makan Pagi	78000	0
cmtuxit32027fvr10vk11gm3q	21 Oct 25	=HYPERLINK("http://localhost:3000/vouchers/cmtuxit2r0273vr10aoe7vzrz", "25-0000319")	140001	Pembelian Listrik	Johan Hariyanto	Johan Hariyanto - Perjalanan Dinas ke Bojonegoro-Makan Siang	40000	0
cmtuxit33027hvr10b0bd052a	21 Oct 25	=HYPERLINK("http://localhost:3000/vouchers/cmtuxit2r0273vr10aoe7vzrz", "25-0000319")	100101	Bank BCA 4972579789	Johan Hariyanto	Johan Hariyanto - Perjalanan Dinas ke Bojonegoro - Makan Malam	38000	0
cmtuxit35027jvr10wayxim8q	21 Oct 25	=HYPERLINK("http://localhost:3000/vouchers/cmtuxit2r0273vr10aoe7vzrz", "25-0000319")	130000	Pembelian Barang dagangan Modular	Johan Hariyanto	Johan Hariyanto - Perjalanan Dinas ke Bojonegoro - Taxi	270000	0
cmtuxit37027lvr103hwq71s1	21 Oct 25	=HYPERLINK("http://localhost:3000/vouchers/cmtuxit2r0273vr10aoe7vzrz", "25-0000319")	130000	Pembelian Barang dagangan Modular	Johan Hariyanto	Johan Hariyanto - Perjalanan Dinas ke Bojonegoro	0	804500
cmtuxit3b027pvr10zrrf1033	21 Oct 25	=HYPERLINK("http://localhost:3000/vouchers/cmtuxit39027nvr10r0vy96gw", "25-0000320")	130000	Pembelian Barang dagangan Modular	Melisa Kartikasari	Udraji Gunawan - Listrik Cukurgondang Pasuruan	28138500	0
cmtuxit3d027rvr10xr8x0zso	21 Oct 25	=HYPERLINK("http://localhost:3000/vouchers/cmtuxit39027nvr10r0vy96gw", "25-0000320")	130000	Pembelian Barang dagangan Modular	Melisa Kartikasari	Udraji Gunawan - Listrik Sumber dawesari, Pasuruan	21148500	0
cmtuxit3e027tvr10llp84dsp	21 Oct 25	=HYPERLINK("http://localhost:3000/vouchers/cmtuxit39027nvr10r0vy96gw", "25-0000320")	220001	Hutang Pph21	Melisa Kartikasari	Udraji Gunawan - Listrik Cukurgondang dan sumber dawesari, Pasuruan	0	49287000
cmtuxit3i027xvr10lowsdqtg	21 Oct 25	=HYPERLINK("http://localhost:3000/vouchers/cmtuxit3g027vvr10zgsbl7gz", "25-0000321")	100101	Bank BCA 4972579789	Melisa Kartikasari	Melisa Kartikasari (Udraji Gunawan) - DP Pemasangan Modular Kalimendong Leksono	25000000	0
cmtuxit3j027zvr10dsrok2jd	22 Oct 25	=HYPERLINK("http://localhost:3000/vouchers/cmtuxit3g027vvr10zgsbl7gz", "25-0000321")	140002	Pembelian Material	Melisa Kartikasari	Melisa Kartikasari (Udraji Gunawan) - DP Pemasangan Modular Wonoroto Watumalang	25000000	0
cmtuxit3l0281vr10gnlm69s5	22 Oct 25	=HYPERLINK("http://localhost:3000/vouchers/cmtuxit3g027vvr10zgsbl7gz", "25-0000321")	150009	Biaya Perbaikan Proyek	Melisa Kartikasari	Melisa Kartikasari (Udraji Gunawan) - DP Pemasangan Modular Sukoharjo	25000000	0
cmtuxit3n0283vr10g49lsuri	22 Oct 25	=HYPERLINK("http://localhost:3000/vouchers/cmtuxit3g027vvr10zgsbl7gz", "25-0000321")	220001	Hutang Pph21	Melisa Kartikasari	Melisa Kartikasari (Udraji Gunawan) - DP Pemasangan Modular Rojoimo Wonosobo	25000000	0
cmtuxit3o0285vr10kwfmzufy	22 Oct 25	=HYPERLINK("http://localhost:3000/vouchers/cmtuxit3g027vvr10zgsbl7gz", "25-0000321")	100101	Bank BCA 4972579789	Melisa Kartikasari	Melisa Kartikasari (Udraji Gunawan) - Pemasangan Modular Kalimendong Leksono, Wonoroto Watumalang, Sukoharjo, Rojoimo Wonosobo)	0	2500000
cmtuxit3q0287vr10xzkqyp74	22 Oct 25	=HYPERLINK("http://localhost:3000/vouchers/cmtuxit3g027vvr10zgsbl7gz", "25-0000321")	100101	Bank BCA 4972579789	Melisa Kartikasari	Melisa Kartikasari (Udraji Gunawan) - Pemasangan Modular Kalimendong Leksono, Wonoroto Watumalang, Sukoharjo, Rojoimo Wonosobo)	0	97500000
cmtuxit3u028bvr10sdsaeo1f	22 Oct 25	=HYPERLINK("http://localhost:3000/vouchers/cmtuxit3s0289vr10ctajya3n", "25-0000322")	220000	PPN Keluaran	PT Anugrah Sentra Persada	Agus Budi Kontjoro - Biaya material di area tuban	74234051	0
cmtuxit3v028dvr105pj0yjt2	22 Oct 25	=HYPERLINK("http://localhost:3000/vouchers/cmtuxit3s0289vr10ctajya3n", "25-0000322")	211000	Uang Muka Penjualan	PT Anugrah Sentra Persada	Agus Budi Kontjoro - Biaya material dan Jasa Kontraktor di area tuban	40000000	0
cmtuxit3x028fvr10qyupgt9j	23 Oct 25	=HYPERLINK("http://localhost:3000/vouchers/cmtuxit3s0289vr10ctajya3n", "25-0000322")	181099	Piutang Lain-lain	PT Anugrah Sentra Persada	Agus Budi Kontjoro - Biaya material dan Jasa Kontraktor di area tuban	0	1000000
cmtuxit3z028hvr10tsf08bmk	23 Oct 25	=HYPERLINK("http://localhost:3000/vouchers/cmtuxit3s0289vr10ctajya3n", "25-0000322")	181099	Piutang Lain-lain	PT Anugrah Sentra Persada	Agus Budi Kontjoro - Biaya material dan ongkos di area tuban	0	113234051
cmtuxit43028lvr107atzjasr	23 Oct 25	=HYPERLINK("http://localhost:3000/vouchers/cmtuxit41028jvr10nfqt6p6j", "25-0000323")	181099	Piutang Lain-lain	Rizky Yustisiawan Sitanggang	PT Anugrah Sentra Persada - Down payment inv 01/PMB/INV/X/2025	1317734562	0
cmtuxit44028nvr10f861t4d3	23 Oct 25	=HYPERLINK("http://localhost:3000/vouchers/cmtuxit41028jvr10nfqt6p6j", "25-0000323")	181099	Piutang Lain-lain	Rizky Yustisiawan Sitanggang	PT Anugrah Sentra Persada - Down payment inv 01/PMB/INV/X/2025	0	130586308
cmtuxit46028pvr10lmwcjbgx	23 Oct 25	=HYPERLINK("http://localhost:3000/vouchers/cmtuxit41028jvr10nfqt6p6j", "25-0000323")	181099	Piutang Lain-lain	Rizky Yustisiawan Sitanggang	PT Anugrah Sentra Persada - Down payment inv 01/PMB/INV/X/2025	0	1187148254
cmtuxit49028tvr10hzn9fkos	23 Oct 25	=HYPERLINK("http://localhost:3000/vouchers/cmtuxit48028rvr10g58zt5m8", "25-0000324")	181099	Piutang Lain-lain	Rizky Yustisiawan Sitanggang	Rizky - Bensin Mobil SPBU Lisman tgl 01 Sept 2025	150000	0
cmtuxit4b028vvr10hulsrfm2	23 Oct 25	=HYPERLINK("http://localhost:3000/vouchers/cmtuxit48028rvr10g58zt5m8", "25-0000324")	181099	Piutang Lain-lain	Rizky Yustisiawan Sitanggang	Rizky - Bensin Mobil SPBU Sawunggaling Tgl 02 Sept 2025	150000	0
cmtuxit4d028xvr10icqhg6zv	23 Oct 25	=HYPERLINK("http://localhost:3000/vouchers/cmtuxit48028rvr10g58zt5m8", "25-0000324")	181099	Piutang Lain-lain	Rizky Yustisiawan Sitanggang	Rizky - Bensin Mobil SPBU Lisman - Tgl 07 Sept 2025	150000	0
cmtuxit4f028zvr1006wkiseh	23 Oct 25	=HYPERLINK("http://localhost:3000/vouchers/cmtuxit48028rvr10g58zt5m8", "25-0000324")	181099	Piutang Lain-lain	Rizky Yustisiawan Sitanggang	Rizky - Bensin Mobil SPBU Lisman - Tgl 09 Sept 2025	200000	0
cmtuxit4g0291vr10dbcgl6yt	23 Oct 25	=HYPERLINK("http://localhost:3000/vouchers/cmtuxit48028rvr10g58zt5m8", "25-0000324")	181099	Piutang Lain-lain	Rizky Yustisiawan Sitanggang	Rizky - Sinar Baru Electric - Tgl 09 Sept 2025	337500	0
cmtuxit4i0293vr10ya6kvhzz	23 Oct 25	=HYPERLINK("http://localhost:3000/vouchers/cmtuxit48028rvr10g58zt5m8", "25-0000324")	181099	Piutang Lain-lain	Rizky Yustisiawan Sitanggang	Rizky - Belanja di Alfamart Kerek - Tgl 23 Sept 2025	62000	0
cmtuxit4k0295vr10h0mdevf0	23 Oct 25	=HYPERLINK("http://localhost:3000/vouchers/cmtuxit48028rvr10g58zt5m8", "25-0000324")	181099	Piutang Lain-lain	Rizky Yustisiawan Sitanggang	Rizky - Bensin Mobil SPBU Lisman - Tgl 23 Sept 2025	300000	0
cmtuxit4m0297vr10u2dgv2qy	23 Oct 25	=HYPERLINK("http://localhost:3000/vouchers/cmtuxit48028rvr10g58zt5m8", "25-0000324")	181099	Piutang Lain-lain	Rizky Yustisiawan Sitanggang	Rizky - Makan di Ayam Geprek SAI - Tgl 23 Sept 2025	39000	0
cmtuxit4o0299vr10n89zels3	23 Oct 25	=HYPERLINK("http://localhost:3000/vouchers/cmtuxit48028rvr10g58zt5m8", "25-0000324")	181099	Piutang Lain-lain	Rizky Yustisiawan Sitanggang	Rizky - Toko Laskar Buah Semangka - Tgl 23 Sept 2025	39000	0
cmtuxit4p029bvr10hvon69qr	23 Oct 25	=HYPERLINK("http://localhost:3000/vouchers/cmtuxit48028rvr10g58zt5m8", "25-0000324")	181099	Piutang Lain-lain	Rizky Yustisiawan Sitanggang	Rizky - Belanja Air di Alfamart Kerek - Tgl 23 Sept 2025	37000	0
cmtuxit4r029dvr10dj8f9ksw	23 Oct 25	=HYPERLINK("http://localhost:3000/vouchers/cmtuxit48028rvr10g58zt5m8", "25-0000324")	181099	Piutang Lain-lain	Rizky Yustisiawan Sitanggang	Rizky - Aquaviva - Tgl 23 Sept 2025	50000	0
cmtuxit4t029fvr1039wkazf6	23 Oct 25	=HYPERLINK("http://localhost:3000/vouchers/cmtuxit48028rvr10g58zt5m8", "25-0000324")	181099	Piutang Lain-lain	Rizky Yustisiawan Sitanggang	Rizky - Makan di HITS Chicken - Tgl 23 Sept 2025	524000	0
cmtuxit4v029hvr10tvmfw6ze	23 Oct 25	=HYPERLINK("http://localhost:3000/vouchers/cmtuxit48028rvr10g58zt5m8", "25-0000324")	181099	Piutang Lain-lain	Rizky Yustisiawan Sitanggang	Rizky -Makan di Ayam Geprek SAI - Tgl 23 Sept 2025	231000	0
cmtuxit4x029jvr107c9bx4g5	23 Oct 25	=HYPERLINK("http://localhost:3000/vouchers/cmtuxit48028rvr10g58zt5m8", "25-0000324")	181099	Piutang Lain-lain	Rizky Yustisiawan Sitanggang	Rizky -Belanja Air di Alfamart Kerek - Tgl 24 Sept 2025	77000	0
cmtuxit4z029lvr107llzs7rs	23 Oct 25	=HYPERLINK("http://localhost:3000/vouchers/cmtuxit48028rvr10g58zt5m8", "25-0000324")	181099	Piutang Lain-lain	Rizky Yustisiawan Sitanggang	Rizky -Bensin Mobil SPBU Lisman - Tgl 24 Sept 2025	300000	0
cmtuxit50029nvr10xh24lcbj	23 Oct 25	=HYPERLINK("http://localhost:3000/vouchers/cmtuxit48028rvr10g58zt5m8", "25-0000324")	181099	Piutang Lain-lain	Rizky Yustisiawan Sitanggang	Rizky -Makan di HITS Chicken - Tgl 24 Sept 2025	455000	0
cmtuxit52029pvr10tiv7d8mw	23 Oct 25	=HYPERLINK("http://localhost:3000/vouchers/cmtuxit48028rvr10g58zt5m8", "25-0000324")	181099	Piutang Lain-lain	Rizky Yustisiawan Sitanggang	Rizky - MR DIY Foaming Glove - Tgl 24 Sept 2025	101500	0
cmtuxit53029rvr106ui8wk46	23 Oct 25	=HYPERLINK("http://localhost:3000/vouchers/cmtuxit48028rvr10g58zt5m8", "25-0000324")	181099	Piutang Lain-lain	Rizky Yustisiawan Sitanggang	Rizky - Makan di Ayam Geprek SAI - Tgl 24 Sept 2025	174000	0
cmtuxit55029tvr10jfjtpsfe	23 Oct 25	=HYPERLINK("http://localhost:3000/vouchers/cmtuxit48028rvr10g58zt5m8", "25-0000324")	181099	Piutang Lain-lain	Rizky Yustisiawan Sitanggang	Rizky - Air Mineral Cleo - Tgl 24 Sept 2025	52000	0
cmtuxit57029vvr105ohgpg1t	23 Oct 25	=HYPERLINK("http://localhost:3000/vouchers/cmtuxit48028rvr10g58zt5m8", "25-0000324")	181099	Piutang Lain-lain	Rizky Yustisiawan Sitanggang	Rizky - Belanja Air di Indomaret Kedung Adem- Tgl 25 Sept 2025	55500	0
cmtuxit59029xvr10lefdq1d3	23 Oct 25	=HYPERLINK("http://localhost:3000/vouchers/cmtuxit48028rvr10g58zt5m8", "25-0000324")	140002	Pembelian Material	Rizky Yustisiawan Sitanggang	Rizky - Makan di Ayam Geprek SAI- Tgl 25 Sept 2025	184000	0
cmtuxit5a029zvr10425x7hci	23 Oct 25	=HYPERLINK("http://localhost:3000/vouchers/cmtuxit48028rvr10g58zt5m8", "25-0000324")	181099	Piutang Lain-lain	Rizky Yustisiawan Sitanggang	Rizky -Belanja Air di Alfamart kedung Adem- Tgl 25 Sept 2025	36600	0
cmtuxit5c02a1vr10cceob225	23 Oct 25	=HYPERLINK("http://localhost:3000/vouchers/cmtuxit48028rvr10g58zt5m8", "25-0000324")	181099	Piutang Lain-lain	Rizky Yustisiawan Sitanggang	Rizky -Makan di Ayam Geprek SAI- Tgl 25 Sept 2025	224000	0
cmtuxit5e02a3vr102bwkg03k	23 Oct 25	=HYPERLINK("http://localhost:3000/vouchers/cmtuxit48028rvr10g58zt5m8", "25-0000324")	181099	Piutang Lain-lain	Rizky Yustisiawan Sitanggang	Rizky -Belanja Air Mineral - Tgl 26 Sept 2025	28000	0
cmtuxit5g02a5vr10966iwfz7	23 Oct 25	=HYPERLINK("http://localhost:3000/vouchers/cmtuxit48028rvr10g58zt5m8", "25-0000324")	181099	Piutang Lain-lain	Rizky Yustisiawan Sitanggang	Rizky -Makan di Rocket chicken - Tgl 26 Sept 2025	250000	0
cmtuxit5i02a7vr10ca1vcdeu	23 Oct 25	=HYPERLINK("http://localhost:3000/vouchers/cmtuxit48028rvr10g58zt5m8", "25-0000324")	181099	Piutang Lain-lain	Rizky Yustisiawan Sitanggang	Rizky -Belanja Bahan Bangunan - Tgl 26 Sept 2025 - Kedung Adem	160000	0
cmtuxit5j02a9vr109xpdwl4i	23 Oct 25	=HYPERLINK("http://localhost:3000/vouchers/cmtuxit48028rvr10g58zt5m8", "25-0000324")	181099	Piutang Lain-lain	Rizky Yustisiawan Sitanggang	Rizky -Cleo Botol - Tgl 26 Sept 2025	44500	0
cmtuxit5l02abvr10hs11v94b	23 Oct 25	=HYPERLINK("http://localhost:3000/vouchers/cmtuxit48028rvr10g58zt5m8", "25-0000324")	181099	Piutang Lain-lain	Rizky Yustisiawan Sitanggang	Rizky -Makan di Ayam Geprek SAI - Tgl 26 Sept 2025	184000	0
cmtuxit5n02advr10993hpmzp	23 Oct 25	=HYPERLINK("http://localhost:3000/vouchers/cmtuxit48028rvr10g58zt5m8", "25-0000324")	181099	Piutang Lain-lain	Rizky Yustisiawan Sitanggang	Rizky -Bensin Mobil SPBU Lisman - Tgl 26 Sept 2025	300000	0
cmtuxit5p02afvr10vaea1rap	23 Oct 25	=HYPERLINK("http://localhost:3000/vouchers/cmtuxit48028rvr10g58zt5m8", "25-0000324")	181099	Piutang Lain-lain	Rizky Yustisiawan Sitanggang	Rizky -Air Mineral - Tgl 27 Sept 2025	46500	0
cmtuxit5r02ahvr10qhrp1a56	23 Oct 25	=HYPERLINK("http://localhost:3000/vouchers/cmtuxit48028rvr10g58zt5m8", "25-0000324")	600016	Beban Perlengkapan Kantor	Rizky Yustisiawan Sitanggang	Rizky -Isi Carter - Tgl 27 Sept 2025	20000	0
cmtuxit5t02ajvr10wl3kiwmi	23 Oct 25	=HYPERLINK("http://localhost:3000/vouchers/cmtuxit48028rvr10g58zt5m8", "25-0000324")	140002	Pembelian Material	Rizky Yustisiawan Sitanggang	Rizky -Air Mineral - Tgl 27 Sept 2025	25500	0
cmtuxit5v02alvr107qo2eajj	23 Oct 25	=HYPERLINK("http://localhost:3000/vouchers/cmtuxit48028rvr10g58zt5m8", "25-0000324")	181099	Piutang Lain-lain	Rizky Yustisiawan Sitanggang	Rizky -Makan Siang di Aneka Sambel Bojonegoro Veteran - Tgl 8 Sept 2025	464500	0
cmtuxit5w02anvr10hbkd3s95	23 Oct 25	=HYPERLINK("http://localhost:3000/vouchers/cmtuxit48028rvr10g58zt5m8", "25-0000324")	181099	Piutang Lain-lain	Rizky Yustisiawan Sitanggang	Rizky -Makan di Warung Nasi Goreng Pak Gondrong - Tgl 8 Sept 2025	187000	0
cmtuxit5y02apvr10oacobg5o	23 Oct 25	=HYPERLINK("http://localhost:3000/vouchers/cmtuxit48028rvr10g58zt5m8", "25-0000324")	181099	Piutang Lain-lain	Rizky Yustisiawan Sitanggang	Rizky -Makan Malam di Aneka Sambel Bojonegoro Veteran - Tgl 8 Sept 2025	200000	0
cmtuxit6002arvr10f4qlxrg2	23 Oct 25	=HYPERLINK("http://localhost:3000/vouchers/cmtuxit48028rvr10g58zt5m8", "25-0000324")	181099	Piutang Lain-lain	Rizky Yustisiawan Sitanggang	Rizky -Sarung Tangan 3 Pax - Tgl 9 Sept 2025	102000	0
cmtuxit6202atvr10a28i4cs8	23 Oct 25	=HYPERLINK("http://localhost:3000/vouchers/cmtuxit48028rvr10g58zt5m8", "25-0000324")	181099	Piutang Lain-lain	Rizky Yustisiawan Sitanggang	Rizky -Pylox 10pcs - Tgl 9 Sept 2025 - Merak urak	365000	0
cmtuxit6402avvr1076i5bbgp	23 Oct 25	=HYPERLINK("http://localhost:3000/vouchers/cmtuxit48028rvr10g58zt5m8", "25-0000324")	181099	Piutang Lain-lain	Rizky Yustisiawan Sitanggang	Rizky -Makan Siang di Rocket Chicken - Tgl 10 Sept 2025	135000	0
cmtuxit6502axvr107dmg9myv	23 Oct 25	=HYPERLINK("http://localhost:3000/vouchers/cmtuxit48028rvr10g58zt5m8", "25-0000324")	181099	Piutang Lain-lain	Rizky Yustisiawan Sitanggang	Rizky -Makan Siang di Ayam Geprek SAI - Tgl 11 Sept 2025	30000	0
cmtuxit6702azvr10wxd6tnrg	23 Oct 25	=HYPERLINK("http://localhost:3000/vouchers/cmtuxit48028rvr10g58zt5m8", "25-0000324")	600016	Beban Perlengkapan Kantor	Rizky Yustisiawan Sitanggang	Rizky -Makan Siang di Ayam Geprek SAI - Tgl 11 Sept 2025	102000	0
cmtuxit6902b1vr10chu5h6qg	23 Oct 25	=HYPERLINK("http://localhost:3000/vouchers/cmtuxit48028rvr10g58zt5m8", "25-0000324")	181099	Piutang Lain-lain	Rizky Yustisiawan Sitanggang	Rizky -Makan Siang di Ayam Geprek SAI - Tgl 12 Sept 2025	187000	0
cmtuxit6b02b3vr10agud7a9f	23 Oct 25	=HYPERLINK("http://localhost:3000/vouchers/cmtuxit48028rvr10g58zt5m8", "25-0000324")	181099	Piutang Lain-lain	Rizky Yustisiawan Sitanggang	Rizky -Belanja di Alfamart Bojonegoro - Tgl 12 Sept 2025	52100	0
cmtuxit6c02b5vr10kpn81hlh	23 Oct 25	=HYPERLINK("http://localhost:3000/vouchers/cmtuxit48028rvr10g58zt5m8", "25-0000324")	181099	Piutang Lain-lain	Rizky Yustisiawan Sitanggang	Rizky -Belanja di Alfamart Bojonegoro - Tgl 13 Sept 2025	42100	0
cmtuxit6e02b7vr1058sj0sfz	23 Oct 25	=HYPERLINK("http://localhost:3000/vouchers/cmtuxit48028rvr10g58zt5m8", "25-0000324")	181099	Piutang Lain-lain	Rizky Yustisiawan Sitanggang	Rizky -Makan Siang di Ayam Geprek SAI - Tgl 13 Sept 2025	208000	0
cmtuxit6g02b9vr103ccuwysd	23 Oct 25	=HYPERLINK("http://localhost:3000/vouchers/cmtuxit48028rvr10g58zt5m8", "25-0000324")	181099	Piutang Lain-lain	Rizky Yustisiawan Sitanggang	Rizky -Benang 1 pack - Tgl 13 Sept 2025	33500	0
cmtuxit6i02bbvr10w40ghybw	23 Oct 25	=HYPERLINK("http://localhost:3000/vouchers/cmtuxit48028rvr10g58zt5m8", "25-0000324")	181099	Piutang Lain-lain	Rizky Yustisiawan Sitanggang	Rizky -Bensin Mobil SPBU Lisman- Tgl 14 Sept 2025	250000	0
cmtuxit6k02bdvr102ntcnshf	23 Oct 25	=HYPERLINK("http://localhost:3000/vouchers/cmtuxit48028rvr10g58zt5m8", "25-0000324")	181099	Piutang Lain-lain	Rizky Yustisiawan Sitanggang	Rizky -Air Mineral- Tgl 15 Sept 2025	36800	0
cmtuxit6l02bfvr108p0kkb08	23 Oct 25	=HYPERLINK("http://localhost:3000/vouchers/cmtuxit48028rvr10g58zt5m8", "25-0000324")	181099	Piutang Lain-lain	Rizky Yustisiawan Sitanggang	Rizky -Bensin Mobil SPBU Lisman - Tgl 16 Sept 2025	250000	0
cmtuxit6n02bhvr10zi57gvnr	23 Oct 25	=HYPERLINK("http://localhost:3000/vouchers/cmtuxit48028rvr10g58zt5m8", "25-0000324")	181099	Piutang Lain-lain	Rizky Yustisiawan Sitanggang	Rizky -Aqua Dus - Tgl 16 Sept 2025	66000	0
cmtuxit6p02bjvr109qsxnz24	23 Oct 25	=HYPERLINK("http://localhost:3000/vouchers/cmtuxit48028rvr10g58zt5m8", "25-0000324")	181099	Piutang Lain-lain	Rizky Yustisiawan Sitanggang	Rizky -Makan di Ayam Geprek SAI - Tgl 16 Sept 2025	256000	0
cmtuxit6q02blvr104y6o1tu7	23 Oct 25	=HYPERLINK("http://localhost:3000/vouchers/cmtuxit48028rvr10g58zt5m8", "25-0000324")	181099	Piutang Lain-lain	Rizky Yustisiawan Sitanggang	Rizky -Makan di Ayam Geprek SAI - Tgl 17 Sept 2025	208000	0
cmtuxit6t02bnvr10lsdha5ve	23 Oct 25	=HYPERLINK("http://localhost:3000/vouchers/cmtuxit48028rvr10g58zt5m8", "25-0000324")	181099	Piutang Lain-lain	Rizky Yustisiawan Sitanggang	Rizky - Air Mineral - Tgl 17 Sept 2025	49000	0
cmtuxit6v02bpvr10osjrdlr9	23 Oct 25	=HYPERLINK("http://localhost:3000/vouchers/cmtuxit48028rvr10g58zt5m8", "25-0000324")	181099	Piutang Lain-lain	Rizky Yustisiawan Sitanggang	Rizky - Air Mineral - Tgl 17 Sept 2025	46400	0
cmtuxit6w02brvr10vaskgxfe	23 Oct 25	=HYPERLINK("http://localhost:3000/vouchers/cmtuxit48028rvr10g58zt5m8", "25-0000324")	181099	Piutang Lain-lain	Rizky Yustisiawan Sitanggang	Rizky - Air Mineral - Tgl 17 Sept 2025	34200	0
cmtuxit6y02btvr10b6gytv6a	23 Oct 25	=HYPERLINK("http://localhost:3000/vouchers/cmtuxit48028rvr10g58zt5m8", "25-0000324")	181099	Piutang Lain-lain	Rizky Yustisiawan Sitanggang	Rizky - Sumpit Bambu dan Tusuk Gigi - Tgl 17 Sept 2025	5000	0
cmtuxit7002bvvr109a0ciyad	23 Oct 25	=HYPERLINK("http://localhost:3000/vouchers/cmtuxit48028rvr10g58zt5m8", "25-0000324")	181099	Piutang Lain-lain	Rizky Yustisiawan Sitanggang	Rizky - Makan di Aneka Sambel Bojonegoro - Tgl 17 Sept 2025	120000	0
cmtuxit7202bxvr10l2xm7na3	23 Oct 25	=HYPERLINK("http://localhost:3000/vouchers/cmtuxit48028rvr10g58zt5m8", "25-0000324")	140002	Pembelian Material	Rizky Yustisiawan Sitanggang	Rizky - Air Mineral- Tgl 18 Sept 2025	70100	0
cmtuxit7402bzvr10tik2lh0g	23 Oct 25	=HYPERLINK("http://localhost:3000/vouchers/cmtuxit48028rvr10g58zt5m8", "25-0000324")	181099	Piutang Lain-lain	Rizky Yustisiawan Sitanggang	Rizky - Aqua Dus- Tgl 18 Sept 2025	52000	0
cmtuxit7602c1vr10nkrdb1m5	23 Oct 25	=HYPERLINK("http://localhost:3000/vouchers/cmtuxit48028rvr10g58zt5m8", "25-0000324")	181099	Piutang Lain-lain	Rizky Yustisiawan Sitanggang	Rizky - Struk Parkir Stasiun Bojonegoro- Tgl 18 Sept 2025	5000	0
cmtuxit7802c3vr10ivmmw0u8	23 Oct 25	=HYPERLINK("http://localhost:3000/vouchers/cmtuxit48028rvr10g58zt5m8", "25-0000324")	181099	Piutang Lain-lain	Rizky Yustisiawan Sitanggang	Rizky - Makan di Ayam Geprek SAI- Tgl 18 Sept 2025	100000	0
cmtuxit7902c5vr10q4ykllwm	23 Oct 25	=HYPERLINK("http://localhost:3000/vouchers/cmtuxit48028rvr10g58zt5m8", "25-0000324")	181099	Piutang Lain-lain	Rizky Yustisiawan Sitanggang	Rizky - Air Mineral- Tgl 18 Sept 2025	23500	0
cmtuxit7b02c7vr100jnlzw7q	23 Oct 25	=HYPERLINK("http://localhost:3000/vouchers/cmtuxit48028rvr10g58zt5m8", "25-0000324")	181099	Piutang Lain-lain	Rizky Yustisiawan Sitanggang	Rizky - Steker Serba Guna- Tgl 18 Sept 2025 - Merak Urak	77500	0
cmtuxit7d02c9vr10nknyx3y3	23 Oct 25	=HYPERLINK("http://localhost:3000/vouchers/cmtuxit48028rvr10g58zt5m8", "25-0000324")	181099	Piutang Lain-lain	Rizky Yustisiawan Sitanggang	Rizky - Air Mineral- Tgl 19 Sept 2025	32100	0
cmtuxit7f02cbvr10igzwv9u5	23 Oct 25	=HYPERLINK("http://localhost:3000/vouchers/cmtuxit48028rvr10g58zt5m8", "25-0000324")	181099	Piutang Lain-lain	Rizky Yustisiawan Sitanggang	Rizky - Makan di Rocket Chicken Tuban Tgl 19 Sept 2025	121000	0
cmtuxit7h02cdvr10z4j1smlp	23 Oct 25	=HYPERLINK("http://localhost:3000/vouchers/cmtuxit48028rvr10g58zt5m8", "25-0000324")	600016	Beban Perlengkapan Kantor	Rizky Yustisiawan Sitanggang	Rizky - Air Mineral - Tgl 19 Sept 2025	30200	0
cmtuxit7i02cfvr10xgtqkzsm	23 Oct 25	=HYPERLINK("http://localhost:3000/vouchers/cmtuxit48028rvr10g58zt5m8", "25-0000324")	181099	Piutang Lain-lain	Rizky Yustisiawan Sitanggang	Rizky - Bensin Mobil SPBU Veteran- Tgl 19 Sept 2025	300000	0
cmtuxit7k02chvr10272y497q	23 Oct 25	=HYPERLINK("http://localhost:3000/vouchers/cmtuxit48028rvr10g58zt5m8", "25-0000324")	181099	Piutang Lain-lain	Rizky Yustisiawan Sitanggang	Rizky - Makan di Ayam Geprek SAI- Tgl 19 Sept 2025	154000	0
cmtuxit7m02cjvr10p10czp3t	23 Oct 25	=HYPERLINK("http://localhost:3000/vouchers/cmtuxit48028rvr10g58zt5m8", "25-0000324")	181099	Piutang Lain-lain	Rizky Yustisiawan Sitanggang	Rizky - Makan di Rocket Chicken Tuban- Tgl 20 Sept 2025	76000	0
cmtuxit7o02clvr10sh78b2nn	23 Oct 25	=HYPERLINK("http://localhost:3000/vouchers/cmtuxit48028rvr10g58zt5m8", "25-0000324")	181099	Piutang Lain-lain	Rizky Yustisiawan Sitanggang	Rizky - Air Mineral- Tgl 20 Sept 2025	36400	0
cmtuxit7p02cnvr10mmssml0n	23 Oct 25	=HYPERLINK("http://localhost:3000/vouchers/cmtuxit48028rvr10g58zt5m8", "25-0000324")	181099	Piutang Lain-lain	Rizky Yustisiawan Sitanggang	Rizky - Document Bag- Tgl 20 Sept 2025	8500	0
cmtuxit7r02cpvr10kp3tahi5	23 Oct 25	=HYPERLINK("http://localhost:3000/vouchers/cmtuxit48028rvr10g58zt5m8", "25-0000324")	181099	Piutang Lain-lain	Rizky Yustisiawan Sitanggang	Rizky - Makan di HITS Chicken Pemuda- Tgl 20 Sept 2025	289500	0
cmtuxit7t02crvr10y9frcjsi	23 Oct 25	=HYPERLINK("http://localhost:3000/vouchers/cmtuxit48028rvr10g58zt5m8", "25-0000324")	181099	Piutang Lain-lain	Rizky Yustisiawan Sitanggang	Rizky - Air Mineral- Tgl 21 Sept 2025	82000	0
cmtuxit7v02ctvr10oc4mbvqh	23 Oct 25	=HYPERLINK("http://localhost:3000/vouchers/cmtuxit48028rvr10g58zt5m8", "25-0000324")	181099	Piutang Lain-lain	Rizky Yustisiawan Sitanggang	Rizky - Air Mineral- Tgl 21 Sept 2025	28000	0
cmtuxit7y02cvvr10tvj95ahv	23 Oct 25	=HYPERLINK("http://localhost:3000/vouchers/cmtuxit48028rvr10g58zt5m8", "25-0000324")	181099	Piutang Lain-lain	Rizky Yustisiawan Sitanggang	Rizky - Makan di Ayam Geprek SAI- Tgl 21 Sept 2025	162000	0
cmtuxit8002cxvr10huebpcka	23 Oct 25	=HYPERLINK("http://localhost:3000/vouchers/cmtuxit48028rvr10g58zt5m8", "25-0000324")	140002	Pembelian Material	Rizky Yustisiawan Sitanggang	Rizky - Bensin Mobil SPBU Lisman- Tgl 21 Sept 2025	250000	0
cmtuxit8202czvr10j8rsp8kw	23 Oct 25	=HYPERLINK("http://localhost:3000/vouchers/cmtuxit48028rvr10g58zt5m8", "25-0000324")	181099	Piutang Lain-lain	Rizky Yustisiawan Sitanggang	Rizky - Makan di Ayam Geprek SAI- Tgl 21 Sept 2025	71000	0
cmtuxit8302d1vr109nlvhzqf	23 Oct 25	=HYPERLINK("http://localhost:3000/vouchers/cmtuxit48028rvr10g58zt5m8", "25-0000324")	181099	Piutang Lain-lain	Rizky Yustisiawan Sitanggang	Rizky - Makan Siang di HITS Chicken Pemuda- Tgl 22 Sept 2025	154000	0
cmtuxit8502d3vr1068s2tmww	23 Oct 25	=HYPERLINK("http://localhost:3000/vouchers/cmtuxit48028rvr10g58zt5m8", "25-0000324")	600016	Beban Perlengkapan Kantor	Rizky Yustisiawan Sitanggang	Rizky - Makan Malam di HITS Chicken Pemuda- Tgl 22 Sept 2025	244000	0
cmtuxit8702d5vr10yk75lnu2	23 Oct 25	=HYPERLINK("http://localhost:3000/vouchers/cmtuxit48028rvr10g58zt5m8", "25-0000324")	181099	Piutang Lain-lain	Rizky Yustisiawan Sitanggang	Rizky - Makan Siang di HITS Chicken Pemuda- Tgl 22 Sept 2025	88000	0
cmtuxit8902d7vr10cb1p1ylz	23 Oct 25	=HYPERLINK("http://localhost:3000/vouchers/cmtuxit48028rvr10g58zt5m8", "25-0000324")	140002	Pembelian Material	Rizky Yustisiawan Sitanggang	Rizky - Kipas Maspion dan Kipas Cosmos- Tgl 22 Sept 2025 - Ngulanan	438000	0
cmtuxit8a02d9vr102jn4jplr	23 Oct 25	=HYPERLINK("http://localhost:3000/vouchers/cmtuxit48028rvr10g58zt5m8", "25-0000324")	999999	Lain Lain	Rizky Yustisiawan Sitanggang	Rizky - Makan Siang di HITS Chicken Pemuda- Tgl 22 Sept 2025	27500	0
cmtuxit8c02dbvr10vt0zf63u	23 Oct 25	=HYPERLINK("http://localhost:3000/vouchers/cmtuxit48028rvr10g58zt5m8", "25-0000324")	999999	Lain Lain	Rizky Yustisiawan Sitanggang	Rizky - Makan di Rocket Chicken- Tgl 27 Sept 2025	120000	0
cmtuxit8d02ddvr10gn9aioj1	23 Oct 25	=HYPERLINK("http://localhost:3000/vouchers/cmtuxit48028rvr10g58zt5m8", "25-0000324")	181099	Piutang Lain-lain	Rizky Yustisiawan Sitanggang	Rizky - Obeng MG Telur- Tgl 27 Sept 2025	145000	0
cmtuxit8f02dfvr104oy5grth	23 Oct 25	=HYPERLINK("http://localhost:3000/vouchers/cmtuxit48028rvr10g58zt5m8", "25-0000324")	140002	Pembelian Material	Rizky Yustisiawan Sitanggang	Rizky - Makan di HITS Chicken Pemuda- Tgl 27 Sept 2025	468000	0
cmtuxit8h02dhvr10272rwvp6	23 Oct 25	=HYPERLINK("http://localhost:3000/vouchers/cmtuxit48028rvr10g58zt5m8", "25-0000324")	181099	Piutang Lain-lain	Rizky Yustisiawan Sitanggang	Rizky - Pylox Basic- Tgl 27 Sept 2025 - Kedung Adem	387000	0
cmtuxit8j02djvr104ox8ox25	23 Oct 25	=HYPERLINK("http://localhost:3000/vouchers/cmtuxit48028rvr10g58zt5m8", "25-0000324")	181099	Piutang Lain-lain	Rizky Yustisiawan Sitanggang	Rizky - Uang Kost 2 Kamar - Tgl 27 Sept 2025	2000000	0
cmtuxit8l02dlvr10g6az5pkl	23 Oct 25	=HYPERLINK("http://localhost:3000/vouchers/cmtuxit48028rvr10g58zt5m8", "25-0000324")	181099	Piutang Lain-lain	Rizky Yustisiawan Sitanggang	Rizky - Uang Kost dan Parki r- Tgl 27 Sept 2025	1200000	0
cmtuxit8n02dnvr10266cqz37	23 Oct 25	=HYPERLINK("http://localhost:3000/vouchers/cmtuxit48028rvr10g58zt5m8", "25-0000324")	999999	Lain Lain	Rizky Yustisiawan Sitanggang	Rizky -Makan di HITS Chicken Pemuda- Tgl 28 Sept 2025	488000	0
cmtuxit8o02dpvr10kffxh37x	23 Oct 25	=HYPERLINK("http://localhost:3000/vouchers/cmtuxit48028rvr10g58zt5m8", "25-0000324")	140002	Pembelian Material	Rizky Yustisiawan Sitanggang	Rizky -Toko Bagus Berkualitas (WD)- Tgl 28 Sept 2025 - Kedung Adem	40000	0
cmtuxit8q02drvr10qszgzre6	23 Oct 25	=HYPERLINK("http://localhost:3000/vouchers/cmtuxit48028rvr10g58zt5m8", "25-0000324")	600016	Beban Perlengkapan Kantor	Rizky Yustisiawan Sitanggang	Rizky - Makan di Ayam Geprek SAI- Tgl 28 Sept 2025	20000	0
cmtuxit8s02dtvr10j8ej72nv	23 Oct 25	=HYPERLINK("http://localhost:3000/vouchers/cmtuxit48028rvr10g58zt5m8", "25-0000324")	999999	Lain Lain	Rizky Yustisiawan Sitanggang	Rizky - Belanja Air Mineral- Tgl 28 Sept 2025	98000	0
cmtuxit8u02dvvr10ofe5h9as	23 Oct 25	=HYPERLINK("http://localhost:3000/vouchers/cmtuxit48028rvr10g58zt5m8", "25-0000324")	999999	Lain Lain	Rizky Yustisiawan Sitanggang	Rizky - Belanja Air Mineral- Tgl 28 Sept 2025	78300	0
cmtuxit8v02dxvr10plxxv1b0	23 Oct 25	=HYPERLINK("http://localhost:3000/vouchers/cmtuxit48028rvr10g58zt5m8", "25-0000324")	181099	Piutang Lain-lain	Rizky Yustisiawan Sitanggang	Rizky - Beli Obat Betadine- Tgl 28 Sept 2025	85000	0
cmtuxit8x02dzvr104ldlx9ng	23 Oct 25	=HYPERLINK("http://localhost:3000/vouchers/cmtuxit48028rvr10g58zt5m8", "25-0000324")	181099	Piutang Lain-lain	Rizky Yustisiawan Sitanggang	Rizky - Toko Bagus Berkualitas (Kabel)- Tgl 28 Sept 2025 - Kedung Adem	175000	0
cmtuxit8z02e1vr10l8opxe6k	23 Oct 25	=HYPERLINK("http://localhost:3000/vouchers/cmtuxit48028rvr10g58zt5m8", "25-0000324")	181099	Piutang Lain-lain	Rizky Yustisiawan Sitanggang	Rizky - Sapu- Tgl 28 Sept 2025	45000	0
cmtuxit9102e3vr10by5i0i2g	23 Oct 25	=HYPERLINK("http://localhost:3000/vouchers/cmtuxit48028rvr10g58zt5m8", "25-0000324")	181099	Piutang Lain-lain	Rizky Yustisiawan Sitanggang	Rizky - Kwotie- Tgl 28 Sept 2025	153000	0
cmtuxit9302e5vr10olotijer	23 Oct 25	=HYPERLINK("http://localhost:3000/vouchers/cmtuxit48028rvr10g58zt5m8", "25-0000324")	181099	Piutang Lain-lain	Rizky Yustisiawan Sitanggang	Rizky - Kasa Kotak Indolab- Tgl 28 Sept 2025	8000	0
cmtuxit9502e7vr10zvypjttm	23 Oct 25	=HYPERLINK("http://localhost:3000/vouchers/cmtuxit48028rvr10g58zt5m8", "25-0000324")	181099	Piutang Lain-lain	Rizky Yustisiawan Sitanggang	Rizky - Makan di Ayam Geprek SAI- Tgl 28 Sept 2025	272000	0
cmtuxit9702e9vr1072eum9ik	23 Oct 25	=HYPERLINK("http://localhost:3000/vouchers/cmtuxit48028rvr10g58zt5m8", "25-0000324")	160000	Biaya Dibayar Dimuka Perjalanan Dinas	Rizky Yustisiawan Sitanggang	Rizky - Makan di HITS Chicken Pemuda- Tgl 29 Sept 2025	488000	0
cmtuxit9802ebvr104ut4jse2	24 Oct 25	=HYPERLINK("http://localhost:3000/vouchers/cmtuxit48028rvr10g58zt5m8", "25-0000324")	150001	Ongkos Pasang AC dan Exhaust Fan ,jasa Instalasi Listrik	Rizky Yustisiawan Sitanggang	Rizky - Bensin Mobil SPBU Lisman- Tgl 29 Sept 2025	300000	0
cmtuxit9a02edvr10rhdrnfc2	24 Oct 25	=HYPERLINK("http://localhost:3000/vouchers/cmtuxit48028rvr10g58zt5m8", "25-0000324")	220000	PPN Keluaran	Rizky Yustisiawan Sitanggang	Rizky - Makan di Ayam Geprek SAI - Tgl 30 Sept 2025	281000	0
cmtuxit9c02efvr10bnd439hu	24 Oct 25	=HYPERLINK("http://localhost:3000/vouchers/cmtuxit48028rvr10g58zt5m8", "25-0000324")	220002	Hutang Pph23	Rizky Yustisiawan Sitanggang	Rizky - Bensin Mobil SPBU Lisman - Tgl 04 Okt 2025	243920	0
cmtuxit9e02ehvr10wh2z04o4	24 Oct 25	=HYPERLINK("http://localhost:3000/vouchers/cmtuxit48028rvr10g58zt5m8", "25-0000324")	210004	Hutang Dagang Pembelian Barang dagangan AC,Exhaust Fan	Rizky Yustisiawan Sitanggang	Rizky - Bensin Mobil SPBU Lisman - Tgl 07 Okt 2025	250000	0
cmtuxit9f02ejvr10wjx9f76r	24 Oct 25	=HYPERLINK("http://localhost:3000/vouchers/cmtuxit48028rvr10g58zt5m8", "25-0000324")	100101	Bank BCA 4972579789	Rizky Yustisiawan Sitanggang	Rizky - Bensin Mobil SPBU Lisman - Tgl 07 Okt 2025	0	18682720
cmtuxit9i02envr10ajbr7sv0	24 Oct 25	=HYPERLINK("http://localhost:3000/vouchers/cmtuxit9h02elvr10jb29rc5p", "25-0000325")	130003	Pembelian Barang dagangan AC,Exhaust Fan	PT. Gloria Mulya Jaya	Gloria Mulya Jaya - Jasa Intalasi AC dan Exhaust Fan di Kapas,Dander,Kedung Adem, Parengan, Merak Urak, Kerek	20957432	0
cmtuxit9k02epvr10z3wrg3a9	24 Oct 25	=HYPERLINK("http://localhost:3000/vouchers/cmtuxit9h02elvr10jb29rc5p", "25-0000325")	220000	PPN Keluaran	PT. Gloria Mulya Jaya	Gloria Mulya Jaya - Jasa Intalasi AC dan Exhaust Fan di Kapas,Dander,Kedung Adem, Parengan, Merak Urak, Kerek	2305318	0
cmtuxit9m02ervr10qzwavks3	24 Oct 25	=HYPERLINK("http://localhost:3000/vouchers/cmtuxit9h02elvr10jb29rc5p", "25-0000325")	220002	Hutang Pph23	PT. Gloria Mulya Jaya	Gloria Mulya Jaya - Jasa Intalasi AC dan Exhaust Fan di Kapas,Dander,Kedung Adem, Parengan, Merak Urak, Kerek	0	419149
cmtuxit9o02etvr10ptibmt0s	24 Oct 25	=HYPERLINK("http://localhost:3000/vouchers/cmtuxit9h02elvr10jb29rc5p", "25-0000325")	210004	Hutang Dagang Pembelian Barang dagangan AC,Exhaust Fan	PT. Gloria Mulya Jaya	Gloria Mulya Jaya - Jasa Intalasi AC dan Exhaust Fan di Kapas,Dander,Kedung Adem, Parengan, Merak Urak, Kerek	0	46106
cmtuxit9p02evvr10dycae9m1	24 Oct 25	=HYPERLINK("http://localhost:3000/vouchers/cmtuxit9h02elvr10jb29rc5p", "25-0000325")	100101	Bank BCA 4972579789	PT. Gloria Mulya Jaya	Gloria Mulya Jaya - Jasa Intalasi AC dan Exhaust Fan di Kapas,Dander,Kedung Adem, Parengan, Merak Urak, Kerek	0	22797495
cmtuxit9s02ezvr10hj8fb8kg	24 Oct 25	=HYPERLINK("http://localhost:3000/vouchers/cmtuxit9r02exvr10q0gazasw", "25-0000326")	130003	Pembelian Barang dagangan AC,Exhaust Fan	PT. Gloria Mulya Jaya	Gloria Mulya Jaya - AC Exhaust Fan Beserta Material, Kapas,Dander,Kedung Adem, Parengan, Merak Urak, Kerek (Bojonegoro & Tuban)	180721622	0
cmtuxit9u02f1vr10j3710t78	24 Oct 25	=HYPERLINK("http://localhost:3000/vouchers/cmtuxit9r02exvr10q0gazasw", "25-0000326")	220000	PPN Keluaran	PT. Gloria Mulya Jaya	Gloria Mulya Jaya - AC Exhaust Fan Beserta Material, Kapas,Dander,Kedung Adem, Parengan, Merak Urak, Kerek (Bojonegoro & Tuban)	19879378	0
cmtuxit9w02f3vr10u6ns2vyz	24 Oct 25	=HYPERLINK("http://localhost:3000/vouchers/cmtuxit9r02exvr10q0gazasw", "25-0000326")	120003	Uang Muka Pembelian AC,Exhaust Fan	PT. Gloria Mulya Jaya	Gloria Mulya Jaya - DP AC Exhaust Fan Beserta Material, Kapas,Dander,Kedung Adem, Parengan, Merak Urak, Kerek (Bojonegoro & Tuban)	0	67159125
cmtuxit9y02f5vr1034lcq3vw	24 Oct 25	=HYPERLINK("http://localhost:3000/vouchers/cmtuxit9r02exvr10q0gazasw", "25-0000326")	100101	Bank BCA 4972579789	PT. Gloria Mulya Jaya	Gloria Mulya Jaya - Pelunasan AC dan Exhaust Fan di Kapas,Dander,Kedung Adem, Parengan, Merak Urak, Kerek - Bojonegoro	0	133441875
cmtuxita102f9vr10vw80q2l7	24 Oct 25	=HYPERLINK("http://localhost:3000/vouchers/cmtuxita002f7vr1033q70eiv", "25-0000327")	999999	Lain Lain	Marcellino Christian	Listrik	1003000	0
cmtuxita302fbvr10mm0tpkmt	24 Oct 25	=HYPERLINK("http://localhost:3000/vouchers/cmtuxita002f7vr1033q70eiv", "25-0000327")	100101	Bank BCA 4972579789	Marcellino Christian	Listrik	0	1003000
cmtuxita702ffvr10xq4tlsby	24 Oct 25	=HYPERLINK("http://localhost:3000/vouchers/cmtuxita502fdvr10f1x6oxjs", "25-0000328")	120002	Uang Muka Pembelian Barang dagangan Food Tray	PT. Sumber Digital Media	Sumber Digital Media -Faktur No 25000807 - Faktur Pajak no 04002500415324837 - DP Food Tray 40.000 pcs	468000000	0
cmtuxita902fhvr102mbtcvuh	24 Oct 25	=HYPERLINK("http://localhost:3000/vouchers/cmtuxita502fdvr10f1x6oxjs", "25-0000328")	100101	Bank BCA 4972579789	PT. Sumber Digital Media	Sumber Digital Media -Faktur No 25000807 - Faktur Pajak no 04002500415324837 - DP Food Tray 40.000 pcs	0	468000000
cmtuxitad02flvr10brf8kcy9	24 Oct 25	=HYPERLINK("http://localhost:3000/vouchers/cmtuxitab02fjvr10pt4swpd7", "25-0000329")	181099	Piutang Lain-lain	Marcellino Christian	Aneka Seafood 88 dan Rumangsa Café	1278816	0
cmtuxitae02fnvr101an50hv1	24 Oct 25	=HYPERLINK("http://localhost:3000/vouchers/cmtuxitab02fjvr10pt4swpd7", "25-0000329")	181099	Piutang Lain-lain	Marcellino Christian	Aneka Seafood 88 dan Rumangsa Café	312000	0
cmtuxitag02fpvr10khlgllro	24 Oct 25	=HYPERLINK("http://localhost:3000/vouchers/cmtuxitab02fjvr10pt4swpd7", "25-0000329")	100002	Kas Besar	Marcellino Christian	Aneka Seafood 88 dan Rumangsa Café	0	1590816
cmtuxitaj02ftvr10it7pg8gu	25 Oct 25	=HYPERLINK("http://localhost:3000/vouchers/cmtuxitai02frvr10bqgd36of", "25-0000330")	720002	Beban Adm.Bank & Buku Cek/Giro	PT. Prima Mira Bersama ( BRI )	Bank BRI - Minimum Balance Fee	35000	0
cmtuxital02fvvr10oqvmwnz8	25 Oct 25	=HYPERLINK("http://localhost:3000/vouchers/cmtuxitai02frvr10bqgd36of", "25-0000330")	100100	Bank BRI 0509 0100 3205 300	PT. Prima Mira Bersama ( BRI )	Bank BRI - Minimum Balance Fee	0	35000
cmtuxitan02fxvr10dkabv4oo	25 Oct 25	=HYPERLINK("http://localhost:3000/vouchers/cmtuxitai02frvr10bqgd36of", "25-0000330")	720002	Beban Adm.Bank & Buku Cek/Giro	PT. Prima Mira Bersama ( BRI )	Bank BRI - Monthly Fee ATM	5000	0
cmtuxitap02fzvr1062bkhaff	25 Oct 25	=HYPERLINK("http://localhost:3000/vouchers/cmtuxitai02frvr10bqgd36of", "25-0000330")	100100	Bank BRI 0509 0100 3205 300	PT. Prima Mira Bersama ( BRI )	Bank BRI - Monthly Fee ATM	0	5000
cmtuxitas02g3vr106xy8u240	25 Oct 25	=HYPERLINK("http://localhost:3000/vouchers/cmtuxitaq02g1vr104hdc3g5k", "25-0000331")	150004	Ongkos Kirim	CV. Pionir Elektrik Jakarta	CV. Pionir Elektrik Jakarta - Ongkos Kirim Alat Listrik ke Bpk Mujiono Bojonegoro Voucher 342	310000	0
cmtuxitau02g5vr10cqemyrje	25 Oct 25	=HYPERLINK("http://localhost:3000/vouchers/cmtuxitaq02g1vr104hdc3g5k", "25-0000331")	150004	Ongkos Kirim	CV. Pionir Elektrik Jakarta	CV. Pionir Elektrik Jakarta - Ongkos Kirim Alat Listrik ke Jepat Purworejo Voucher 342	240000	0
cmtuxitaw02g7vr10hbsirnzb	25 Oct 25	=HYPERLINK("http://localhost:3000/vouchers/cmtuxitaq02g1vr104hdc3g5k", "25-0000331")	150004	Ongkos Kirim	CV. Pionir Elektrik Jakarta	CV. Pionir Elektrik Jakarta - Ongkos Kirim Alat Listrik ke Aminulloh Voucher 342	858000	0
cmtuxitax02g9vr10gdzrnrul	25 Oct 25	=HYPERLINK("http://localhost:3000/vouchers/cmtuxitaq02g1vr104hdc3g5k", "25-0000331")	220002	Hutang Pph23	CV. Pionir Elektrik Jakarta	CV. Pionir Elektrik Jakarta - Ongkos Kirim Alat Listrik Voucher 342	0	28160
cmtuxitaz02gbvr10bosven5j	25 Oct 25	=HYPERLINK("http://localhost:3000/vouchers/cmtuxitaq02g1vr104hdc3g5k", "25-0000331")	210012	Hutang Dagang Pembelian Material & Listrik,Ongkos Kirim (CV. Pionir Elektrik Jakarta)	CV. Pionir Elektrik Jakarta	CV. Pionir Elektrik Jakarta - Ongkos Kirim Alat Listrik Voucher 342	0	1379840
cmtuxitb302gfvr10ns6k8rzc	27 Oct 25	=HYPERLINK("http://localhost:3000/vouchers/cmtuxitb102gdvr10kwog0nsh", "25-0000332")	140002	Pembelian Material	Agus Budiono Kuncoro	Agus Budiono Kuntjoro - Bahan material di Kerek, Kedung Adem	4374000	0
cmtuxitb402ghvr10m3d7k4tf	27 Oct 25	=HYPERLINK("http://localhost:3000/vouchers/cmtuxitb102gdvr10kwog0nsh", "25-0000332")	100101	Bank BCA 4972579789	Agus Budiono Kuncoro	Agus Budiono Kuntjoro - Bahan material di Kerek, Kedung Adem	0	4374000
cmtuxitb802glvr103q0l2knl	27 Oct 25	=HYPERLINK("http://localhost:3000/vouchers/cmtuxitb602gjvr106hrojeli", "25-0000333")	181099	Piutang Lain-lain	Saji	Saji - Langsir Foodtray area parengan,kerek,merakurak	3850000	0
cmtuxitba02gnvr10fiyocwq3	27 Oct 25	=HYPERLINK("http://localhost:3000/vouchers/cmtuxitb602gjvr106hrojeli", "25-0000333")	100101	Bank BCA 4972579789	Saji	Saji - Langsir Foodtray area parengan,kerek,merakurak	0	3850000
cmtuxitbe02grvr10jle9obbx	27 Oct 25	=HYPERLINK("http://localhost:3000/vouchers/cmtuxitbc02gpvr108dnloqze", "25-0000334")	181099	Piutang Lain-lain	Marcellino Christian	Eastern Kopi TM	265001	0
cmtuxitbf02gtvr10o41xwifx	27 Oct 25	=HYPERLINK("http://localhost:3000/vouchers/cmtuxitbc02gpvr108dnloqze", "25-0000334")	100002	Kas Besar	Marcellino Christian	Eastern Kopi TM	0	265001
cmtuxitbj02gxvr10gzw9c456	28 Oct 25	=HYPERLINK("http://localhost:3000/vouchers/cmtuxitbh02gvvr107ft31wq6", "25-0000335")	181099	Piutang Lain-lain	Mujiono	Mujiono - Langsir Foodtray area Bojonegoro (Dander, Wedi, Kedung Adem)	3050000	0
cmtuxitbl02gzvr10cvnamj5j	28 Oct 25	=HYPERLINK("http://localhost:3000/vouchers/cmtuxitbh02gvvr107ft31wq6", "25-0000335")	100101	Bank BCA 4972579789	Mujiono	Mujiono - Langsir Foodtray area Bojonegoro (Dander, Wedi, Kedung Adem)	0	3050000
cmtuxitbm02h1vr10h7zhdvgq	28 Oct 25	=HYPERLINK("http://localhost:3000/vouchers/cmtuxitbh02gvvr107ft31wq6", "25-0000335")	720002	Beban Adm.Bank & Buku Cek/Giro	Mujiono	Mujiono - Langsir Foodtray area Bojonegoro (Dander, Wedi, Kedung Adem)	2500	0
cmtuxitbo02h3vr1070lp2lq1	28 Oct 25	=HYPERLINK("http://localhost:3000/vouchers/cmtuxitbh02gvvr107ft31wq6", "25-0000335")	100101	Bank BCA 4972579789	Mujiono	Mujiono - Langsir Foodtray area Bojonegoro (Dander, Wedi, Kedung Adem)	0	2500
cmtuxitbs02h7vr109hjnqmgr	28 Oct 25	=HYPERLINK("http://localhost:3000/vouchers/cmtuxitbq02h5vr1094cqx3q8", "25-0000336")	130004	Pembelian Barang dagangan Furniture	PT. Legenda Bintang Bola	Legenda Bintang Bola - 03/LBB/X/2025 - 01/PO/PMB/VIII/2025 - Faktur Pajak No 04002500388482828 - Pelunasan Furniture 16 Set untuk bojonegoro,tuban dan pasuruan	524000000	0
cmtuxitbu02h9vr1059z8jid4	28 Oct 25	=HYPERLINK("http://localhost:3000/vouchers/cmtuxitbq02h5vr1094cqx3q8", "25-0000336")	220000	PPN Keluaran	PT. Legenda Bintang Bola	Legenda Bintang Bola - 03/LBB/X/2025 - 01/PO/PMB/VIII/2025 - Faktur Pajak No 04002500388482828 - Pelunasan Furniture 16 Set untuk bojonegoro,tuban dan pasuruan	11528000	0
cmtuxitbv02hbvr10wuz069yw	28 Oct 25	=HYPERLINK("http://localhost:3000/vouchers/cmtuxitbq02h5vr1094cqx3q8", "25-0000336")	120004	Uang Muka Pembelian Furniture	PT. Legenda Bintang Bola	Legenda Bintang Bola - 03/LBB/X/2025 - 01/PO/PMB/VIII/2025 - Faktur Pajak No 04002500388482828 - Pelunasan Furniture 16 Set untuk bojonegoro,tuban dan pasuruan	0	157200000
cmtuxitbx02hdvr10cunz4u7g	28 Oct 25	=HYPERLINK("http://localhost:3000/vouchers/cmtuxitbq02h5vr1094cqx3q8", "25-0000336")	120004	Uang Muka Pembelian Furniture	PT. Legenda Bintang Bola	Legenda Bintang Bola - 03/LBB/X/2025 - 01/PO/PMB/VIII/2025 - Faktur Pajak No 04002500388482828 - Pelunasan Furniture 16 Set untuk bojonegoro,tuban dan pasuruan	0	262000000
cmtuxitbz02hfvr10nd59ltw5	29 Oct 25	=HYPERLINK("http://localhost:3000/vouchers/cmtuxitbq02h5vr1094cqx3q8", "25-0000336")	120004	Uang Muka Pembelian Furniture	PT. Legenda Bintang Bola	Legenda Bintang Bola - 03/LBB/X/2025 - 01/PO/PMB/VIII/2025 - Faktur Pajak No 04002500388482828 - Pelunasan Furniture 16 Set untuk bojonegoro,tuban dan pasuruan	0	116328000
cmtuxitc202hjvr10vmuogaxx	29 Oct 25	=HYPERLINK("http://localhost:3000/vouchers/cmtuxitc002hhvr10gioov5jv", "25-0000337")	220000	PPN Keluaran	PT. Legenda Bintang Bola	Legenda Bintang Bola - 01/PO/PMB/VIII/2025 - Faktur Pajak No 04002500348796104DP 30% - PPN Furniture 16 Set untuk bojonegoro,tuban dan pasuruan	17292000	0
cmtuxitc402hlvr106pfr6vt2	29 Oct 25	=HYPERLINK("http://localhost:3000/vouchers/cmtuxitc002hhvr10gioov5jv", "25-0000337")	100101	Bank BCA 4972579789	PT. Legenda Bintang Bola	Legenda Bintang Bola - 01/PO/PMB/VIII/2025 - Faktur Pajak No 04002500348796104DP 30% - PPN Furniture 16 Set untuk bojonegoro,tuban dan pasuruan	0	17292000
cmtuxitc602hnvr10wh6verce	29 Oct 25	=HYPERLINK("http://localhost:3000/vouchers/cmtuxitc002hhvr10gioov5jv", "25-0000337")	720002	Beban Adm.Bank & Buku Cek/Giro	PT. Legenda Bintang Bola	Legenda Bintang Bola - PPN DP Furniture untuk bojonegoro,tuban dan pasuruan	2500	0
cmtuxitc702hpvr10go8wafwm	29 Oct 25	=HYPERLINK("http://localhost:3000/vouchers/cmtuxitc002hhvr10gioov5jv", "25-0000337")	100101	Bank BCA 4972579789	PT. Legenda Bintang Bola	Legenda Bintang Bola - PPN DP Furniture untuk bojonegoro,tuban dan pasuruan	0	2500
cmtuxitca02htvr10wflnftmm	29 Oct 25	=HYPERLINK("http://localhost:3000/vouchers/cmtuxitc902hrvr10h4r0ec37", "25-0000338")	130000	Pembelian Barang dagangan Modular	Ricky Herdhany	Legenda Bintang Bola - 01/PO/PMB/VIII/2025 - Inv no 02/LBB/IX/2025 - Faktur Pajak No 04002500348829312 - DP 50% - Furniture 16 Set untuk bojonegoro,tuban dan pasuruan	262000000	0
cmtuxitcc02hvvr10pglbad46	29 Oct 25	=HYPERLINK("http://localhost:3000/vouchers/cmtuxitc902hrvr10h4r0ec37", "25-0000338")	130000	Pembelian Barang dagangan Modular	Ricky Herdhany	Legenda Bintang Bola - 01/PO/PMB/VIII/2025 - Inv no 02/LBB/IX/2025 - Faktur Pajak No 04002500348829312 - DP 50% - Furniture 16 Set untuk bojonegoro,tuban dan pasuruan	28820000	0
cmtuxitce02hxvr1026h0sj79	29 Oct 25	=HYPERLINK("http://localhost:3000/vouchers/cmtuxitc902hrvr10h4r0ec37", "25-0000338")	220001	Hutang Pph21	Ricky Herdhany	Legenda Bintang Bola - 01/PO/PMB/VIII/2025 - Inv no 02/LBB/IX/2025 - Faktur Pajak No 04002500348829312 - DP 50% - Furniture 16 Set untuk bojonegoro,tuban dan pasuruan	0	290820000
cmtuxitcf02hzvr10c76hln9g	29 Oct 25	=HYPERLINK("http://localhost:3000/vouchers/cmtuxitc902hrvr10h4r0ec37", "25-0000338")	100101	Bank BCA 4972579789	Ricky Herdhany	Legenda Bintang Bola - DP 50% Furniture untuk bojonegoro,tuban dan pasuruan	5000	0
cmtuxitch02i1vr10j32t2lmc	29 Oct 25	=HYPERLINK("http://localhost:3000/vouchers/cmtuxitc902hrvr10h4r0ec37", "25-0000338")	140001	Pembelian Listrik	Ricky Herdhany	Legenda Bintang Bola - DP 50% Furniture untuk bojonegoro,tuban dan pasuruan	0	5000
cmtuxitck02i5vr1034yvynpk	29 Oct 25	=HYPERLINK("http://localhost:3000/vouchers/cmtuxitcj02i3vr1057huih4s", "25-0000339")	140001	Pembelian Listrik	PT. Pionir Elektrik Indonesia	Ricky Herdhany - DP Pemasangan modular di Butuh Langenrejo - Purworejo	25000000	0
cmtuxitcm02i7vr10259ka042	29 Oct 25	=HYPERLINK("http://localhost:3000/vouchers/cmtuxitcj02i3vr1057huih4s", "25-0000339")	140001	Pembelian Listrik	PT. Pionir Elektrik Indonesia	Ricky Herdhany - DP Pemasangan modular di Wadaslintang Erorejo- Purworejo	20000000	0
cmtuxitco02i9vr10oyj1ipjf	29 Oct 25	=HYPERLINK("http://localhost:3000/vouchers/cmtuxitcj02i3vr1057huih4s", "25-0000339")	140001	Pembelian Listrik	PT. Pionir Elektrik Indonesia	Ricky Herdhany - DP Pemasangan modular di Wadaslintang Erorejo, Butuh Langenrejo - Purworejo	0	1125000
cmtuxitcp02ibvr10o18usmiv	29 Oct 25	=HYPERLINK("http://localhost:3000/vouchers/cmtuxitcj02i3vr1057huih4s", "25-0000339")	140001	Pembelian Listrik	PT. Pionir Elektrik Indonesia	Ricky Herdhany - DP Pemasangan modular di Wadaslintang Erorejo, Butuh Langenrejo	0	43875000
cmtuxitct02ifvr10yec53jay	29 Oct 25	=HYPERLINK("http://localhost:3000/vouchers/cmtuxitcr02idvr10m0kznujr", "25-0000340")	140001	Pembelian Listrik	PT. Pionir Elektrik Indonesia	PT. Pionir Elektrik Indonesia - DP 30% Alat listrik & Lampu - Yayasan Berkah Galuh Peduli, Kel Langenrejo, Kec butuh, Kab Purworejo	3371360	0
cmtuxitcu02ihvr10enrvt4em	29 Oct 25	=HYPERLINK("http://localhost:3000/vouchers/cmtuxitcr02idvr10m0kznujr", "25-0000340")	140001	Pembelian Listrik	PT. Pionir Elektrik Indonesia	PT. Pionir Elektrik Indonesia - DP 30% Alat listrik & Lampu - Yayasan Berkah Galuh Peduli, Kel Sidarum, Kec Kutoarjo, Kab Purworejo	3371360	0
cmtuxitcw02ijvr10rff2rfkv	29 Oct 25	=HYPERLINK("http://localhost:3000/vouchers/cmtuxitcr02idvr10m0kznujr", "25-0000340")	140001	Pembelian Listrik	PT. Pionir Elektrik Indonesia	PT. Pionir Elektrik Indonesia - DP 30% Alat listrik & Lampu - Yayasan Berkah Galuh Peduli, Kel Trimulyo, Kec Wadas Lintang, Kab Wonosobo	3371360	0
cmtuxitcy02ilvr10b7l2mhpk	29 Oct 25	=HYPERLINK("http://localhost:3000/vouchers/cmtuxitcr02idvr10m0kznujr", "25-0000340")	220000	PPN Keluaran	PT. Pionir Elektrik Indonesia	PT. Pionir Elektrik Indonesia - DP 30% Alat listrik & Lampu - Yayasan Berkah Galuh Peduli, Kel Kalimendong, Kec Leksono, Kab Wonosobo	3371360	0
cmtuxitcz02invr1005emjouk	29 Oct 25	=HYPERLINK("http://localhost:3000/vouchers/cmtuxitcr02idvr10m0kznujr", "25-0000340")	100101	Bank BCA 4972579789	PT. Pionir Elektrik Indonesia	PT. Pionir Elektrik Indonesia - DP 30% Alat listrik & Lampu - Yayasan Berkah Galuh Peduli, Kel Wonoroto, Kec Watumalang, Kab Wonosobo	3371359	0
cmtuxitd102ipvr106ipkc5yg	29 Oct 25	=HYPERLINK("http://localhost:3000/vouchers/cmtuxitcr02idvr10m0kznujr", "25-0000340")	181099	Piutang Lain-lain	PT. Pionir Elektrik Indonesia	PT. Pionir Elektrik Indonesia - DP 30% Alat listrik & Lampu - Yayasan Berkah Galuh Peduli, Kel Rojoimo, Kec Wonosobo, Kab Wonosobo	3371359	0
cmtuxitd302irvr10n61b5s6l	29 Oct 25	=HYPERLINK("http://localhost:3000/vouchers/cmtuxitcr02idvr10m0kznujr", "25-0000340")	181099	Piutang Lain-lain	PT. Pionir Elektrik Indonesia	PT. Pionir Elektrik Indonesia - DP 30% Alat listrik & Lampu - Yayasan Berkah Galuh Peduli, Kel Erorejo, Kec Wadaslintang, Kab Wonosobo	3371359	0
cmtuxitd402itvr10g4j0q6bu	29 Oct 25	=HYPERLINK("http://localhost:3000/vouchers/cmtuxitcr02idvr10m0kznujr", "25-0000340")	181099	Piutang Lain-lain	PT. Pionir Elektrik Indonesia	PT. Pionir Elektrik Indonesia - DP 30% Alat listrik & Lampu - Yayasan Berkah Galuh Peduli, Kel Sukoharjo, Kec Sukoharjo, Kab Wonosobo	3371359	0
cmtuxitd602ivvr10qk4xbvdd	29 Oct 25	=HYPERLINK("http://localhost:3000/vouchers/cmtuxitcr02idvr10m0kznujr", "25-0000340")	181099	Piutang Lain-lain	PT. Pionir Elektrik Indonesia	PT. Pionir Elektrik Indonesia - DP 30% Alat listrik & Lampu untu daerah butuh dan kutoarjo	2966796	0
cmtuxitd802ixvr10dhe4kdtr	29 Oct 25	=HYPERLINK("http://localhost:3000/vouchers/cmtuxitcr02idvr10m0kznujr", "25-0000340")	181099	Piutang Lain-lain	PT. Pionir Elektrik Indonesia	PT. Pionir Elektrik Indonesia - DP 30% Alat listrik & Lampu untu daerah butuh dan kutoarjo	0	29937672
cmtuxitdb02j1vr101adnelja	29 Oct 25	=HYPERLINK("http://localhost:3000/vouchers/cmtuxitd902izvr10x1lnrd8e", "25-0000341")	181099	Piutang Lain-lain	CV. Pionir Elektrik Jakarta	CV. Pionir Elektrik Indonesia - DP 30% Alat listrik & Lampu - Yayasan Berkah Galuh Peduli, Kel Langenrejo, Kec butuh, Kab Purworejo	1877700	0
cmtuxitdd02j3vr10xewpbsh5	29 Oct 25	=HYPERLINK("http://localhost:3000/vouchers/cmtuxitd902izvr10x1lnrd8e", "25-0000341")	181099	Piutang Lain-lain	CV. Pionir Elektrik Jakarta	CV. Pionir Elektrik Indonesia - DP 30% Alat listrik & Lampu - Yayasan Berkah Galuh Peduli, Kel Sidarum, Kec Kutoarjo, Kab Purworejo	1877700	0
cmtuxitde02j5vr10hqinrc1u	29 Oct 25	=HYPERLINK("http://localhost:3000/vouchers/cmtuxitd902izvr10x1lnrd8e", "25-0000341")	181099	Piutang Lain-lain	CV. Pionir Elektrik Jakarta	CV. Pionir Elektrik Indonesia - DP 30% Alat listrik & Lampu - Yayasan Berkah Galuh Peduli, Kel Trimulyo, Kec Wadas Lintang, Kab Wonosobo	1877700	0
cmtuxitdg02j7vr10fc6erjkr	29 Oct 25	=HYPERLINK("http://localhost:3000/vouchers/cmtuxitd902izvr10x1lnrd8e", "25-0000341")	100101	Bank BCA 4972579789	CV. Pionir Elektrik Jakarta	CV. Pionir Elektrik Indonesia - DP 30% Alat listrik & Lampu - Yayasan Berkah Galuh Peduli, Kel Kalimendong, Kec Leksono, Kab Wonosobo	1877700	0
cmtuxitdi02j9vr10o0hvapk3	29 Oct 25	=HYPERLINK("http://localhost:3000/vouchers/cmtuxitd902izvr10x1lnrd8e", "25-0000341")	720002	Beban Adm.Bank & Buku Cek/Giro	CV. Pionir Elektrik Jakarta	CV. Pionir Elektrik Indonesia - DP 30% Alat listrik & Lampu - Yayasan Berkah Galuh Peduli, Kel Wonoroto, Kec Watumalang, Kab Wonosobo	1877700	0
cmtuxitdj02jbvr10xoddb1iv	29 Oct 25	=HYPERLINK("http://localhost:3000/vouchers/cmtuxitd902izvr10x1lnrd8e", "25-0000341")	100101	Bank BCA 4972579789	CV. Pionir Elektrik Jakarta	CV. Pionir Elektrik Indonesia - DP 30% Alat listrik & Lampu - Yayasan Berkah Galuh Peduli, Kel Rojoimo, Kec Wonosobo, Kab Wonosobo	1877700	0
cmtuxitdl02jdvr10zoq8k6ad	30 Oct 25	=HYPERLINK("http://localhost:3000/vouchers/cmtuxitd902izvr10x1lnrd8e", "25-0000341")	100101	Bank BCA 4972579789	CV. Pionir Elektrik Jakarta	CV. Pionir Elektrik Indonesia - DP 30% Alat listrik & Lampu - Yayasan Berkah Galuh Peduli, Kel Erorejo, Kec Wadaslintang, Kab Wonosobo	1877700	0
cmtuxitdn02jfvr10g1wyncue	30 Oct 25	=HYPERLINK("http://localhost:3000/vouchers/cmtuxitd902izvr10x1lnrd8e", "25-0000341")	220000	PPN Keluaran	CV. Pionir Elektrik Jakarta	CV. Pionir Elektrik Indonesia - DP 30% Alat listrik & Lampu - Yayasan Berkah Galuh Peduli, Kel Sukoharjo, Kec Sukoharjo, Kab Wonosobo	1877700	0
cmtuxitdo02jhvr10n3fzx7tk	30 Oct 25	=HYPERLINK("http://localhost:3000/vouchers/cmtuxitd902izvr10x1lnrd8e", "25-0000341")	211000	Uang Muka Penjualan	CV. Pionir Elektrik Jakarta	CV. Pionir Elektrik Indonesia - DP 30% Alat listrik & Lampu untu daerah butuh dan kutoarjo	0	15021600
cmtuxitdq02jjvr1069aba3zi	30 Oct 25	=HYPERLINK("http://localhost:3000/vouchers/cmtuxitd902izvr10x1lnrd8e", "25-0000341")	130000	Pembelian Barang dagangan Modular	CV. Pionir Elektrik Jakarta	CV. Pionir Elektrik Indonesia - DP 30% Alat listrik & Lampu untu daerah butuh dan kutoarjo	2500	0
cmtuxitds02jlvr10d3jjinua	30 Oct 25	=HYPERLINK("http://localhost:3000/vouchers/cmtuxitd902izvr10x1lnrd8e", "25-0000341")	220001	Hutang Pph21	CV. Pionir Elektrik Jakarta	CV. Pionir Elektrik Indonesia - DP 30% Alat listrik & Lampu untu daerah butuh dan kutoarjo	0	2500
cmtuxitdv02jpvr10bjva7ld6	30 Oct 25	=HYPERLINK("http://localhost:3000/vouchers/cmtuxitdt02jnvr10qlk00hsc", "25-0000342")	100101	Bank BCA 4972579789	Udraji Gunawan	PT Anugrah Sentra Persada - Down payment inv 02/PMB/INV/X/2025	1317734562	0
cmtuxitdx02jrvr100ewz2p64	30 Oct 25	=HYPERLINK("http://localhost:3000/vouchers/cmtuxitdt02jnvr10qlk00hsc", "25-0000342")	130000	Pembelian Barang dagangan Modular	Udraji Gunawan	PT Anugrah Sentra Persada - Down payment inv 02/PMB/INV/X/2025	0	130586308
cmtuxitdz02jtvr1082fcahfo	30 Oct 25	=HYPERLINK("http://localhost:3000/vouchers/cmtuxitdt02jnvr10qlk00hsc", "25-0000342")	220001	Hutang Pph21	Udraji Gunawan	PT Anugrah Sentra Persada - Down payment inv 02/PMB/INV/X/2025	0	1187148254
cmtuxite402jxvr10oir3v47f	30 Oct 25	=HYPERLINK("http://localhost:3000/vouchers/cmtuxite102jvvr1033ypcile", "25-0000343")	100101	Bank BCA 4972579789	Melisa Kartikasari	Udraji Gunawan - Pembayaran ke 3 pemasangan modular di sumberdawesari grati, Pasuruan	20000000	0
cmtuxite602jzvr10zlgfxpu2	30 Oct 25	=HYPERLINK("http://localhost:3000/vouchers/cmtuxite102jvvr1033ypcile", "25-0000343")	190001	Aset Tetap Inventaris Kantor	Melisa Kartikasari	Udraji Gunawan - Pembayaran ke 3 pemasangan modular di sumberdawesari grati, Pasuruan	0	500000
cmtuxite702k1vr10gas1upso	30 Oct 25	=HYPERLINK("http://localhost:3000/vouchers/cmtuxite102jvvr1033ypcile", "25-0000343")	100101	Bank BCA 4972579789	Melisa Kartikasari	Udraji Gunawan - Pembayaran ke 3 pemasangan modular di sumberdawesari grati, Pasuruan	0	19500000
cmtuxiteb02k5vr10y4806x43	30 Oct 25	=HYPERLINK("http://localhost:3000/vouchers/cmtuxite902k3vr10wl33j9v7", "25-0000344")	600001	Beban Gaji	PT. Prima Mira Bersama ( BCA )	Melisa Kartikasari (Udraji) - Pembayaran ke 3 pemasangan modular di Cukurgondang, Pasuruan	20000000	0
cmtuxited02k7vr10g3p6v93n	30 Oct 25	=HYPERLINK("http://localhost:3000/vouchers/cmtuxite902k3vr10wl33j9v7", "25-0000344")	180001	Pinjaman Ari Riatna Gustika	PT. Prima Mira Bersama ( BCA )	Melisa Kartikasari (Udraji) - Pembayaran ke 3 pemasangan modular di Cukurgondang, Pasuruan	0	500000
cmtuxitee02k9vr1000qb6ngk	30 Oct 25	=HYPERLINK("http://localhost:3000/vouchers/cmtuxite902k3vr10wl33j9v7", "25-0000344")	180002	Pinjaman Daffa Earin Alghazali	PT. Prima Mira Bersama ( BCA )	Melisa Kartikasari (Udraji) - Pembayaran ke 3 pemasangan modular di Cukurgondang, Pasuruan	0	19500000
cmtuxitei02kdvr10pzz3vmxl	30 Oct 25	=HYPERLINK("http://localhost:3000/vouchers/cmtuxiteg02kbvr10mdit0f9a", "25-0000345")	100101	Bank BCA 4972579789	PT. Prima Mira Bersama ( BCA )	Gunawan Taswin - Gunajaya Mandiri Computer - Laptop	8750000	0
cmtuxitej02kfvr1090qpc8lh	30 Oct 25	=HYPERLINK("http://localhost:3000/vouchers/cmtuxiteg02kbvr10mdit0f9a", "25-0000345")	100101	Bank BCA 4972579789	PT. Prima Mira Bersama ( BCA )	Gunawan Taswin - Gunajaya Mandiri Computer - Laptop	0	8750000
cmtuxiten02kjvr101qtjg5tr	30 Oct 25	=HYPERLINK("http://localhost:3000/vouchers/cmtuxitem02khvr10wsafw8kg", "25-0000346")	720004	Selisih Kurs	PT. Prima Mira Bersama ( BCA )	Gaji Karyawan bulan okt 2025 Cek No 601928	60625000	0
cmtuxitep02klvr10j0m3fiwk	30 Oct 25	=HYPERLINK("http://localhost:3000/vouchers/cmtuxitem02khvr10wsafw8kg", "25-0000346")	100001	Kas USD	PT. Prima Mira Bersama ( BCA )	Gaji Karyawan bulan okt 2025 Cek No 601928	0	750000
cmtuxiteq02knvr10l1t6akv4	31 Oct 25	=HYPERLINK("http://localhost:3000/vouchers/cmtuxitem02khvr10wsafw8kg", "25-0000346")	130003	Pembelian Barang dagangan AC,Exhaust Fan	PT. Prima Mira Bersama ( BCA )	Gaji Karyawan bulan okt 2025 Cek No 601928	0	750000
cmtuxites02kpvr10xqgp9595	31 Oct 25	=HYPERLINK("http://localhost:3000/vouchers/cmtuxitem02khvr10wsafw8kg", "25-0000346")	220000	PPN Keluaran	PT. Prima Mira Bersama ( BCA )	Gaji Karyawan bulan okt 2025 Cek No 601928	0	59125000
cmtuxitew02ktvr10qpo0g225	31 Oct 25	=HYPERLINK("http://localhost:3000/vouchers/cmtuxiteu02krvr10golko39y", "25-0000347")	100101	Bank BCA 4972579789	PT. Gloria Mulya Jaya	Jual Usd 5.000 Kurs Rp. 16.550	82750000	0
cmtuxitey02kvvr10t9spaxwu	31 Oct 25	=HYPERLINK("http://localhost:3000/vouchers/cmtuxiteu02krvr10golko39y", "25-0000347")	600026	Outsourching	PT. Gloria Mulya Jaya	Jual Usd 5.000 Kurs Rp. 16.550	1000000	0
cmtuxitf002kxvr10jj4v5vqi	31 Oct 25	=HYPERLINK("http://localhost:3000/vouchers/cmtuxiteu02krvr10golko39y", "25-0000347")	220000	PPN Keluaran	PT. Gloria Mulya Jaya	Jual Usd 5.000 Kurs Rp. 16.550	0	83750000
cmtuxitf402l1vr10mvnsv44c	31 Oct 25	=HYPERLINK("http://localhost:3000/vouchers/cmtuxitf202kzvr10n0wsz1qt", "25-0000348")	220002	Hutang Pph23	PT. Gloria Mulya Jaya	Gloria Mulya Jaya - Inv GL/251000172 - Pembelian Ac Untuk Kapas,Dander,Kedung Adem,Parengan,Merakurak,Kerek	38292135	0
cmtuxitf602l3vr104ao7ox4t	31 Oct 25	=HYPERLINK("http://localhost:3000/vouchers/cmtuxitf202kzvr10n0wsz1qt", "25-0000348")	210004	Hutang Dagang Pembelian Barang dagangan AC,Exhaust Fan	PT. Gloria Mulya Jaya	Gloria Mulya Jaya - Inv GL/251000172 - Pembelian Ac Untuk Kapas,Dander,Kedung Adem,Parengan,Merakurak,Kerek	4212135	0
cmtuxitf702l5vr10xhru11lt	31 Oct 25	=HYPERLINK("http://localhost:3000/vouchers/cmtuxitf202kzvr10n0wsz1qt", "25-0000348")	100101	Bank BCA 4972579789	PT. Gloria Mulya Jaya	Gloria Mulya Jaya - Inv GL/251000172 - Pembelian Ac Untuk Kapas,Dander,Kedung Adem,Parengan,Merakurak,Kerek	0	42504270
cmtuxitfa02l9vr10k78r3g7i	31 Oct 25	=HYPERLINK("http://localhost:3000/vouchers/cmtuxitf902l7vr10ggofjjsz", "25-0000349")	140003	Reimbursment / Debit Note Biaya Pelabuhan	Direktorat Jenderal Pajak	Gloria Mulya Jaya - Inv GL/251000173 - Jasa Pemasangan Ac Untuk Kapas,Dander,Kedung Adem,Parengan,Merakurak,Kerek	3737162	0
cmtuxitfc02lbvr10vz9yqr69	31 Oct 25	=HYPERLINK("http://localhost:3000/vouchers/cmtuxitf902l7vr10ggofjjsz", "25-0000349")	220000	PPN Keluaran	Direktorat Jenderal Pajak	Gloria Mulya Jaya - Inv GL/251000173 - Jasa Pemasangan Ac Untuk Kapas,Dander,Kedung Adem,Parengan,Merakurak,Kerek	411088	0
cmtuxitfe02ldvr10i0a32zlj	31 Oct 25	=HYPERLINK("http://localhost:3000/vouchers/cmtuxitf902l7vr10ggofjjsz", "25-0000349")	999999	Lain Lain	Direktorat Jenderal Pajak	Gloria Mulya Jaya - Inv GL/251000173 - Jasa Pemasangan Ac Untuk Kapas,Dander,Kedung Adem,Parengan,Merakurak,Kerek	0	74743
cmtuxitfg02lfvr108bzknfaa	31 Oct 25	=HYPERLINK("http://localhost:3000/vouchers/cmtuxitf902l7vr10ggofjjsz", "25-0000349")	720002	Beban Adm.Bank & Buku Cek/Giro	Direktorat Jenderal Pajak	Gloria Mulya Jaya - Inv GL/251000173 - Jasa Pemasangan Ac Untuk Kapas,Dander,Kedung Adem,Parengan,Merakurak,Kerek	0	8222
cmtuxitfi02lhvr10m5eju4g6	31 Oct 25	=HYPERLINK("http://localhost:3000/vouchers/cmtuxitf902l7vr10ggofjjsz", "25-0000349")	100101	Bank BCA 4972579789	Direktorat Jenderal Pajak	Gloria Mulya Jaya - Inv GL/251000173 - Jasa Pemasangan Ac Untuk Kapas,Dander,Kedung Adem,Parengan,Merakurak,Kerek	0	4065285
cmtuxitfl02llvr10t1t5tjr5	31 Oct 25	=HYPERLINK("http://localhost:3000/vouchers/cmtuxitfj02ljvr10nxvt6dnf", "25-0000350")	220000	PPN Keluaran	Adjustment	PPN Masukan - Multi Bina Pura International - Sekar, Bojonegoro	100000	0
cmtuxitfm02lnvr10sx5lynal	31 Oct 25	=HYPERLINK("http://localhost:3000/vouchers/cmtuxitfj02ljvr10nxvt6dnf", "25-0000350")	220000	PPN Keluaran	Adjustment	PPN Masukan - Multi Bina Pura International - Sekar, Bojonegoro	11000	0
cmtuxitfo02lpvr10185l7220	31 Oct 25	=HYPERLINK("http://localhost:3000/vouchers/cmtuxitfj02ljvr10nxvt6dnf", "25-0000350")	600017	Beban Pajak	Adjustment	PPN Masukan - Multi Bina Pura International - Sekar, Bojonegoro	0	111000
cmtuxitfs02ltvr10xe7rav8d	31 Oct 25	=HYPERLINK("http://localhost:3000/vouchers/cmtuxitfq02lrvr10ib4bdo5y", "25-0000351")	220001	Hutang Pph21	Adjustment	Biaya Adm Bank BCA	30000	0
cmtuxitft02lvvr10rjnr4u19	31 Oct 25	=HYPERLINK("http://localhost:3000/vouchers/cmtuxitfq02lrvr10ib4bdo5y", "25-0000351")	600019	Beban Sewa	Adjustment	Biaya Adm Bank BCA	0	30000
cmtuxitfx02lzvr101vmxjga9	31 Oct 25	=HYPERLINK("http://localhost:3000/vouchers/cmtuxitfv02lxvr10996nm43q", "25-0000352")	160002	Biaya Sewa dibayar di Muka	Darell Karya	Adjustment Netting PPN Keluaran dan PPN Masukan	261172616	0
cmtuxitfz02m1vr10i7animbd	01 Nov 25	=HYPERLINK("http://localhost:3000/vouchers/cmtuxitfv02lxvr10996nm43q", "25-0000352")	181099	Piutang Lain-lain	Darell Karya	Adjustment Netting PPN Keluaran dan PPN Masukan	0	261172616
cmtuxitg202m5vr10z92qqcck	01 Nov 25	=HYPERLINK("http://localhost:3000/vouchers/cmtuxitg102m3vr10pci4c8zr", "25-0000353")	100101	Bank BCA 4972579789	Maun	Beban Pajak Pegawai Bulan Oktober 2025	969375	0
cmtuxitg402m7vr10azpt9wki	01 Nov 25	=HYPERLINK("http://localhost:3000/vouchers/cmtuxitg102m3vr10pci4c8zr", "25-0000353")	130000	Pembelian Barang dagangan Modular	Maun	Beban Pajak Pegawai Bulan Oktober 2025	0	969375
cmtuxitg702mbvr1089okgc9k	01 Nov 25	=HYPERLINK("http://localhost:3000/vouchers/cmtuxitg602m9vr10th6ekkzf", "25-0000354")	130000	Pembelian Barang dagangan Modular	Udraji Gunawan	Darrel Karya - Biaya Sewa Kantor Bulan Oktober 2025	4166666	0
cmtuxitg902mdvr10inwsujef	01 Nov 25	=HYPERLINK("http://localhost:3000/vouchers/cmtuxitg602m9vr10th6ekkzf", "25-0000354")	130000	Pembelian Barang dagangan Modular	Udraji Gunawan	Darrel Karya - Biaya Sewa Kantor Bulan Oktober 2025	0	4166666
cmtuxitgd02mhvr100dwlyepk	01 Nov 25	=HYPERLINK("http://localhost:3000/vouchers/cmtuxitgb02mfvr10mw4cedqk", "25-0000355")	130000	Pembelian Barang dagangan Modular	Udraji Gunawan	Maun - Pembelian Material Listrik di Jeruk Purut, Pasuruan	28563500	0
cmtuxitge02mjvr109m7lsj2k	01 Nov 25	=HYPERLINK("http://localhost:3000/vouchers/cmtuxitgb02mfvr10mw4cedqk", "25-0000355")	220001	Hutang Pph21	Udraji Gunawan	Maun - Pembelian Material Listrik di Jeruk Purut, Pasuruan	0	28563500
cmtuxitgi02mnvr100jj4dzsm	01 Nov 25	=HYPERLINK("http://localhost:3000/vouchers/cmtuxitgg02mlvr10ja6ckxqa", "25-0000356")	100101	Bank BCA 4972579789	Udraji Gunawan	Udraji Gunawan - Pembayaran Ke 2 Pemasangan Modular di Kalimendong Leksono	25000000	0
cmtuxitgk02mpvr10ucdr65yg	01 Nov 25	=HYPERLINK("http://localhost:3000/vouchers/cmtuxitgg02mlvr10ja6ckxqa", "25-0000356")	170000	Pajak dibayar dimuka PPH22	Udraji Gunawan	Udraji Gunawan - Pembayaran Ke 2 Pemasangan Modular di Watumalang Wonoroto	25000000	0
cmtuxitgl02mrvr10xwjm6vtf	01 Nov 25	=HYPERLINK("http://localhost:3000/vouchers/cmtuxitgg02mlvr10ja6ckxqa", "25-0000356")	170001	PPN Masukan	Udraji Gunawan	Udraji Gunawan - Pembayaran Ke 2 Pemasangan Modular di Sukoharjo Wonosobo	25000000	0
cmtuxitgn02mtvr107ybc6oy3	01 Nov 25	=HYPERLINK("http://localhost:3000/vouchers/cmtuxitgg02mlvr10ja6ckxqa", "25-0000356")	100101	Bank BCA 4972579789	Udraji Gunawan	Udraji Gunawan - Pembayaran Ke 2 Pemasangan Modular di Rojoimo	25000000	0
cmtuxitgp02mvvr108tpkevsv	01 Nov 25	=HYPERLINK("http://localhost:3000/vouchers/cmtuxitgg02mlvr10ja6ckxqa", "25-0000356")	130000	Pembelian Barang dagangan Modular	Udraji Gunawan	Udraji Gunawan - Pembayaran Ke 2 Pemasangan Modular di Leksono, Watumalang Wonoroto, Sukoharjo Wonosobo, Rojoimo	0	2500000
cmtuxitgr02mxvr10j98sap7y	01 Nov 25	=HYPERLINK("http://localhost:3000/vouchers/cmtuxitgg02mlvr10ja6ckxqa", "25-0000356")	210000	Hutang Dagang Modular Wuxi Purite Import & Export Co., Ltd, China	Udraji Gunawan	Udraji Gunawan - Pembayaran Ke 2 Pemasangan Modular di Leksono, Watumalang Wonoroto, Sukoharjo Wonosobo, Rojoimo	0	97500000
cmtuxitgv02n1vr10n0l9t3gb	01 Nov 25	=HYPERLINK("http://localhost:3000/vouchers/cmtuxitgt02mzvr10pbtzv5co", "25-0000357")	140001	Pembelian Listrik	Maun	Kas Negara - PPH Import	122402175	0
cmtuxitgx02n3vr10j3yubnn2	01 Nov 25	=HYPERLINK("http://localhost:3000/vouchers/cmtuxitgt02mzvr10pbtzv5co", "25-0000357")	140001	Pembelian Listrik	Maun	Kas Negara - Bayar PPN Import	538569570	0
cmtuxitgz02n5vr10vzwtu6tq	01 Nov 25	=HYPERLINK("http://localhost:3000/vouchers/cmtuxitgt02mzvr10pbtzv5co", "25-0000357")	140001	Pembelian Listrik	Maun	Kas Negara - Bayar PPN dan PPH Import	0	660971745
cmtuxith002n7vr10sxrtklpi	01 Nov 25	=HYPERLINK("http://localhost:3000/vouchers/cmtuxitgt02mzvr10pbtzv5co", "25-0000357")	100101	Bank BCA 4972579789	Maun	Wuxi Purite Import & Export Co., Ltd, China CNY 2.100.000 kurs Tengah BI tgl 3 Nov 2025 : 2.337.06	5088172246.08	0
cmtuxith202n9vr10gsavu8gt	01 Nov 25	=HYPERLINK("http://localhost:3000/vouchers/cmtuxitgt02mzvr10pbtzv5co", "25-0000357")	150005	Biaya Langsir, Jaga Malam, ongkos bongkar	Maun	Wuxi Purite Import & Export Co., Ltd, China CNY 2.100.000 kurs pajak 2.331.47	0	5088172246.08
cmtuxith802ndvr10gnfb5x7e	01 Nov 25	=HYPERLINK("http://localhost:3000/vouchers/cmtuxith502nbvr104mtoep36", "25-0000358")	100101	Bank BCA 4972579789	Saji	Maun - Alat Listrik Untuk di Jeruk Purut, Pasuruan - Keluarga Berkah Bersama	16455600	0
cmtuxitha02nfvr102a4s0ag1	01 Nov 25	=HYPERLINK("http://localhost:3000/vouchers/cmtuxith502nbvr104mtoep36", "25-0000358")	600017	Beban Pajak	Saji	Maun - Alat Listrik Untuk di Bangil, Pasuruan - Yayasan Pasuruan Maju Sejahtera	16455600	0
cmtuxithd02nhvr10r5fxagty	01 Nov 25	=HYPERLINK("http://localhost:3000/vouchers/cmtuxith502nbvr104mtoep36", "25-0000358")	220001	Hutang Pph21	Saji	Maun - Alat Listrik Untuk di Bangil, Pasuruan - Yayasan Berkah Sehat Nusantara	16455600	0
cmtuxithf02njvr10ngm9r0ux	01 Nov 25	=HYPERLINK("http://localhost:3000/vouchers/cmtuxith502nbvr104mtoep36", "25-0000358")	720002	Beban Adm.Bank & Buku Cek/Giro	Saji	Maun - Alat Listrik Untuk di Kalirejo 1& 2, Pasuruan	0	49366800
cmtuxithk02nnvr102u6k4soy	01 Nov 25	=HYPERLINK("http://localhost:3000/vouchers/cmtuxithh02nlvr10k2ijqhcs", "25-0000359")	100101	Bank BCA 4972579789	PT. Prima Mira Bersama ( BCA )	Saji - Biaya Langsir Dapur Plumpang (Tuban)	5248000	0
cmtuxithm02npvr10t4z94ox9	01 Nov 25	=HYPERLINK("http://localhost:3000/vouchers/cmtuxithh02nlvr10k2ijqhcs", "25-0000359")	181099	Piutang Lain-lain	PT. Prima Mira Bersama ( BCA )	Saji - Biaya Langsir Dapur Plumpang (Tuban)	0	5248000
cmtuxithp02nrvr10tibyj5d0	01 Nov 25	=HYPERLINK("http://localhost:3000/vouchers/cmtuxithh02nlvr10k2ijqhcs", "25-0000359")	181099	Piutang Lain-lain	PT. Prima Mira Bersama ( BCA )	Saji - Biaya Langsir Dapur Plumpang (Tuban)	131200	0
cmtuxithr02ntvr10dtkr6bpb	01 Nov 25	=HYPERLINK("http://localhost:3000/vouchers/cmtuxithh02nlvr10k2ijqhcs", "25-0000359")	181099	Piutang Lain-lain	PT. Prima Mira Bersama ( BCA )	Saji - Biaya Langsir Dapur Plumpang (Tuban)	0	131200
cmtuxithv02nxvr108nglxezm	03 Nov 25	=HYPERLINK("http://localhost:3000/vouchers/cmtuxitht02nvvr10in0c4rec", "25-0000360")	181099	Piutang Lain-lain	Darell Karya	Biaya Adm Token BCA	50000	0
cmtuxithx02nzvr1024vqos11	03 Nov 25	=HYPERLINK("http://localhost:3000/vouchers/cmtuxitht02nvvr10in0c4rec", "25-0000360")	181099	Piutang Lain-lain	Darell Karya	Biaya Adm Token BCA	0	50000
cmtuxiti102o3vr10dxpd36y6	03 Nov 25	=HYPERLINK("http://localhost:3000/vouchers/cmtuxithz02o1vr102mudzjwg", "25-0000361")	100002	Kas Besar	Darell Karya	Tiket Kereta Johan Hariyanto - Jakarta-Bojonegoro	683800	0
cmtuxiti202o5vr10shni98ms	03 Nov 25	=HYPERLINK("http://localhost:3000/vouchers/cmtuxithz02o1vr102mudzjwg", "25-0000361")	190000	Aktiva Kendaraan	Darell Karya	Tiket Kereta Johan Hariyanto - Bojonegoro-Jakarta	784500	0
cmtuxiti402o7vr10n8yvep23	03 Nov 25	=HYPERLINK("http://localhost:3000/vouchers/cmtuxithz02o1vr102mudzjwg", "25-0000361")	100002	Kas Besar	Darell Karya	Tiket Kereta Johan Hariyanto - PP	0	1468300
cmtuxiti802obvr10hu191qet	04 Nov 25	=HYPERLINK("http://localhost:3000/vouchers/cmtuxiti602o9vr1073q2ra6p", "25-0000362")	181099	Piutang Lain-lain	Rizky Yustisiawan Sitanggang	Tiket Darrel - Jakarta-Surabaya	1836601	0
cmtuxiti902odvr10ewolo4nk	04 Nov 25	=HYPERLINK("http://localhost:3000/vouchers/cmtuxiti602o9vr1073q2ra6p", "25-0000362")	181099	Piutang Lain-lain	Rizky Yustisiawan Sitanggang	Tiket Darrel - Surabaya-Jakarta	1256601	0
cmtuxitib02ofvr1097crap2s	04 Nov 25	=HYPERLINK("http://localhost:3000/vouchers/cmtuxiti602o9vr1073q2ra6p", "25-0000362")	181099	Piutang Lain-lain	Rizky Yustisiawan Sitanggang	Tiket Darrel - PP	0	3093202
cmtuxitie02ojvr10l5jpvi2o	04 Nov 25	=HYPERLINK("http://localhost:3000/vouchers/cmtuxitid02ohvr10v2i1tdb6", "25-0000363")	600003	Beban Tunjangan Tempat Tinggal	Rizky Yustisiawan Sitanggang	Pembelian Aksesoris Mobil Ford Everest 2.0L	11021429	0
cmtuxitig02olvr1009qn3bal	04 Nov 25	=HYPERLINK("http://localhost:3000/vouchers/cmtuxitid02ohvr10v2i1tdb6", "25-0000363")	181099	Piutang Lain-lain	Rizky Yustisiawan Sitanggang	Pembelian Aksesoris Mobil Ford Everest 2.0L	0	11021429
cmtuxitik02opvr10m9e1sqep	04 Nov 25	=HYPERLINK("http://localhost:3000/vouchers/cmtuxitii02onvr10eaxai3sk", "25-0000364")	160000	Biaya Dibayar Dimuka Perjalanan Dinas	Rizky Yustisiawan Sitanggang	Rizky Yustisiawan S - SPBU Lisman (18 Okt 2025)	300000	0
cmtuxitil02orvr1087w43rrr	04 Nov 25	=HYPERLINK("http://localhost:3000/vouchers/cmtuxitii02onvr10eaxai3sk", "25-0000364")	160000	Biaya Dibayar Dimuka Perjalanan Dinas	Rizky Yustisiawan Sitanggang	Rizky Yustisiawan S - SPBU Lisman (22 Okt 2025)	200000	0
cmtuxitin02otvr10vlcqxzu5	04 Nov 25	=HYPERLINK("http://localhost:3000/vouchers/cmtuxitii02onvr10eaxai3sk", "25-0000364")	100101	Bank BCA 4972579789	Rizky Yustisiawan Sitanggang	Rizky Yustisiawan S - SPBU Lisman (28 Okt 2025)	200000	0
cmtuxitip02ovvr10i4g963v1	04 Nov 25	=HYPERLINK("http://localhost:3000/vouchers/cmtuxitii02onvr10eaxai3sk", "25-0000364")	999999	Lain Lain	Rizky Yustisiawan Sitanggang	Rizky Yustisiawan S - Tunjangan Kos	1200000	0
cmtuxitir02oxvr10eoy2d6bq	04 Nov 25	=HYPERLINK("http://localhost:3000/vouchers/cmtuxitii02onvr10eaxai3sk", "25-0000364")	600100	Keperluan Dapur	Rizky Yustisiawan Sitanggang	Rizky Yustisiawan S - SPBU Kalirejo Bojonegoro (3 Nov 2025)	293000	0
cmtuxitit02ozvr10xu77318h	04 Nov 25	=HYPERLINK("http://localhost:3000/vouchers/cmtuxitii02onvr10eaxai3sk", "25-0000364")	600100	Keperluan Dapur	Rizky Yustisiawan Sitanggang	Rizky Yustisiawan S - Bensin,Uang Kos	0	2193000
cmtuxitiu02p1vr106enwgyry	04 Nov 25	=HYPERLINK("http://localhost:3000/vouchers/cmtuxitii02onvr10eaxai3sk", "25-0000364")	600100	Keperluan Dapur	Rizky Yustisiawan Sitanggang	Rizky Yustisiawan S - Bensin,Uang Kos	2193000	0
cmtuxitiw02p3vr10tdm5vyze	04 Nov 25	=HYPERLINK("http://localhost:3000/vouchers/cmtuxitii02onvr10eaxai3sk", "25-0000364")	600100	Keperluan Dapur	Rizky Yustisiawan Sitanggang	Rizky Yustisiawan S - Bensin,Uang Kos	0	2193000
cmtuxitj002p7vr1016gxtrid	04 Nov 25	=HYPERLINK("http://localhost:3000/vouchers/cmtuxitiy02p5vr104t61m4vd", "25-0000365")	600100	Keperluan Dapur	Marcellino Christian	Marcello - Air Pam	232700	0
cmtuxitj202p9vr10xj8n4mls	04 Nov 25	=HYPERLINK("http://localhost:3000/vouchers/cmtuxitiy02p5vr104t61m4vd", "25-0000365")	600100	Keperluan Dapur	Marcellino Christian	Marcello - Aqua Dus 330 Ml	50000	0
cmtuxitj302pbvr10nv4yl3tj	04 Nov 25	=HYPERLINK("http://localhost:3000/vouchers/cmtuxitiy02p5vr104t61m4vd", "25-0000365")	600100	Keperluan Dapur	Marcellino Christian	Marcello - Aqua Isi Ulang	21000	0
cmtuxitj502pdvr10fnvvnvv0	04 Nov 25	=HYPERLINK("http://localhost:3000/vouchers/cmtuxitiy02p5vr104t61m4vd", "25-0000365")	600100	Keperluan Dapur	Marcellino Christian	Marcello - Aqua Galon	20000	0
cmtuxitj702pfvr10wdxe6yzs	04 Nov 25	=HYPERLINK("http://localhost:3000/vouchers/cmtuxitiy02p5vr104t61m4vd", "25-0000365")	600100	Keperluan Dapur	Marcellino Christian	Marcello - Milo	19500	0
cmtuxitj802phvr101y681g5u	04 Nov 25	=HYPERLINK("http://localhost:3000/vouchers/cmtuxitiy02p5vr104t61m4vd", "25-0000365")	600100	Keperluan Dapur	Marcellino Christian	Marcello - Kantong Kresek	12000	0
cmtuxitja02pjvr104nwxfgm7	04 Nov 25	=HYPERLINK("http://localhost:3000/vouchers/cmtuxitiy02p5vr104t61m4vd", "25-0000365")	600100	Keperluan Dapur	Marcellino Christian	Marcello - Sari Roti Tawar Gandum	23000	0
cmtuxitjc02plvr103lub2qj9	04 Nov 25	=HYPERLINK("http://localhost:3000/vouchers/cmtuxitiy02p5vr104t61m4vd", "25-0000365")	181099	Piutang Lain-lain	Marcellino Christian	Marcello - Hit Aerosol	32900	0
cmtuxitje02pnvr109lh5to8a	04 Nov 25	=HYPERLINK("http://localhost:3000/vouchers/cmtuxitiy02p5vr104t61m4vd", "25-0000365")	600018	Beban Materai	Marcellino Christian	Marcello - Keset	9900	0
cmtuxitjf02ppvr10mji5aqg2	04 Nov 25	=HYPERLINK("http://localhost:3000/vouchers/cmtuxitiy02p5vr104t61m4vd", "25-0000365")	600100	Keperluan Dapur	Marcellino Christian	Marcello - SOS Pel Sereh	27980	0
cmtuxitjh02prvr106gvh80pt	04 Nov 25	=HYPERLINK("http://localhost:3000/vouchers/cmtuxitiy02p5vr104t61m4vd", "25-0000365")	181099	Piutang Lain-lain	Marcellino Christian	Marcello - Permen Mint	7790	0
cmtuxitjj02ptvr109n8cw9kl	04 Nov 25	=HYPERLINK("http://localhost:3000/vouchers/cmtuxitiy02p5vr104t61m4vd", "25-0000365")	600016	Beban Perlengkapan Kantor	Marcellino Christian	Marcello - Kamper Swallow	21590	0
cmtuxitjl02pvvr106rjm21e2	04 Nov 25	=HYPERLINK("http://localhost:3000/vouchers/cmtuxitiy02p5vr104t61m4vd", "25-0000365")	600100	Keperluan Dapur	Marcellino Christian	Marcello - Bensin	15000	0
cmtuxitjn02pxvr1039bsy91b	04 Nov 25	=HYPERLINK("http://localhost:3000/vouchers/cmtuxitiy02p5vr104t61m4vd", "25-0000365")	600100	Keperluan Dapur	Marcellino Christian	Marcello - Materai Tempel	105000	0
cmtuxitjo02pzvr10654o55yb	04 Nov 25	=HYPERLINK("http://localhost:3000/vouchers/cmtuxitiy02p5vr104t61m4vd", "25-0000365")	600100	Keperluan Dapur	Marcellino Christian	Marcello - Galon Isi Ulang	21000	0
cmtuxitjq02q1vr10lilmkk1h	04 Nov 25	=HYPERLINK("http://localhost:3000/vouchers/cmtuxitiy02p5vr104t61m4vd", "25-0000365")	600100	Keperluan Dapur	Marcellino Christian	Marcello - Bca Urus Gaji	7000	0
cmtuxitjs02q3vr10pf52rp85	04 Nov 25	=HYPERLINK("http://localhost:3000/vouchers/cmtuxitiy02p5vr104t61m4vd", "25-0000365")	181099	Piutang Lain-lain	Marcellino Christian	Marcello - Beli Stop Kontak	99900	0
cmtuxitjt02q5vr10bpesyce1	04 Nov 25	=HYPERLINK("http://localhost:3000/vouchers/cmtuxitiy02p5vr104t61m4vd", "25-0000365")	600100	Keperluan Dapur	Marcellino Christian	Marcello - Aqua Galon	21000	0
cmtuxitjw02q7vr10zlr3n4nj	04 Nov 25	=HYPERLINK("http://localhost:3000/vouchers/cmtuxitiy02p5vr104t61m4vd", "25-0000365")	600100	Keperluan Dapur	Marcellino Christian	Marcello - Milo	19000	0
cmtuxitjy02q9vr10rkcxgprd	04 Nov 25	=HYPERLINK("http://localhost:3000/vouchers/cmtuxitiy02p5vr104t61m4vd", "25-0000365")	600100	Keperluan Dapur	Marcellino Christian	Marcello - Beli Goodday Capuccino	22000	0
cmtuxitjz02qbvr108f1ms6vt	04 Nov 25	=HYPERLINK("http://localhost:3000/vouchers/cmtuxitiy02p5vr104t61m4vd", "25-0000365")	181099	Piutang Lain-lain	Marcellino Christian	Marcello - Energen	20000	0
cmtuxitk102qdvr10m8u2vq5t	04 Nov 25	=HYPERLINK("http://localhost:3000/vouchers/cmtuxitiy02p5vr104t61m4vd", "25-0000365")	100000	Kas	Marcellino Christian	Marcello - Parkir Urus Token BCA	7000	0
cmtuxitk302qfvr10k0iomauk	04 Nov 25	=HYPERLINK("http://localhost:3000/vouchers/cmtuxitiy02p5vr104t61m4vd", "25-0000365")	100000	Kas	Marcellino Christian	Marcello - Panadol Extra	15000	0
cmtuxitk402qhvr100zbx2yfj	04 Nov 25	=HYPERLINK("http://localhost:3000/vouchers/cmtuxitiy02p5vr104t61m4vd", "25-0000365")	100101	Bank BCA 4972579789	Marcellino Christian	Marcello - Panadol Flu & Batuk	18000	0
cmtuxitk602qjvr1091248e7u	04 Nov 25	=HYPERLINK("http://localhost:3000/vouchers/cmtuxitiy02p5vr104t61m4vd", "25-0000365")	130000	Pembelian Barang dagangan Modular	Marcellino Christian	Marcello - Pewangi Ruangan	76400	0
cmtuxitk802qlvr10sjw4t29b	04 Nov 25	=HYPERLINK("http://localhost:3000/vouchers/cmtuxitiy02p5vr104t61m4vd", "25-0000365")	130000	Pembelian Barang dagangan Modular	Marcellino Christian	Marcello - Parkir Urus Token BCA	10000	0
cmtuxitka02qnvr106cm693th	04 Nov 25	=HYPERLINK("http://localhost:3000/vouchers/cmtuxitiy02p5vr104t61m4vd", "25-0000365")	220001	Hutang Pph21	Marcellino Christian	Marcello - Belanja keperluan dapur,parkir, materai dll	0	934660
cmtuxitkb02qpvr10o670zk28	04 Nov 25	=HYPERLINK("http://localhost:3000/vouchers/cmtuxitiy02p5vr104t61m4vd", "25-0000365")	100101	Bank BCA 4972579789	Marcellino Christian	Marcell - Pengisian Petty Cash Kantor	934660	0
cmtuxitkd02qrvr10ix3cnw00	04 Nov 25	=HYPERLINK("http://localhost:3000/vouchers/cmtuxitiy02p5vr104t61m4vd", "25-0000365")	130000	Pembelian Barang dagangan Modular	Marcellino Christian	Marcell - Pengisian Petty Cash Kantor	0	934660
cmtuxitkh02qvvr10kyhmj3xk	04 Nov 25	=HYPERLINK("http://localhost:3000/vouchers/cmtuxitkf02qtvr10o6griu58", "25-0000366")	220001	Hutang Pph21	Surya Atmadjaya	Maun - Pembayaran ke 2 Ongkos Pasang Modular di Kalirejo 1 Bangil	40000000	0
cmtuxitkj02qxvr10ofm0570d	04 Nov 25	=HYPERLINK("http://localhost:3000/vouchers/cmtuxitkf02qtvr10o6griu58", "25-0000366")	100101	Bank BCA 4972579789	Surya Atmadjaya	Maun - Pembayaran ke 2 Ongkos Pasang Modular di Kalirejo 2 Bangil	40000000	0
cmtuxitkk02qzvr106uvk0sov	04 Nov 25	=HYPERLINK("http://localhost:3000/vouchers/cmtuxitkf02qtvr10o6griu58", "25-0000366")	130000	Pembelian Barang dagangan Modular	Surya Atmadjaya	Maun - Pembayaran ke 2 Ongkos Pasang Modular di Kalirejo 1&2 - Bangil	0	2000000
cmtuxitkm02r1vr10mrt0l9h2	04 Nov 25	=HYPERLINK("http://localhost:3000/vouchers/cmtuxitkf02qtvr10o6griu58", "25-0000366")	220001	Hutang Pph21	Surya Atmadjaya	Maun - Pembayaran ke 2 Ongkos Pasang Modular di Kalirejo 1&2 - Bangil	0	78000000
cmtuxitkq02r5vr10sbmxs1fq	04 Nov 25	=HYPERLINK("http://localhost:3000/vouchers/cmtuxitkn02r3vr104tknoy2s", "25-0000367")	100101	Bank BCA 4972579789	Ade Tatang	Surya Atmadjaya - PO 83/PMB/X/2025 - DP 50% Upah Pasang di Balak Kec Songgon Kab Banyuwangi Inv 003/INV/DSA/XI/25	40000000	0
cmtuxitkr02r7vr10cjjwu12e	04 Nov 25	=HYPERLINK("http://localhost:3000/vouchers/cmtuxitkn02r3vr104tknoy2s", "25-0000367")	720002	Beban Adm.Bank & Buku Cek/Giro	Ade Tatang	Surya Atmadjaya - PO 83/PMB/X/2025 - DP 50% Upah Pasang di Balak Kec Songgon Kab Banyuwangi Inv 003/INV/DSA/XI/25	0	1000000
cmtuxitkt02r9vr10nkjy445l	04 Nov 25	=HYPERLINK("http://localhost:3000/vouchers/cmtuxitkn02r3vr104tknoy2s", "25-0000367")	100101	Bank BCA 4972579789	Ade Tatang	Surya Atmadjaya - PO 83/PMB/X/2025 - DP 50% Upah Pasang di Balak Kec Songgon Kab Banyuwangi Inv 003/INV/DSA/XI/25	0	39000000
cmtuxitkw02rdvr10yra26f25	04 Nov 25	=HYPERLINK("http://localhost:3000/vouchers/cmtuxitkv02rbvr10dckxfep1", "25-0000368")	130000	Pembelian Barang dagangan Modular	Ade Tatang	Ade Tatang - PO No 27/PMB/X/2025 - Pembayaran DP 50% Upah Pasang Modular di Tugurejo , Kec Sawo Kab Ponorogo	40000000	0
cmtuxitky02rfvr10qytaxhco	04 Nov 25	=HYPERLINK("http://localhost:3000/vouchers/cmtuxitkv02rbvr10dckxfep1", "25-0000368")	220001	Hutang Pph21	Ade Tatang	Ade Tatang - PO No 27/PMB/X/2025 - Pembayaran DP 50% Upah Pasang Modular di Tugurejo , Kec Sawo Kab Ponorogo	0	1000000
cmtuxitl002rhvr10axsaferz	04 Nov 25	=HYPERLINK("http://localhost:3000/vouchers/cmtuxitkv02rbvr10dckxfep1", "25-0000368")	100101	Bank BCA 4972579789	Ade Tatang	Ade Tatang - PO No 27/PMB/X/2025 - Pembayaran DP 50% Upah Pasang Modular di Tugurejo , Kec Sawo Kab Ponorogo	0	39000000
cmtuxitl202rjvr10zxryh9sq	04 Nov 25	=HYPERLINK("http://localhost:3000/vouchers/cmtuxitkv02rbvr10dckxfep1", "25-0000368")	720002	Beban Adm.Bank & Buku Cek/Giro	Ade Tatang	BI Fast - Biaya Adm	2500	0
cmtuxitl402rlvr10pwj9yrs0	04 Nov 25	=HYPERLINK("http://localhost:3000/vouchers/cmtuxitkv02rbvr10dckxfep1", "25-0000368")	100101	Bank BCA 4972579789	Ade Tatang	BI Fast - Biaya Adm	0	2500
cmtuxitl902rpvr10y1nljyzt	04 Nov 25	=HYPERLINK("http://localhost:3000/vouchers/cmtuxitl602rnvr106b9dqwou", "25-0000369")	120003	Uang Muka Pembelian AC,Exhaust Fan	PT. Gloria Mulya Jaya	Ade Tatang - PO no 20/PMB/X/2025 Pembayaran DP 50% Upah Pasang Modular di Bedingin, Kec Sambit, Kab Ponorogo	40000000	0
cmtuxitlc02rrvr10k8f2mdua	04 Nov 25	=HYPERLINK("http://localhost:3000/vouchers/cmtuxitl602rnvr106b9dqwou", "25-0000369")	100101	Bank BCA 4972579789	PT. Gloria Mulya Jaya	Ade Tatang - PO no 20/PMB/X/2025 Pembayaran DP 50% Upah Pasang Modular di Bedingin, Kec Sambit, Kab Ponorogo	0	1000000
cmtuxitlf02rtvr10ojyolqyr	04 Nov 25	=HYPERLINK("http://localhost:3000/vouchers/cmtuxitl602rnvr106b9dqwou", "25-0000369")	120003	Uang Muka Pembelian AC,Exhaust Fan	PT. Gloria Mulya Jaya	Ade Tatang - PO no 20/PMB/X/2025 Pembayaran DP 50% Upah Pasang Modular di Bedingin, Kec Sambit, Kab Ponorogo	0	39000000
cmtuxitlh02rvvr10jguq6fos	04 Nov 25	=HYPERLINK("http://localhost:3000/vouchers/cmtuxitl602rnvr106b9dqwou", "25-0000369")	100101	Bank BCA 4972579789	PT. Gloria Mulya Jaya	BI Fast - Biaya Adm	2500	0
cmtuxitlk02rxvr10flshuj22	04 Nov 25	=HYPERLINK("http://localhost:3000/vouchers/cmtuxitl602rnvr106b9dqwou", "25-0000369")	120004	Uang Muka Pembelian Furniture	PT. Gloria Mulya Jaya	BI Fast - Biaya Adm	0	2500
cmtuxitlp02s1vr10pi3f401g	04 Nov 25	=HYPERLINK("http://localhost:3000/vouchers/cmtuxitln02rzvr109oerb7vd", "25-0000370")	220000	PPN Keluaran	PT. Legenda Bintang Bola	Gloria Mulya Jaya - DP 30% AC Exhaust Fan Beserta Material untuk daerah Ambal Ambil, Sladi, Kejapanan, Jeruk, Purut, Kalirejo (2), Kedung Banteng, Cobanblimbing - Pasuruan	98229840	0
cmtuxitlr02s3vr102juu172y	04 Nov 25	=HYPERLINK("http://localhost:3000/vouchers/cmtuxitln02rzvr109oerb7vd", "25-0000370")	100101	Bank BCA 4972579789	PT. Legenda Bintang Bola	Gloria Mulya Jaya - DP 30% AC Exhaust Fan Beserta Material untuk daerah Ambal Ambil, Sladi, Kejapanan, Jeruk, Purut, Kalirejo (2), Kedung Banteng, Cobanblimbing - Pasuruan	0	98229840
cmtuxitlw02s7vr10w3j5pvwi	04 Nov 25	=HYPERLINK("http://localhost:3000/vouchers/cmtuxitlu02s5vr10ta8wnwe9", "25-0000371")	720002	Beban Adm.Bank & Buku Cek/Giro	PT. Legenda Bintang Bola	Gloria Mulya Jaya - DP 30% AC Exhaust Fan Beserta Material untuk daerah Graty Sumberdawesari dan Graty Cukurgondang - Pasuruan	25517460	0
cmtuxitly02s9vr10fcfpy8p0	04 Nov 25	=HYPERLINK("http://localhost:3000/vouchers/cmtuxitlu02s5vr10ta8wnwe9", "25-0000371")	100101	Bank BCA 4972579789	PT. Legenda Bintang Bola	Gloria Mulya Jaya - DP 30% AC Exhaust Fan Beserta Material untuk daerah Graty Sumberdawesari dan Graty Cukurgondang - Pasuruan	0	25517460
cmtuxitm302sdvr10xe5tgisg	04 Nov 25	=HYPERLINK("http://localhost:3000/vouchers/cmtuxitm002sbvr107nsu1ytk", "25-0000372")	130000	Pembelian Barang dagangan Modular	Firman Nurwegian	Legenda Bintang Bola - PO no 01/PO/PMB/VIII/2025 - 04/LBB/XI/2025 - DP 30% Pembelian Furniture untuk daerah Pasuruan	89550000	0
cmtuxitm502sfvr107v9r8403	04 Nov 25	=HYPERLINK("http://localhost:3000/vouchers/cmtuxitm002sbvr107nsu1ytk", "25-0000372")	220001	Hutang Pph21	Firman Nurwegian	Legenda Bintang Bola - DP 30% Pembelian Furniture untuk daerah Pasuruan	9850500	0
cmtuxitm802shvr10npa8aget	04 Nov 25	=HYPERLINK("http://localhost:3000/vouchers/cmtuxitm002sbvr107nsu1ytk", "25-0000372")	100101	Bank BCA 4972579789	Firman Nurwegian	Legenda Bintang Bola - DP 30% Pembelian Furniture untuk daerah Pasuruan	0	99400500
cmtuxitmb02sjvr10oq92795l	04 Nov 25	=HYPERLINK("http://localhost:3000/vouchers/cmtuxitm002sbvr107nsu1ytk", "25-0000372")	150000	Ongkos Pasang Modular	Firman Nurwegian	Legenda Bintang Bola - BI Fast Biaya Txn	2500	0
cmtuxitmd02slvr10dy9zm7jx	04 Nov 25	=HYPERLINK("http://localhost:3000/vouchers/cmtuxitm002sbvr107nsu1ytk", "25-0000372")	220001	Hutang Pph21	Firman Nurwegian	Legenda Bintang Bola - BI Fast Biaya Txn	0	2500
cmtuxitmj02spvr10z2zxgf18	04 Nov 25	=HYPERLINK("http://localhost:3000/vouchers/cmtuxitmg02snvr10vknv4r67", "25-0000373")	100101	Bank BCA 4972579789	Firman Nurwegian	Firman Nurwegian - PO No 26/PMB/X/2025 - Pembayaran DP 50% Upah Pemasangan Modular di Area Tegal Harjo, Kec Glenmore, Kab Banyuwangi	40000000	0
cmtuxitmm02srvr10r73at2vg	04 Nov 25	=HYPERLINK("http://localhost:3000/vouchers/cmtuxitmg02snvr10vknv4r67", "25-0000373")	150000	Ongkos Pasang Modular	Firman Nurwegian	Firman Nurwegian - PO No 26/PMB/X/2025 - Pembayaran DP 50% Upah Pemasangan Modular di Area Tegal Harjo, Kec Glenmore, Kab Banyuwangi	0	1000000
cmtuxitmp02stvr10186pgrp4	04 Nov 25	=HYPERLINK("http://localhost:3000/vouchers/cmtuxitmg02snvr10vknv4r67", "25-0000373")	220001	Hutang Pph21	Firman Nurwegian	Firman Nurwegian - PO No 26/PMB/X/2025 - Pembayaran DP 50% Upah Pemasangan Modular di Area Tegal Harjo, Kec Glenmore, Kab Banyuwangi	0	39000000
cmtuxitmw02sxvr10g5rgxpfu	04 Nov 25	=HYPERLINK("http://localhost:3000/vouchers/cmtuxitms02svvr10y70i5tdm", "25-0000374")	100101	Bank BCA 4972579789	Firman Nurwegian	Firman Nurwegian - PO No 25/PO/PMB/2025 - Pembayaran DP 50% Upah Pemasangan Modular di Area Tamanagung, Kec Cluring, Kab Banyuwangi	40000000	0
cmtuxitmy02szvr102sucb6yh	04 Nov 25	=HYPERLINK("http://localhost:3000/vouchers/cmtuxitms02svvr10y70i5tdm", "25-0000374")	150000	Ongkos Pasang Modular	Firman Nurwegian	Firman Nurwegian - PO No 25/PO/PMB/2025 - Pembayaran DP 50% Upah Pemasangan Modular di Area Tamanagung, Kec Cluring, Kab Banyuwangi	0	1000000
cmtuxitn102t1vr10sw45ivec	04 Nov 25	=HYPERLINK("http://localhost:3000/vouchers/cmtuxitms02svvr10y70i5tdm", "25-0000374")	220001	Hutang Pph21	Firman Nurwegian	Firman Nurwegian - PO No 25/PO/PMB/2025 - Pembayaran DP 50% Upah Pemasangan Modular di Area Tamanagung, Kec Cluring, Kab Banyuwangi	0	39000000
cmtuxitn502t5vr10ynjfn3u0	04 Nov 25	=HYPERLINK("http://localhost:3000/vouchers/cmtuxitn302t3vr10dugjtmv7", "25-0000375")	100101	Bank BCA 4972579789	Surya Atmadjaya	Firman Nurwegian - PO No 23/PO/PMB/25 - Pembayaran DP 50% Upah Pemasangan Modular di Area Singolatren, Kec Singojuruh, Kab Banyuwangi	40000000	0
cmtuxitn802t7vr10nvg8huow	04 Nov 25	=HYPERLINK("http://localhost:3000/vouchers/cmtuxitn302t3vr10dugjtmv7", "25-0000375")	150000	Ongkos Pasang Modular	Surya Atmadjaya	Firman Nurwegian - PO No 23/PO/PMB/25 - Pembayaran DP 50% Upah Pemasangan Modular di Area Singolatren, Kec Singojuruh, Kab Banyuwangi	0	1000000
cmtuxitna02t9vr1089wuthkn	04 Nov 25	=HYPERLINK("http://localhost:3000/vouchers/cmtuxitn302t3vr10dugjtmv7", "25-0000375")	220001	Hutang Pph21	Surya Atmadjaya	Firman Nurwegian - PO No 23/PO/PMB/25 - Pembayaran DP 50% Upah Pemasangan Modular di Area Singolatren, Kec Singojuruh, Kab Banyuwangi	0	39000000
cmtuxitnf02tdvr104nyin3sm	04 Nov 25	=HYPERLINK("http://localhost:3000/vouchers/cmtuxitnc02tbvr10pe2yepsv", "25-0000376")	100101	Bank BCA 4972579789	Surya Atmadjaya	Surya Atmadjaya - PO 22/PO/PMB/X/2025 - DP 50% Upah Pemasangan Modular di Area Pengatigan, Kec Rogojampi, Kab Banyuwangi	40000000	0
cmtuxitnh02tfvr10wicocqbl	04 Nov 25	=HYPERLINK("http://localhost:3000/vouchers/cmtuxitnc02tbvr10pe2yepsv", "25-0000376")	150000	Ongkos Pasang Modular	Surya Atmadjaya	Surya Atmadjaya - PO 22/PO/PMB/X/2025 - DP 50% Upah Pemasangan Modular di Area Pengatigan, Kec Rojojampi, Kab Banyuwangi	0	1000000
cmtuxitnj02thvr10u7exx6le	04 Nov 25	=HYPERLINK("http://localhost:3000/vouchers/cmtuxitnc02tbvr10pe2yepsv", "25-0000376")	220001	Hutang Pph21	Surya Atmadjaya	Surya Atmadjaya - PO 22/PO/PMB/X/2025 - DP 50% Upah Pemasangan Modular di Area Pengatigan, Kec Rojojampi, Kab Banyuwangi	0	39000000
cmtuxitnm02tlvr1001pbknj0	04 Nov 25	=HYPERLINK("http://localhost:3000/vouchers/cmtuxitnk02tjvr10nxthz4nr", "25-0000377")	100101	Bank BCA 4972579789	Ade Tatang	Surya Atmadjaya - PO no 21/PO/PMB/X/2025 - DP 50% Upah Pemasangan Modular Di Area Genteng Kulon, Kec Genteng, Kab Banyuwangi	40000000	0
cmtuxitno02tnvr1042essxf3	04 Nov 25	=HYPERLINK("http://localhost:3000/vouchers/cmtuxitnk02tjvr10nxthz4nr", "25-0000377")	720002	Beban Adm.Bank & Buku Cek/Giro	Ade Tatang	Surya Atmadjaya - PO no 21/PO/PMB/X/2025 - DP 50% Upah Pemasangan Modular Di Area Genteng Kulon, Kec Genteng, Kab Banyuwangi	0	1000000
cmtuxitnq02tpvr10r1hlb34b	04 Nov 25	=HYPERLINK("http://localhost:3000/vouchers/cmtuxitnk02tjvr10nxthz4nr", "25-0000377")	100101	Bank BCA 4972579789	Ade Tatang	Surya Atmadjaya - PO no 21/PO/PMB/X/2025 - DP 50% Upah Pemasangan Modular Di Area Genteng Kulon, Kec Genteng, Kab Banyuwangi	0	39000000
cmtuxitnv02ttvr10r1za4dmh	04 Nov 25	=HYPERLINK("http://localhost:3000/vouchers/cmtuxitnt02trvr10fjisauc9", "25-0000378")	150000	Ongkos Pasang Modular	PT. Anugrah Gabung Berdikari Utama	Ade Tatang - PO no 24/PMB/X/2025 - DP 50% Upah Pemasangan Modular di Area Slahung, Kec Slahung, Kab Ponorogo	40000000	0
cmtuxitnx02tvvr10qz6b31jw	04 Nov 25	=HYPERLINK("http://localhost:3000/vouchers/cmtuxitnt02trvr10fjisauc9", "25-0000378")	150000	Ongkos Pasang Modular	PT. Anugrah Gabung Berdikari Utama	Ade Tatang - PO no 24/PMB/X/2025 - DP 50% Upah Pemasangan Modular di Area Slahung, Kec Slahung, Kab Ponorogo	0	1000000
cmtuxitnz02txvr1067a78pbw	04 Nov 25	=HYPERLINK("http://localhost:3000/vouchers/cmtuxitnt02trvr10fjisauc9", "25-0000378")	150000	Ongkos Pasang Modular	PT. Anugrah Gabung Berdikari Utama	Ade Tatang - PO no 24/PMB/X/2025 - DP 50% Upah Pemasangan Modular di Area Slahung, Kec Slahung, Kab Ponorogo	0	39000000
cmtuxito102tzvr10eb9cu3wg	04 Nov 25	=HYPERLINK("http://localhost:3000/vouchers/cmtuxitnt02trvr10fjisauc9", "25-0000378")	150000	Ongkos Pasang Modular	PT. Anugrah Gabung Berdikari Utama	Ade Tatang - BI Fast Biaya Transaksi	2500	0
cmtuxito302u1vr10ph0zizvl	04 Nov 25	=HYPERLINK("http://localhost:3000/vouchers/cmtuxitnt02trvr10fjisauc9", "25-0000378")	150000	Ongkos Pasang Modular	PT. Anugrah Gabung Berdikari Utama	Ade Tatang - BI Fast Biaya Transaksi	0	2500
cmtuxito602u5vr10boinzt07	04 Nov 25	=HYPERLINK("http://localhost:3000/vouchers/cmtuxito402u3vr10abh73dud", "25-0000379")	220003	Hutang PPh Final	PT. Anugrah Gabung Berdikari Utama	Anugrah Gabung Berdikari Utama - PO no 32/PO/PMB/X/2025 - Pembayaran DP 50% Pemasangan Modular di Area Ngumpak dalem Kec Dander, Kab Bojonegoro	40000000	0
cmtuxito802u7vr10t3xalt8h	04 Nov 25	=HYPERLINK("http://localhost:3000/vouchers/cmtuxito402u3vr10abh73dud", "25-0000379")	100101	Bank BCA 4972579789	PT. Anugrah Gabung Berdikari Utama	Anugrah Gabung Berdikari Utama - PO No 35/PO/PMB/X/2025 - Pembayaran DP 50% Pemasangan Modular di Area Kel Trimulyo, Kec Wadaslintang, Kab Wonosobo	40000000	0
cmtuxitoa02u9vr10oxcgprbn	04 Nov 25	=HYPERLINK("http://localhost:3000/vouchers/cmtuxito402u3vr10abh73dud", "25-0000379")	720002	Beban Adm.Bank & Buku Cek/Giro	PT. Anugrah Gabung Berdikari Utama	Anugrah Gabung Berdikari Utama - PO no 31/PO/PMB/X/2025 - Pembayaran DP 50% Pemasangan Modular di Area Kel Turunrejo, Kec Brangsong, Kab Kendal	40000000	0
cmtuxitod02ubvr10k8dvbtmd	04 Nov 25	=HYPERLINK("http://localhost:3000/vouchers/cmtuxito402u3vr10abh73dud", "25-0000379")	100101	Bank BCA 4972579789	PT. Anugrah Gabung Berdikari Utama	Anugrah Gabung Berdikari Utama - PO No 33/PO/PMB/X/2025 - Pembayaran DP 50% Pemasangan Modular di Area Kel Penidon, Kec Plumpang, Kab Tuban	40000000	0
cmtuxitoe02udvr10y8x8z2ru	06 Nov 25	=HYPERLINK("http://localhost:3000/vouchers/cmtuxito402u3vr10abh73dud", "25-0000379")	130000	Pembelian Barang dagangan Modular	PT. Anugrah Gabung Berdikari Utama	Anugrah Gabung Berdikari Utama - PO No 34/PO/PMB/X/2025 - Pembayaran DP 50% Pemasangan Modular di Area Sekar Bojonegoro	40000000	0
cmtuxitog02ufvr10ihkut537	06 Nov 25	=HYPERLINK("http://localhost:3000/vouchers/cmtuxito402u3vr10abh73dud", "25-0000379")	130000	Pembelian Barang dagangan Modular	PT. Anugrah Gabung Berdikari Utama	Anugrah Gabung Berdikari Utama - Pembayaran DP 50% Pemasangan Modular di Area Ngumpak dalem dander, Wadas Lintang Trimulyono, Brangsong Kendal, Sekar Bojonegoro, Plumpang	0	8000000
cmtuxitoi02uhvr10zcn3aayt	06 Nov 25	=HYPERLINK("http://localhost:3000/vouchers/cmtuxito402u3vr10abh73dud", "25-0000379")	130000	Pembelian Barang dagangan Modular	PT. Anugrah Gabung Berdikari Utama	Anugrah Gabung Berdikari Utama - Pembayaran DP 50% Pemasangan Modular di Area Ngumpak dalem dander, Wadas Lintang Trimulyono, Brangsong Kendal, Sekar Bojonegoro, Plumpang	0	192000000
cmtuxitok02ujvr10j8j9xpqk	06 Nov 25	=HYPERLINK("http://localhost:3000/vouchers/cmtuxito402u3vr10abh73dud", "25-0000379")	220001	Hutang Pph21	PT. Anugrah Gabung Berdikari Utama	Anugrah Gabung Berdikari Utama - BI Fast Txn	2500	0
cmtuxitom02ulvr10s8yaeljr	06 Nov 25	=HYPERLINK("http://localhost:3000/vouchers/cmtuxito402u3vr10abh73dud", "25-0000379")	100101	Bank BCA 4972579789	PT. Anugrah Gabung Berdikari Utama	Anugrah Gabung Berdikari Utama - BI Fast Txn	0	2500
cmtuxitoq02upvr10ufn77cdy	06 Nov 25	=HYPERLINK("http://localhost:3000/vouchers/cmtuxitoo02unvr103trocn91", "25-0000380")	130000	Pembelian Barang dagangan Modular	Ricky Herdhany	Ricky Herdhany - Pembayaran Ke 3 Pemasangan Modular di Area Cobanblimbing, Wonorejo,Pasuruan	25000000	0
cmtuxitos02urvr10n6nfyevb	06 Nov 25	=HYPERLINK("http://localhost:3000/vouchers/cmtuxitoo02unvr103trocn91", "25-0000380")	130000	Pembelian Barang dagangan Modular	Ricky Herdhany	Ricky Herdhany - Pembayaran Ke 3 Pemasangan Modular di Area Sladi, Kejayan, Pasuruan	25000000	0
cmtuxitot02utvr10s3azy8gt	06 Nov 25	=HYPERLINK("http://localhost:3000/vouchers/cmtuxitoo02unvr103trocn91", "25-0000380")	130000	Pembelian Barang dagangan Modular	Ricky Herdhany	Ricky Herdhany - Pembayaran Ke 3 Pemasangan Modular di Area Ambal Ambil, Kejayan, Pasuruan	25000000	0
cmtuxitow02uvvr10qij585lq	06 Nov 25	=HYPERLINK("http://localhost:3000/vouchers/cmtuxitoo02unvr103trocn91", "25-0000380")	220001	Hutang Pph21	Ricky Herdhany	Ricky Herdhany - Pembayaran Ke 3 Pemasangan Modular di Area Cobanblimbing, Sladi, Ambal Ambil	0	1875000
cmtuxitox02uxvr10u1k149ii	06 Nov 25	=HYPERLINK("http://localhost:3000/vouchers/cmtuxitoo02unvr103trocn91", "25-0000380")	100101	Bank BCA 4972579789	Ricky Herdhany	Ricky Herdhany - Pembayaran Ke 3 Pemasangan Modular di Area Cobanblimbing, Sladi, Ambal Ambil	0	73125000
cmtuxitp102v1vr10tzmb4qxr	06 Nov 25	=HYPERLINK("http://localhost:3000/vouchers/cmtuxitoz02uzvr10bdhqo740", "25-0000381")	140001	Pembelian Listrik	PT. Pionir Elektrik Indonesia	PT. Pionir Elektrik Indonesia - Pembelian Alat Listrik 3 Paket di Pasuruan - Kel Ambal Ambil, Kec Kejayan - Kel Kejapanan, Kec Gempol - Kel Cobanblimbing, Kec Wonorejo, Kab Pasuruan	33648649	0
cmtuxitp202v3vr10534orrly	06 Nov 25	=HYPERLINK("http://localhost:3000/vouchers/cmtuxitoz02uzvr10bdhqo740", "25-0000381")	220000	PPN Keluaran	PT. Pionir Elektrik Indonesia	PT. Pionir Elektrik Indonesia - Pembelian Alat Listrik 3 Paket di Pasuruan	3701351	0
cmtuxitp402v5vr1069skqm2m	06 Nov 25	=HYPERLINK("http://localhost:3000/vouchers/cmtuxitoz02uzvr10bdhqo740", "25-0000381")	100101	Bank BCA 4972579789	PT. Pionir Elektrik Indonesia	PT. Pionir Elektrik Indonesia - Pembelian Alat Listrik 3 Paket di Pasuruan	0	37350000
cmtuxitp802v9vr10qb080ylg	06 Nov 25	=HYPERLINK("http://localhost:3000/vouchers/cmtuxitp602v7vr10u5l0bhs8", "25-0000382")	140001	Pembelian Listrik	CV. Pionir Elektrik Jakarta	CV. Pionir Elektrik Indonesia - Pembelian Alat Listrik 3 Paket di Pasuruan - Kel Ambal Ambil, Kec Kejayan - Kel Kejapanan, Kec Gempol - Kel Cobanblimbing, Kec Wonorejo, Kab Pasuruan	18777000	0
cmtuxitpa02vbvr10ue0j244o	06 Nov 25	=HYPERLINK("http://localhost:3000/vouchers/cmtuxitp602v7vr10u5l0bhs8", "25-0000382")	100101	Bank BCA 4972579789	CV. Pionir Elektrik Jakarta	CV. Pionir Elektrik Indonesia - Pembelian Alat Listrik 3 Paket di Pasuruan	0	18777000
cmtuxitpb02vdvr10kbk19oxr	06 Nov 25	=HYPERLINK("http://localhost:3000/vouchers/cmtuxitp602v7vr10u5l0bhs8", "25-0000382")	720002	Beban Adm.Bank & Buku Cek/Giro	CV. Pionir Elektrik Jakarta	CV. Pionir Elektrik Indonesia - BI Fast Biaya Txn	2500	0
cmtuxitpd02vfvr10das5no0w	06 Nov 25	=HYPERLINK("http://localhost:3000/vouchers/cmtuxitp602v7vr10u5l0bhs8", "25-0000382")	100101	Bank BCA 4972579789	CV. Pionir Elektrik Jakarta	CV. Pionir Elektrik Indonesia - BI Fast Biaya Txn	0	2500
cmtuxitph02vjvr104akdj9vi	06 Nov 25	=HYPERLINK("http://localhost:3000/vouchers/cmtuxitpf02vhvr101iuki0oq", "25-0000383")	140001	Pembelian Listrik	PT. Pionir Elektrik Indonesia	PT. Pionir Elektrik Indonesia - INV/755/PEI/OKT/2025 - Pembeliaan Alat Listrik untuk Bojonegoro - Kel Beji, Kec Kedewan, Kab Bojonegoro	11216216	0
cmtuxitpj02vlvr10jhfmpj0e	06 Nov 25	=HYPERLINK("http://localhost:3000/vouchers/cmtuxitpf02vhvr101iuki0oq", "25-0000383")	220000	PPN Keluaran	PT. Pionir Elektrik Indonesia	PT. Pionir Elektrik Indonesia - INV/755/PEI/OKT/2025 - Pembeliaan Alat Listrik untuk Bojonegoro	1233784	0
cmtuxitpl02vnvr10r1p4zm3m	06 Nov 25	=HYPERLINK("http://localhost:3000/vouchers/cmtuxitpf02vhvr101iuki0oq", "25-0000383")	100101	Bank BCA 4972579789	PT. Pionir Elektrik Indonesia	PT. Pionir Elektrik Indonesia - INV/755/PEI/OKT/2025 - Pembeliaan Alat Listrik untuk Bojonegoro	0	12450000
cmtuxitpp02vrvr10ctxe4elj	06 Nov 25	=HYPERLINK("http://localhost:3000/vouchers/cmtuxitpm02vpvr103xh88nrx", "25-0000384")	140001	Pembelian Listrik	PT. Pionir Elektrik Indonesia	PT. Pionir Elektrik Indonesia - INV/754/PEI/OKT/2025 - Pembeliaan Alat Listrik untuk Loano Loano , Purworejo	11216216	0
cmtuxitpr02vtvr10s6earrqx	06 Nov 25	=HYPERLINK("http://localhost:3000/vouchers/cmtuxitpm02vpvr103xh88nrx", "25-0000384")	220000	PPN Keluaran	PT. Pionir Elektrik Indonesia	PT. Pionir Elektrik Indonesia - INV/754/PEI/OKT/2025 - Pembeliaan Alat Listrik untuk Loano Loano , Purworejo	1233784	0
cmtuxitpt02vvvr108suwelh8	06 Nov 25	=HYPERLINK("http://localhost:3000/vouchers/cmtuxitpm02vpvr103xh88nrx", "25-0000384")	100101	Bank BCA 4972579789	PT. Pionir Elektrik Indonesia	PT. Pionir Elektrik Indonesia - INV/754/PEI/OKT/2025 - Pembeliaan Alat Listrik untuk Loano Loano , Purworejo	0	12450000
cmtuxitpw02vzvr103w3xm0ur	06 Nov 25	=HYPERLINK("http://localhost:3000/vouchers/cmtuxitpu02vxvr10k9xqk0ke", "25-0000385")	181099	Piutang Lain-lain	CV. Pionir Elektrik Jakarta	CV. Pionir Elektrik Indonesia - 422/PEJ/OKT/2025 - Pembeliaan Alat Listrik untuk Bojonegoro	6259000	0
cmtuxitpy02w1vr10i9emag1y	06 Nov 25	=HYPERLINK("http://localhost:3000/vouchers/cmtuxitpu02vxvr10k9xqk0ke", "25-0000385")	100101	Bank BCA 4972579789	CV. Pionir Elektrik Jakarta	CV. Pionir Elektrik Indonesia - 422/PEJ/OKT/2025 - Pembeliaan Alat Listrik untuk Bojonegoro	0	6259000
cmtuxitq002w3vr105g8f4n2x	06 Nov 25	=HYPERLINK("http://localhost:3000/vouchers/cmtuxitpu02vxvr10k9xqk0ke", "25-0000385")	720002	Beban Adm.Bank & Buku Cek/Giro	CV. Pionir Elektrik Jakarta	CV. Pionir Elektrik Indonesia - BI Fast Biaya Txn	2500	0
cmtuxitq202w5vr10f7h6v3sm	06 Nov 25	=HYPERLINK("http://localhost:3000/vouchers/cmtuxitpu02vxvr10k9xqk0ke", "25-0000385")	100101	Bank BCA 4972579789	CV. Pionir Elektrik Jakarta	CV. Pionir Elektrik Indonesia - BI Fast Biaya Txn	0	2500
cmtuxitq602w9vr106o5bzn1l	06 Nov 25	=HYPERLINK("http://localhost:3000/vouchers/cmtuxitq402w7vr10p17tw3er", "25-0000386")	181099	Piutang Lain-lain	CV. Pionir Elektrik Jakarta	CV. Pionir Elektrik Indonesia - 423/PEJ/OKT/2025 - Pembelian Alat Listrik Untuk Loano Loano	6259000	0
cmtuxitq702wbvr10cbnoxrlk	06 Nov 25	=HYPERLINK("http://localhost:3000/vouchers/cmtuxitq402w7vr10p17tw3er", "25-0000386")	100101	Bank BCA 4972579789	CV. Pionir Elektrik Jakarta	CV. Pionir Elektrik Indonesia - 423/PEJ/OKT/2025 - Pembelian Alat Listrik Untuk Loano Loano	0	6259000
cmtuxitqa02wdvr10omtkgfnj	06 Nov 25	=HYPERLINK("http://localhost:3000/vouchers/cmtuxitq402w7vr10p17tw3er", "25-0000386")	720002	Beban Adm.Bank & Buku Cek/Giro	CV. Pionir Elektrik Jakarta	CV. Pionir Elektrik Indonesia - BI Fast Biaya Txn	2500	0
cmtuxitqb02wfvr10vuby0whi	06 Nov 25	=HYPERLINK("http://localhost:3000/vouchers/cmtuxitq402w7vr10p17tw3er", "25-0000386")	100101	Bank BCA 4972579789	CV. Pionir Elektrik Jakarta	CV. Pionir Elektrik Indonesia - BI Fast Biaya Txn	0	2500
cmtuxitqg02wjvr10bopf66kz	06 Nov 25	=HYPERLINK("http://localhost:3000/vouchers/cmtuxitqd02whvr10ln3p7k31", "25-0000387")	600008	Beban Tunjangan BPJS Tenaga Kerja	BPJS Ketenagakerjaan	Iuran BPJS Ketenagakerjaan bulan November 2025	1717200	0
cmtuxitqh02wlvr10ysi0vag9	06 Nov 25	=HYPERLINK("http://localhost:3000/vouchers/cmtuxitqd02whvr10ln3p7k31", "25-0000387")	600009	Beban Asuransi Karyawan	BPJS Ketenagakerjaan	Iuran BPJS Ketenagakerjaan bulan November 2025	810000	0
cmtuxitqj02wnvr106dpdkond	06 Nov 25	=HYPERLINK("http://localhost:3000/vouchers/cmtuxitqd02whvr10ln3p7k31", "25-0000387")	100101	Bank BCA 4972579789	BPJS Ketenagakerjaan	Iuran BPJS Ketenagakerjaan bulan November 2025	0	2527200
cmtuxitqn02wrvr10e239prj0	06 Nov 25	=HYPERLINK("http://localhost:3000/vouchers/cmtuxitql02wpvr10ignj5hmq", "25-0000388")	181099	Piutang Lain-lain	Daffa Earin Alghazali	Daffa Earin Alghazali - Bensin SPBU DS.Selokromo (17 Okt 2025)	300000	0
cmtuxitqp02wtvr10gd8mr1ou	06 Nov 25	=HYPERLINK("http://localhost:3000/vouchers/cmtuxitql02wpvr10ignj5hmq", "25-0000388")	181099	Piutang Lain-lain	Daffa Earin Alghazali	Daffa Earin Alghazali - Bensin SPBU DS.Selokromo (20 Okt 2025)	300000	0
cmtuxitqr02wvvr10k4choz16	06 Nov 25	=HYPERLINK("http://localhost:3000/vouchers/cmtuxitql02wpvr10ignj5hmq", "25-0000388")	181099	Piutang Lain-lain	Daffa Earin Alghazali	Daffa Earin Alghazali - Bensin SPBU Lingkar Utara (23 Okt 2025)	300000	0
cmtuxitqt02wxvr10ox94o9nu	06 Nov 25	=HYPERLINK("http://localhost:3000/vouchers/cmtuxitql02wpvr10ignj5hmq", "25-0000388")	181099	Piutang Lain-lain	Daffa Earin Alghazali	Daffa Earin Alghazali - Bensin SPBU DS.Selokromo (28 Okt 2025)	300000	0
cmtuxitqv02wzvr10ph2d81ju	06 Nov 25	=HYPERLINK("http://localhost:3000/vouchers/cmtuxitql02wpvr10ignj5hmq", "25-0000388")	181099	Piutang Lain-lain	Daffa Earin Alghazali	Daffa Earin Alghazali - Bensin SPBU DS.Selokromo (31 Okt 2025)	300000	0
cmtuxitqx02x1vr10m2f318n6	06 Nov 25	=HYPERLINK("http://localhost:3000/vouchers/cmtuxitql02wpvr10ignj5hmq", "25-0000388")	181099	Piutang Lain-lain	Daffa Earin Alghazali	Daffa Earin Alghazali - Bensin SPBU Lingkar Utara (03 Nov 2025)	300000	0
cmtuxitqz02x3vr109a0cxgvp	06 Nov 25	=HYPERLINK("http://localhost:3000/vouchers/cmtuxitql02wpvr10ignj5hmq", "25-0000388")	181099	Piutang Lain-lain	Daffa Earin Alghazali	Daffa Earin Alghazali - Bensin SPBU DS.Selokromo (5 Nov 2025)	300000	0
cmtuxitr002x5vr10x6hhj5yk	06 Nov 25	=HYPERLINK("http://localhost:3000/vouchers/cmtuxitql02wpvr10ignj5hmq", "25-0000388")	181099	Piutang Lain-lain	Daffa Earin Alghazali	Daffa Earin Alghazali - Isi Ban Angin Mobil	30000	0
cmtuxitr202x7vr10y6c4796m	06 Nov 25	=HYPERLINK("http://localhost:3000/vouchers/cmtuxitql02wpvr10ignj5hmq", "25-0000388")	160000	Biaya Dibayar Dimuka Perjalanan Dinas	Daffa Earin Alghazali	Daffa Earin Alghazali - Bensin Mobil	0	2130000
cmtuxitr402x9vr1078ft5eh7	07 Nov 25	=HYPERLINK("http://localhost:3000/vouchers/cmtuxitql02wpvr10ignj5hmq", "25-0000388")	220001	Hutang Pph21	Daffa Earin Alghazali	Daffa Earin Alghazali - Bensin Mobil	2130000	0
cmtuxitr602xbvr10rot2jt83	07 Nov 25	=HYPERLINK("http://localhost:3000/vouchers/cmtuxitql02wpvr10ignj5hmq", "25-0000388")	220001	Hutang Pph21	Daffa Earin Alghazali	Daffa Earin Alghazali - Bensin Mobil	0	2130000
cmtuxitr902xfvr10hd9yo9xg	07 Nov 25	=HYPERLINK("http://localhost:3000/vouchers/cmtuxitr802xdvr10dv5vyjha", "25-0000389")	100101	Bank BCA 4972579789	Direktorat Jenderal Pajak	Saji - Biaya Keamanan Jaga Malam 14 Hari per Titik (Parengan dan Kerek) 24 okt - 6 nov	2800000	0
cmtuxitrb02xhvr10f6ve3yww	07 Nov 25	=HYPERLINK("http://localhost:3000/vouchers/cmtuxitr802xdvr10dv5vyjha", "25-0000389")	220002	Hutang Pph23	Direktorat Jenderal Pajak	Saji - Biaya Keamanan Jaga Malam 14 Hari per Titik (Parengan dan Kerek) 24 okt - 6 nov	0	2800000
cmtuxitre02xjvr108qtsswsn	07 Nov 25	=HYPERLINK("http://localhost:3000/vouchers/cmtuxitr802xdvr10dv5vyjha", "25-0000389")	100101	Bank BCA 4972579789	Direktorat Jenderal Pajak	Saji - Biaya Keamanan Jaga Malam 14 Hari per Titik (Parengan dan Kerek) 24 okt - 6 nov	70000	0
cmtuxitrg02xlvr10qyef83tm	07 Nov 25	=HYPERLINK("http://localhost:3000/vouchers/cmtuxitr802xdvr10dv5vyjha", "25-0000389")	181099	Piutang Lain-lain	Direktorat Jenderal Pajak	Saji - Biaya Keamanan Jaga Malam 14 Hari per Titik (Parengan dan Kerek) 24 okt - 6 nov	0	70000
cmtuxitrj02xpvr104oqvv2dp	07 Nov 25	=HYPERLINK("http://localhost:3000/vouchers/cmtuxitri02xnvr10iw8ncf1x", "25-0000390")	100002	Kas Besar	Direktorat Jenderal Imigrasi	Kantor Pajak - Pembayaran PPH21 Oktober 2025	16119375	0
cmtuxitrl02xrvr10dvjm9pui	07 Nov 25	=HYPERLINK("http://localhost:3000/vouchers/cmtuxitri02xnvr10iw8ncf1x", "25-0000390")	181099	Piutang Lain-lain	Direktorat Jenderal Imigrasi	Kantor Pajak - Pembayaran PPH21 Oktober 2025	0	16119375
cmtuxitrp02xvvr100p1u45yq	07 Nov 25	=HYPERLINK("http://localhost:3000/vouchers/cmtuxitro02xtvr10swfyxwpw", "25-0000391")	100002	Kas Besar	Direktorat Jenderal Imigrasi	Kantor Pajak - Pembayaran PPH23 Oktober 2025	493892	0
cmtuxitrr02xxvr10bgdfbseq	10 Nov 25	=HYPERLINK("http://localhost:3000/vouchers/cmtuxitro02xtvr10swfyxwpw", "25-0000391")	181099	Piutang Lain-lain	Direktorat Jenderal Imigrasi	Kantor Pajak - Pembayaran PPH23 Oktober 2025	0	493892
cmtuxitrv02y1vr10upttz1pg	10 Nov 25	=HYPERLINK("http://localhost:3000/vouchers/cmtuxitrt02xzvr10qtf25grc", "25-0000394")	100002	Kas Besar	David Karya	Kementerian Keuangan - Pembayaran DKPTKA Gu Aijiang - 1200USD - KURS Tengah BI Rp16.707	20048400	0
cmtuxitrx02y3vr10hw9t2l05	11 Nov 25	=HYPERLINK("http://localhost:3000/vouchers/cmtuxitrt02xzvr10qtf25grc", "25-0000394")	181099	Piutang Lain-lain	David Karya	Dapoer Podjok Kopi Susu	300724	0
cmtuxitrz02y5vr108yqoen53	11 Nov 25	=HYPERLINK("http://localhost:3000/vouchers/cmtuxitrt02xzvr10qtf25grc", "25-0000394")	181099	Piutang Lain-lain	David Karya	Dapoer Podjok Kopi Susu	0	300724
cmtuxits302y9vr107a6761x8	11 Nov 25	=HYPERLINK("http://localhost:3000/vouchers/cmtuxits102y7vr10zcn2xzzq", "25-0000392")	181099	Piutang Lain-lain	Darell Karya	Kementerian Keuangan - Pembayaran DKPTKA Gu Aijiang - 1200USD - KURS Tengah BI Rp16.707	0	20048400
cmtuxits802ydvr10b030krn4	11 Nov 25	=HYPERLINK("http://localhost:3000/vouchers/cmtuxits502ybvr10yh0esjfv", "25-0000393")	181099	Piutang Lain-lain	Darell Karya	Kementerian Keuangan - Pembayaran DKPTKA Fan Xiaodong- 1200USD - KURS Tengah BI Rp16.707	20048400	0
cmtuxitsa02yfvr10d2xf6z7o	11 Nov 25	=HYPERLINK("http://localhost:3000/vouchers/cmtuxits502ybvr10yh0esjfv", "25-0000393")	181099	Piutang Lain-lain	Darell Karya	Kementerian Keuangan - Pembayaran DKPTKA Fan Xiaodong- 1200USD - KURS Tengah BI Rp16.707	0	20048400
cmtuxitse02yjvr106vtwr2uq	11 Nov 25	=HYPERLINK("http://localhost:3000/vouchers/cmtuxitsc02yhvr103cyb2yii", "25-0000395")	100101	Bank BCA 4972579789	Darell Karya	Darrel Karya - Makan di Resto, 5 Nov 2025	338500	0
cmtuxitsg02ylvr10cm3l7ncy	11 Nov 25	=HYPERLINK("http://localhost:3000/vouchers/cmtuxitsc02yhvr103cyb2yii", "25-0000395")	140002	Pembelian Material	Darell Karya	Darrel Karya - Makan di Hilinc Resto, 5 Nov 2025	440500	0
cmtuxitsi02ynvr10v7glcigy	11 Nov 25	=HYPERLINK("http://localhost:3000/vouchers/cmtuxitsc02yhvr103cyb2yii", "25-0000395")	140002	Pembelian Material	Darell Karya	Darrel Karya - Makan di Hilinc Resto, 5 Nov 2025	168000	0
cmtuxitsk02ypvr104cnhfvvi	11 Nov 25	=HYPERLINK("http://localhost:3000/vouchers/cmtuxitsc02yhvr103cyb2yii", "25-0000395")	100101	Bank BCA 4972579789	Darell Karya	Darrel Karya - Hotel Mas Rizky, 6 Nov 2025	250000	0
cmtuxitsm02yrvr10jbx15ncv	12 Nov 25	=HYPERLINK("http://localhost:3000/vouchers/cmtuxitsc02yhvr103cyb2yii", "25-0000395")	150003	Jasa Custom Clearance/Dokumen	Darell Karya	Darrel Karya - Belanja di Family Mart, 7 Nov 2025	91000	0
cmtuxitsn02ytvr10hxibdn5p	12 Nov 25	=HYPERLINK("http://localhost:3000/vouchers/cmtuxitsc02yhvr103cyb2yii", "25-0000395")	150003	Jasa Custom Clearance/Dokumen	Darell Karya	Darrel Karya - Perjalanan Dinas Surabaya dan Pasuruan	0	1288000
cmtuxitss02yxvr1019u81iyu	12 Nov 25	=HYPERLINK("http://localhost:3000/vouchers/cmtuxitsp02yvvr10mfgalikw", "25-0000396")	220000	PPN Keluaran	PT. Tera Forwarders Indonesia	Agus Budiono Kuntjoro - Biaya Material Kedung Adem	700000	0
cmtuxitsu02yzvr10oylmco7c	12 Nov 25	=HYPERLINK("http://localhost:3000/vouchers/cmtuxitsp02yvvr10mfgalikw", "25-0000396")	220002	Hutang Pph23	PT. Tera Forwarders Indonesia	Agus Budiono Kuntjoro - Biaya Material Kerek	1291000	0
cmtuxitsv02z1vr10t88zgpra	12 Nov 25	=HYPERLINK("http://localhost:3000/vouchers/cmtuxitsp02yvvr10mfgalikw", "25-0000396")	100101	Bank BCA 4972579789	PT. Tera Forwarders Indonesia	Agus Budiono Kuntjoro - Biaya Material Kedung Adem dan Kerek	0	1991000
cmtuxitsz02z5vr1006rf8prp	12 Nov 25	=HYPERLINK("http://localhost:3000/vouchers/cmtuxitsx02z3vr101reu5ftz", "25-0000397")	140003	Reimbursment / Debit Note Biaya Pelabuhan	PT. Tera Forwarders Indonesia	PT Tera Forwarders Indonesia - Jasa Pengurusan Dokumen Modular 10 Titik (Purworejo, Wonosobo dan Bojonegoro)	13750000	0
cmtuxitt102z7vr10rfpednru	12 Nov 25	=HYPERLINK("http://localhost:3000/vouchers/cmtuxitsx02z3vr101reu5ftz", "25-0000397")	220000	PPN Keluaran	PT. Tera Forwarders Indonesia	PT Tera Forwarders Indonesia - Jasa Customer Clearance Modular 10 Titik (Purworejo, Wonosobo dan Bojonegoro)	51600000	0
cmtuxitt302z9vr10uq10vkjq	12 Nov 25	=HYPERLINK("http://localhost:3000/vouchers/cmtuxitsx02z3vr101reu5ftz", "25-0000397")	220000	PPN Keluaran	PT. Tera Forwarders Indonesia	PT Tera Forwarders Indonesia - Jasa Angkut dan Pengurusan Dokumen Modular 10 Titik (Purworejo, Wonosobo dan Bojonegoro)	718850	0
cmtuxitt502zbvr10jf8qvlhb	13 Nov 25	=HYPERLINK("http://localhost:3000/vouchers/cmtuxitsx02z3vr101reu5ftz", "25-0000397")	220000	PPN Keluaran	PT. Tera Forwarders Indonesia	PT Tera Forwarders Indonesia - Jasa Angkut dan Pengurusan Dokumen Modular 10 Titik (Purworejo, Wonosobo dan Bojonegoro)	0	1307000
cmtuxitt602zdvr10b7tpksnq	12 Nov 25	=HYPERLINK("http://localhost:3000/vouchers/cmtuxitsx02z3vr101reu5ftz", "25-0000397")	100101	Bank BCA 4972579789	PT. Tera Forwarders Indonesia	PT Tera Forwarders Indonesia - Jasa Angkut dan Pengurusan Dokumen Modular 10 Titik (Purworejo, Wonosobo dan Bojonegoro)	0	64761850
cmtuxitta02zhvr10j3ypjj0q	12 Nov 25	=HYPERLINK("http://localhost:3000/vouchers/cmtuxitt802zfvr10uo6qd0yh", "25-0000398")	999999	Lain Lain	Marcellino Christian	PT Tera Forwarders Indonesia - DN/Biaya Pelabuhan Modular 10 Titik (Purworejo, Wonosobo dan Bojonegoro)	41272830	0
cmtuxittc02zjvr10mnjk1l52	12 Nov 25	=HYPERLINK("http://localhost:3000/vouchers/cmtuxitt802zfvr10uo6qd0yh", "25-0000398")	100101	Bank BCA 4972579789	Marcellino Christian	PT Tera Forwarders Indonesia - DN/Biaya Pelabuhan Modular 10 Titik (Purworejo, Wonosobo dan Bojonegoro)	659318	0
cmtuxitte02zlvr10zygdozsa	13 Nov 25	=HYPERLINK("http://localhost:3000/vouchers/cmtuxitt802zfvr10uo6qd0yh", "25-0000398")	100101	Bank BCA 4972579789	Marcellino Christian	PT Tera Forwarders Indonesia - DN/Biaya Pelabuhan Modular 10 Titik (Purworejo, Wonosobo dan Bojonegoro)	825982	0
cmtuxitth02zpvr10ilbt60o3	13 Nov 25	=HYPERLINK("http://localhost:3000/vouchers/cmtuxittf02znvr1036bny369", "25-0000399")	180000	Pinjaman Karyawan Johan Hariyanto	Johan Hariyanto	PT Tera Forwarders Indonesia - DN/Biaya Pelabuhan Modular 10 Titik (Purworejo, Wonosobo dan Bojonegoro)	319000	0
cmtuxittl02ztvr10fjf9g0g8	13 Nov 25	=HYPERLINK("http://localhost:3000/vouchers/cmtuxittj02zrvr10ahr0x167", "25-0000400")	190001	Aset Tetap Inventaris Kantor	David Karya	PT Tera Forwarders Indonesia - DN/Biaya Pelabuhan Modular 10 Titik (Purworejo, Wonosobo dan Bojonegoro)	0	43077130
cmtuxittp02zxvr10de91sdvw	13 Nov 25	=HYPERLINK("http://localhost:3000/vouchers/cmtuxittn02zvvr10e92st73e", "25-0000401")	600100	Keperluan Dapur	David Karya	Listik Kantor Bulan November 2025	1003000	0
cmtuxittq02zzvr10yu5nzypi	13 Nov 25	=HYPERLINK("http://localhost:3000/vouchers/cmtuxittn02zvvr10e92st73e", "25-0000401")	100002	Kas Besar	David Karya	Listik Kantor Bulan November 2025	0	1003000
cmtuxittu0303vr10o5gli6ny	13 Nov 25	=HYPERLINK("http://localhost:3000/vouchers/cmtuxitts0301vr10ibctuspi", "25-0000402")	100102	Bank Mandiri 1640007306519	PT. Prima Mira Bersama ( Mandiri )	Pinjaman Karyawan	200000000	0
cmtuxittw0305vr109jmfgh9a	13 Nov 25	=HYPERLINK("http://localhost:3000/vouchers/cmtuxitts0301vr10ibctuspi", "25-0000402")	100002	Kas Besar	PT. Prima Mira Bersama ( Mandiri )	Pinjaman Karyawan	0	200000000
cmtuxitu00309vr10x66p3p0h	13 Nov 25	=HYPERLINK("http://localhost:3000/vouchers/cmtuxitty0307vr10nw2y3mx7", "25-0000403")	181099	Piutang Lain-lain	Daffa Earin Alghazali	Pembelian Mesin Kopi Nesspreso	1499500	0
cmtuxitu2030bvr101eb39a55	13 Nov 25	=HYPERLINK("http://localhost:3000/vouchers/cmtuxitty0307vr10nw2y3mx7", "25-0000403")	181099	Piutang Lain-lain	Daffa Earin Alghazali	Pembelian Kopi Nesspreso (15 pack)	1990000	0
cmtuxitu3030dvr10p2ff0fou	13 Nov 25	=HYPERLINK("http://localhost:3000/vouchers/cmtuxitty0307vr10nw2y3mx7", "25-0000403")	181099	Piutang Lain-lain	Daffa Earin Alghazali	Pembelian Mesin dan Kopi Nesspreso	0	3489500
cmtuxitu7030hvr10sqphv4ai	13 Nov 25	=HYPERLINK("http://localhost:3000/vouchers/cmtuxitu5030fvr10nmmrfwg9", "25-0000404")	181099	Piutang Lain-lain	Daffa Earin Alghazali	Setoran Awal Rekening Mandiri PT PMB	5000000	0
cmtuxitu9030jvr100m4ufd3r	13 Nov 25	=HYPERLINK("http://localhost:3000/vouchers/cmtuxitu5030fvr10nmmrfwg9", "25-0000404")	181099	Piutang Lain-lain	Daffa Earin Alghazali	Setoran Awal Rekening Mandiri PT PMB	0	5000000
cmtuxituc030nvr10h2iivs4n	13 Nov 25	=HYPERLINK("http://localhost:3000/vouchers/cmtuxitua030lvr100l2syshk", "25-0000405")	181099	Piutang Lain-lain	Daffa Earin Alghazali	Daffa & Ari - Air Mineral dan Pewangi Mobil	68000	0
cmtuxituf030pvr1013ci5vf0	13 Nov 25	=HYPERLINK("http://localhost:3000/vouchers/cmtuxitua030lvr100l2syshk", "25-0000405")	181099	Piutang Lain-lain	Daffa Earin Alghazali	Daffa & Ari - Tol BSD Timur 1	6000	0
cmtuxitug030rvr10gdufz5gp	13 Nov 25	=HYPERLINK("http://localhost:3000/vouchers/cmtuxitua030lvr100l2syshk", "25-0000405")	181099	Piutang Lain-lain	Daffa Earin Alghazali	Daffa & Ari - Tol Serpong 6	9500	0
cmtuxitui030tvr103i74ivjr	13 Nov 25	=HYPERLINK("http://localhost:3000/vouchers/cmtuxitua030lvr100l2syshk", "25-0000405")	181099	Piutang Lain-lain	Daffa Earin Alghazali	Daffa & Ari - Tol Lino Utama 1	33500	0
cmtuxituk030vvr102bgm24q9	13 Nov 25	=HYPERLINK("http://localhost:3000/vouchers/cmtuxitua030lvr100l2syshk", "25-0000405")	181099	Piutang Lain-lain	Daffa Earin Alghazali	Daffa & Ari - Bensin Mobil SPBU H.Asmawi Desa Beji	434400	0
cmtuxitul030xvr10fapbaj1i	13 Nov 25	=HYPERLINK("http://localhost:3000/vouchers/cmtuxitua030lvr100l2syshk", "25-0000405")	181099	Piutang Lain-lain	Daffa Earin Alghazali	Daffa & Ari - Tol Jatikarya Utama 1	5500	0
cmtuxitun030zvr10e1b0n57z	13 Nov 25	=HYPERLINK("http://localhost:3000/vouchers/cmtuxitua030lvr100l2syshk", "25-0000405")	181099	Piutang Lain-lain	Daffa Earin Alghazali	Daffa & Ari - Tol Kukusan 1	15000	0
cmtuxitup0311vr10m5qwhs5w	13 Nov 25	=HYPERLINK("http://localhost:3000/vouchers/cmtuxitua030lvr100l2syshk", "25-0000405")	181099	Piutang Lain-lain	Daffa Earin Alghazali	Daffa & Ari - Tol Cibitung 6	48500	0
cmtuxitur0313vr10oc89prgq	13 Nov 25	=HYPERLINK("http://localhost:3000/vouchers/cmtuxitua030lvr100l2syshk", "25-0000405")	181099	Piutang Lain-lain	Daffa Earin Alghazali	Daffa & Ari - Makan siang di KFC Cikampek	307500	0
cmtuxitus0315vr10kzo2xvf8	13 Nov 25	=HYPERLINK("http://localhost:3000/vouchers/cmtuxitua030lvr100l2syshk", "25-0000405")	181099	Piutang Lain-lain	Daffa Earin Alghazali	Daffa & Ari - Tol Cikampek Utama	27000	0
cmtuxituu0317vr10iii0pdd4	13 Nov 25	=HYPERLINK("http://localhost:3000/vouchers/cmtuxitua030lvr100l2syshk", "25-0000405")	181099	Piutang Lain-lain	Daffa Earin Alghazali	Daffa & Ari - Light Cracket SLID 2 @RP.8000	16000	0
cmtuxituw0319vr105gsvvom1	13 Nov 25	=HYPERLINK("http://localhost:3000/vouchers/cmtuxitua030lvr100l2syshk", "25-0000405")	181099	Piutang Lain-lain	Daffa Earin Alghazali	Daffa & Ari - Belanja Alfamart Rest Area Tol Pejagan	96500	0
cmtuxitux031bvr101zcoa913	13 Nov 25	=HYPERLINK("http://localhost:3000/vouchers/cmtuxitua030lvr100l2syshk", "25-0000405")	181099	Piutang Lain-lain	Daffa Earin Alghazali	Daffa & Ari - Tol Kalikangkung	413500	0
cmtuxituz031dvr103l49w88n	13 Nov 25	=HYPERLINK("http://localhost:3000/vouchers/cmtuxitua030lvr100l2syshk", "25-0000405")	181099	Piutang Lain-lain	Daffa Earin Alghazali	Daffa & Ari - Makan Malam	340000	0
cmtuxitv1031fvr10tst73fj1	13 Nov 25	=HYPERLINK("http://localhost:3000/vouchers/cmtuxitua030lvr100l2syshk", "25-0000405")	181099	Piutang Lain-lain	Daffa Earin Alghazali	Daffa & Ari - Bensin Mobil SPBU Rest Area KM 519 Sragen	399000	0
cmtuxitv3031hvr10u1omuapb	13 Nov 25	=HYPERLINK("http://localhost:3000/vouchers/cmtuxitua030lvr100l2syshk", "25-0000405")	181099	Piutang Lain-lain	Daffa Earin Alghazali	Daffa & Ari - Belanja Alfamart Raya Ponco Bojonegoro	74000	0
cmtuxitv5031jvr10umkkpols	13 Nov 25	=HYPERLINK("http://localhost:3000/vouchers/cmtuxitua030lvr100l2syshk", "25-0000405")	181099	Piutang Lain-lain	Daffa Earin Alghazali	Daffa & Ari - Belanja Air Mineral	63500	0
cmtuxitv6031lvr10mhz3nzwq	13 Nov 25	=HYPERLINK("http://localhost:3000/vouchers/cmtuxitua030lvr100l2syshk", "25-0000405")	181099	Piutang Lain-lain	Daffa Earin Alghazali	Daffa & Ari - Tol Ngawi	217000	0
cmtuxitv8031nvr107vj1e08q	13 Nov 25	=HYPERLINK("http://localhost:3000/vouchers/cmtuxitua030lvr100l2syshk", "25-0000405")	181099	Piutang Lain-lain	Daffa Earin Alghazali	Daffa & Ari - Makan Siang di Ayam Geprek SAI	160000	0
cmtuxitva031pvr10sif46bcu	13 Nov 25	=HYPERLINK("http://localhost:3000/vouchers/cmtuxitua030lvr100l2syshk", "25-0000405")	160000	Biaya Dibayar Dimuka Perjalanan Dinas	Daffa Earin Alghazali	Daffa & Ari - Biaya Bensin, Tol, dan Entertaintment	0	2734400
cmtuxitvd031tvr10fl0maxar	13 Nov 25	=HYPERLINK("http://localhost:3000/vouchers/cmtuxitvc031rvr10se1w9k2y", "25-0000406")	160000	Biaya Dibayar Dimuka Perjalanan Dinas	Daffa Earin Alghazali	Daffa & Ari - Pemakaian E-money untuk Toll	178800	0
cmtuxitvf031vvr10hbnur1tw	13 Nov 25	=HYPERLINK("http://localhost:3000/vouchers/cmtuxitvc031rvr10se1w9k2y", "25-0000406")	181099	Piutang Lain-lain	Daffa Earin Alghazali	Daffa & Ari - Bensin Mobil SPBU Jaraksa	342900	0
cmtuxitvh031xvr10jua9zo31	13 Nov 25	=HYPERLINK("http://localhost:3000/vouchers/cmtuxitvc031rvr10se1w9k2y", "25-0000406")	181099	Piutang Lain-lain	Daffa Earin Alghazali	Daffa & Ari - Bensin Mobil SPBU Tol Cipali	300000	0
cmtuxitvj031zvr10xwpfm50k	13 Nov 25	=HYPERLINK("http://localhost:3000/vouchers/cmtuxitvc031rvr10se1w9k2y", "25-0000406")	181099	Piutang Lain-lain	Daffa Earin Alghazali	Daffa & Ari - Tol Cikampek Utama 2	381500	0
cmtuxitvl0321vr10y4rot962	13 Nov 25	=HYPERLINK("http://localhost:3000/vouchers/cmtuxitvc031rvr10se1w9k2y", "25-0000406")	181099	Piutang Lain-lain	Daffa Earin Alghazali	Daffa & Ari - Tol Cikunir 6	17000	0
cmtuxitvn0323vr1045nrsjuf	13 Nov 25	=HYPERLINK("http://localhost:3000/vouchers/cmtuxitvc031rvr10se1w9k2y", "25-0000406")	181099	Piutang Lain-lain	Daffa Earin Alghazali	Daffa & Ari - Tol Sawangan 4	13500	0
cmtuxitvo0325vr10wl8skh7g	13 Nov 25	=HYPERLINK("http://localhost:3000/vouchers/cmtuxitvc031rvr10se1w9k2y", "25-0000406")	181099	Piutang Lain-lain	Daffa Earin Alghazali	Daffa & Ari - Tol Sawangan 1	13500	0
cmtuxitvq0327vr10fnn8vrox	13 Nov 25	=HYPERLINK("http://localhost:3000/vouchers/cmtuxitvc031rvr10se1w9k2y", "25-0000406")	181099	Piutang Lain-lain	Daffa Earin Alghazali	Daffa & Ari - Tol BSD	6000	0
cmtuxitvr0329vr10iyropx9p	13 Nov 25	=HYPERLINK("http://localhost:3000/vouchers/cmtuxitvc031rvr10se1w9k2y", "25-0000406")	181099	Piutang Lain-lain	Daffa Earin Alghazali	Daffa & Ari - Tol PD Ranji	9500	0
cmtuxitvt032bvr10t286ng1a	13 Nov 25	=HYPERLINK("http://localhost:3000/vouchers/cmtuxitvc031rvr10se1w9k2y", "25-0000406")	181099	Piutang Lain-lain	Daffa Earin Alghazali	Daffa & Ari - Cuci Mobil di Wonosobo	50000	0
cmtuxitvv032dvr1063lsg566	13 Nov 25	=HYPERLINK("http://localhost:3000/vouchers/cmtuxitvc031rvr10se1w9k2y", "25-0000406")	160000	Biaya Dibayar Dimuka Perjalanan Dinas	Daffa Earin Alghazali	Daffa & Ari - Biaya Bensin, Tol Kendaraan	0	1312700
cmtuxitvy032hvr1017i26uvt	13 Nov 25	=HYPERLINK("http://localhost:3000/vouchers/cmtuxitvx032fvr10zbxhc6ut", "25-0000407")	100000	Kas	Daffa Earin Alghazali	Daffa & Ari - Pengembalian Cash Advance	952900	0
cmtuxitw0032jvr1078i54uyc	13 Nov 25	=HYPERLINK("http://localhost:3000/vouchers/cmtuxitvx032fvr10zbxhc6ut", "25-0000407")	160000	Biaya Dibayar Dimuka Perjalanan Dinas	Daffa Earin Alghazali	Daffa & Ari - Pengembalian Cash Advance	0	952900
cmtuxitw4032nvr10yy188qq3	14 Nov 25	=HYPERLINK("http://localhost:3000/vouchers/cmtuxitw2032lvr10ycerb933", "25-0000408")	181099	Piutang Lain-lain	Dwi Prayogo	Dwi Prayogo - Cash Advance Bojonegoro dan Tuban (Dander, Kapas, Kedungadem, Kerek, Parengan, Merakurak)	100000000	0
cmtuxitw6032pvr100baqymck	14 Nov 25	=HYPERLINK("http://localhost:3000/vouchers/cmtuxitw2032lvr10ycerb933", "25-0000408")	240000	Biaya Yang Masih Harus Di Bayar Pak David	Dwi Prayogo	Dwi Prayogo - Cash Advance Bojonegoro dan Tuban (Dander, Kapas, Kedungadem, Kerek, Parengan, Merakurak)	0	100000000
cmtuxitw9032tvr100e2d85s2	14 Nov 25	=HYPERLINK("http://localhost:3000/vouchers/cmtuxitw8032rvr108mnqb0x3", "25-0000409")	140001	Pembelian Listrik	PT. Pionir Elektrik Indonesia	PT Pionir Elektrik Indonesia - Pelunasan Material Listrik Purworejo 8 Paket INV/797/PEI/NOV/25	62932044	0
cmtuxitwb032vvr10sg2s182g	14 Nov 25	=HYPERLINK("http://localhost:3000/vouchers/cmtuxitw8032rvr108mnqb0x3", "25-0000409")	220000	PPN Keluaran	PT. Pionir Elektrik Indonesia	PT Pionir Elektrik Indonesia - Pelunasan Material Listrik Purworejo 8 Paket INV/797/PEI/NOV/25	6922525	0
cmtuxitwd032xvr10fdghritn	14 Nov 25	=HYPERLINK("http://localhost:3000/vouchers/cmtuxitw8032rvr108mnqb0x3", "25-0000409")	100101	Bank BCA 4972579789	PT. Pionir Elektrik Indonesia	PT Pionir Elektrik Indonesia - Pelunasan Material Listrik Purworejo 8 Paket INV/797/PEI/NOV/25	0	69854569
cmtuxitwg0331vr10k63hga3t	14 Nov 25	=HYPERLINK("http://localhost:3000/vouchers/cmtuxitwf032zvr101tyuqkl1", "25-0000410")	130000	Pembelian Barang dagangan Modular	Melisa Kartikasari	Melisa Kartikasari - Pembayaran Ke 3 Ongkos Pasang Modular di Kalimendong Leksono -Wonosobo	25000000	0
cmtuxitwk0335vr104y1pfcpv	14 Nov 25	=HYPERLINK("http://localhost:3000/vouchers/cmtuxitwi0333vr10awjtnqun", "25-0000411")	130000	Pembelian Barang dagangan Modular	Melisa Kartikasari	Melisa Kartikasari - Pembayaran Ke 3 Ongkos Pasang Modular di Wonoroto Watumalang - Wonosobo	25000000	0
cmtuxitwo0339vr10dvz0o7a3	14 Nov 25	=HYPERLINK("http://localhost:3000/vouchers/cmtuxitwm0337vr10nnwz25aj", "25-0000412")	130000	Pembelian Barang dagangan Modular	Melisa Kartikasari	Melisa Kartikasari - Pembayaran Ke 3 Ongkos Pasang Modular Sukorharjo Sukoharjo - Wonosobo	25000000	0
cmtuxitws033dvr10jdktp7xw	14 Nov 25	=HYPERLINK("http://localhost:3000/vouchers/cmtuxitwq033bvr10x8gs15h9", "25-0000413")	130000	Pembelian Barang dagangan Modular	Melisa Kartikasari	Melisa Kartikasari - Pembayaran Ke 3 Ongkos Pasang Modular Rojoimo Wonosobo - Wonosobo	25000000	0
cmtuxitwv033hvr10sjmwy38e	14 Nov 25	=HYPERLINK("http://localhost:3000/vouchers/cmtuxitwt033fvr10wl6wia3o", "25-0000414")	220001	Hutang Pph21	Melisa Kartikasari	Melisa Kartikasari - Pembayaran Ke 3 Ongkos Pasang Modular (Kalimendong Leksono, Wonoroto Watumalang, Sukorharjo Sukoharjo, Rojoimo Wonosobo) - Wonosobo	0	2500000
cmtuxitwx033jvr10xx2lkye4	14 Nov 25	=HYPERLINK("http://localhost:3000/vouchers/cmtuxitwt033fvr10wl6wia3o", "25-0000414")	100101	Bank BCA 4972579789	Melisa Kartikasari	Melisa Kartikasari - Pembayaran Ke 3 Ongkos Pasang Modular (Kalimendong Leksono, Wonoroto Watumalang, Sukorharjo Sukoharjo, Rojoimo Wonosobo) - Wonosobo	0	97500000
cmtuxitx2033nvr10yszobp86	14 Nov 25	=HYPERLINK("http://localhost:3000/vouchers/cmtuxitwz033lvr10v8b8dja8", "25-0000415")	150000	Ongkos Pasang Modular	Adjustment	Udraji Gunawan - Ongkos Pasang Modular di Sukoharjo	80000000	0
cmtuxitx4033pvr10fbcp1grj	14 Nov 25	=HYPERLINK("http://localhost:3000/vouchers/cmtuxitwz033lvr10v8b8dja8", "25-0000415")	130000	Pembelian Barang dagangan Modular	Adjustment	Melisa Kartikasari (Udraji Gunawan) - DP Pemasangan Modular Sukoharjo	0	25000000
cmtuxitx5033rvr101mubry0r	14 Nov 25	=HYPERLINK("http://localhost:3000/vouchers/cmtuxitwz033lvr10v8b8dja8", "25-0000415")	130000	Pembelian Barang dagangan Modular	Adjustment	Udraji Gunawan - Pembayaran Ke 2 Pemasangan Modular di Sukoharjo Wonosobo	0	25000000
cmtuxitx7033tvr10gfvmsfcb	14 Nov 25	=HYPERLINK("http://localhost:3000/vouchers/cmtuxitwz033lvr10v8b8dja8", "25-0000415")	130000	Pembelian Barang dagangan Modular	Adjustment	Melisa Kartikasari - Pembayaran Ke 3 Ongkos Pasang Modular Sukorharjo Sukoharjo - Wonosobo	0	25000000
cmtuxitx9033vvr10map5dz3z	14 Nov 25	=HYPERLINK("http://localhost:3000/vouchers/cmtuxitwz033lvr10v8b8dja8", "25-0000415")	210007	Hutang Dagang Ongkos Pasang Modular dan material (Ricky/Udraji/Melisa/PT Anugrah Gabung Berdikari Utama)	Adjustment	Udraji Gunawan - Pelunasan Ongkos Pasang Moludar di Sukoharjo - Wonosobo	0	5000000
cmtuxitxd033zvr10y4pzf7of	14 Nov 25	=HYPERLINK("http://localhost:3000/vouchers/cmtuxitxb033xvr10aizbdfv3", "25-0000416")	150000	Ongkos Pasang Modular	Adjustment	Udraji Gunawan - Ongkos Pasang Modular di Watumalang Wonoroto - Wonosobo	80000000	0
cmtuxitxf0341vr10rgacag2t	14 Nov 25	=HYPERLINK("http://localhost:3000/vouchers/cmtuxitxb033xvr10aizbdfv3", "25-0000416")	130000	Pembelian Barang dagangan Modular	Adjustment	Melisa Kartikasari (Udraji Gunawan) - DP Pemasangan Modular Watumalang Wonoroto - Wonosobo	0	25000000
cmtuxitxh0343vr107s7047l9	14 Nov 25	=HYPERLINK("http://localhost:3000/vouchers/cmtuxitxb033xvr10aizbdfv3", "25-0000416")	130000	Pembelian Barang dagangan Modular	Adjustment	Udraji Gunawan - Pembayaran Ke 2 Pemasangan Modular di Watumalang Wonoroto - Wonosobo	0	25000000
cmtuxitxj0345vr10530t1508	14 Nov 25	=HYPERLINK("http://localhost:3000/vouchers/cmtuxitxb033xvr10aizbdfv3", "25-0000416")	130000	Pembelian Barang dagangan Modular	Adjustment	Melisa Kartikasari - Pembayaran Ke 3 Ongkos Pasang Modular Watumalang Wonoroto - Wonosobo	0	25000000
cmtuxitxk0347vr10l9774mz6	14 Nov 25	=HYPERLINK("http://localhost:3000/vouchers/cmtuxitxb033xvr10aizbdfv3", "25-0000416")	210007	Hutang Dagang Ongkos Pasang Modular dan material (Ricky/Udraji/Melisa/PT Anugrah Gabung Berdikari Utama)	Adjustment	Udraji Gunawan - Pelunasan Ongkos Pasang Moludar di Watumalang Wonoroto - Wonosobo	0	5000000
cmtuxitxo034bvr10bb8g363s	17 Nov 25	=HYPERLINK("http://localhost:3000/vouchers/cmtuxitxm0349vr100u48g03j", "25-0000417")	100101	Bank BCA 4972579789	PT. Prima Mira Bersama ( BCA )	Udraji Gunawan - Ongkos Pasang Modular di Kalimendong Leksono -Wonosobo	80000000	0
cmtuxitxq034dvr10myxwmer5	17 Nov 25	=HYPERLINK("http://localhost:3000/vouchers/cmtuxitxm0349vr100u48g03j", "25-0000417")	230000	Hutang Pemegang Saham William Ong	PT. Prima Mira Bersama ( BCA )	Melisa Kartikasari (Udraji Gunawan) - DP Pemasangan Modular Kalimendong Leksono -Wonosobo	0	25000000
cmtuxitxr034fvr10t97fiesx	17 Nov 25	=HYPERLINK("http://localhost:3000/vouchers/cmtuxitxm0349vr100u48g03j", "25-0000417")	150005	Biaya Langsir, Jaga Malam, ongkos bongkar	PT. Prima Mira Bersama ( BCA )	Udraji Gunawan - Pembayaran Ke 2 Pemasangan Modular di Kalimendong Leksono -Wonosobo	0	25000000
cmtuxitxt034hvr10jziqg2ap	17 Nov 25	=HYPERLINK("http://localhost:3000/vouchers/cmtuxitxm0349vr100u48g03j", "25-0000417")	100101	Bank BCA 4972579789	PT. Prima Mira Bersama ( BCA )	Melisa Kartikasari - Pembayaran Ke 3 Ongkos Pasang Modular Kalimendong Leksono -Wonosobo	0	25000000
cmtuxitxv034jvr1031dm2dq3	17 Nov 25	=HYPERLINK("http://localhost:3000/vouchers/cmtuxitxm0349vr100u48g03j", "25-0000417")	600017	Beban Pajak	PT. Prima Mira Bersama ( BCA )	Udraji Gunawan - Pelunasan Ongkos Pasang Moludar di Kalimendong Leksono -Wonosobo	0	5000000
cmtuxitxy034nvr10hi97e4lk	17 Nov 25	=HYPERLINK("http://localhost:3000/vouchers/cmtuxitxx034lvr109w1nzwra", "25-0000418")	220001	Hutang Pph21	Surya Atmadjaya	Pinjaman dari William Ong	500000000	0
cmtuxity0034pvr10jgnaz12a	17 Nov 25	=HYPERLINK("http://localhost:3000/vouchers/cmtuxitxx034lvr109w1nzwra", "25-0000418")	181099	Piutang Lain-lain	Surya Atmadjaya	Pinjaman dari William Ong	0	500000000
cmtuxity4034tvr10aupv27kf	17 Nov 25	=HYPERLINK("http://localhost:3000/vouchers/cmtuxity2034rvr10yyc2f29n", "25-0000419")	100101	Bank BCA 4972579789	Surya Atmadjaya	Surya Atmadjaya - Reimburse Biaya Langsir Bongkar Kontainer Modular (3 Titik Ponorogo dan 6 Titik Banyuwangi)	22710000	0
cmtuxity5034vvr10z94gyvww	17 Nov 25	=HYPERLINK("http://localhost:3000/vouchers/cmtuxity2034rvr10yyc2f29n", "25-0000419")	181099	Piutang Lain-lain	Surya Atmadjaya	Surya Atmadjaya - Reimburse Biaya Langsir Bongkar Kontainer Modular (3 Titik Ponorogo dan 6 Titik Banyuwangi)	0	22710000
cmtuxity7034xvr10or5vyq43	17 Nov 25	=HYPERLINK("http://localhost:3000/vouchers/cmtuxity2034rvr10yyc2f29n", "25-0000419")	100101	Bank BCA 4972579789	Surya Atmadjaya	Surya Atmadjaya - Reimburse Biaya Langsir Bongkar Kontainer Modular (3 Titik Ponorogo dan 6 Titik Banyuwangi)	567750	0
cmtuxity8034zvr10izs8akpn	17 Nov 25	=HYPERLINK("http://localhost:3000/vouchers/cmtuxity2034rvr10yyc2f29n", "25-0000419")	150005	Biaya Langsir, Jaga Malam, ongkos bongkar	Surya Atmadjaya	Surya Atmadjaya - Reimburse Biaya Langsir Bongkar Kontainer Modular (3 Titik Ponorogo dan 6 Titik Banyuwangi)	0	567750
cmtuxityc0353vr10bdxa20kf	17 Nov 25	=HYPERLINK("http://localhost:3000/vouchers/cmtuxityb0351vr10c7kszp2w", "25-0000420")	150005	Biaya Langsir, Jaga Malam, ongkos bongkar	Udraji Gunawan	Surya Atmadjaya - Reimburse Pembelian Material Listrik (Kalirejo 1&2 - Pasuruan)	6453000	0
cmtuxitye0355vr107y3azlhy	17 Nov 25	=HYPERLINK("http://localhost:3000/vouchers/cmtuxityb0351vr10c7kszp2w", "25-0000420")	150005	Biaya Langsir, Jaga Malam, ongkos bongkar	Udraji Gunawan	Surya Atmadjaya - Reimburse Pembelian Material Listrik (Kalirejo 1&2 - Pasuruan)	0	6453000
cmtuxityh0359vr10jvkb0xbc	17 Nov 25	=HYPERLINK("http://localhost:3000/vouchers/cmtuxityg0357vr10dioi408n", "25-0000421")	150005	Biaya Langsir, Jaga Malam, ongkos bongkar	Udraji Gunawan	Surya Atmadjaya - Reimburse Pembelian Plastik COR (Grogol Sawo-Ponorogo)	1250000	0
cmtuxityj035bvr1019actycj	17 Nov 25	=HYPERLINK("http://localhost:3000/vouchers/cmtuxityg0357vr10dioi408n", "25-0000421")	150005	Biaya Langsir, Jaga Malam, ongkos bongkar	Udraji Gunawan	Surya Atmadjaya - Reimburse Pembelian Plastik COR (Grogol Sawo-Ponorogo)	0	1250000
cmtuxityn035fvr10rak33p9a	17 Nov 25	=HYPERLINK("http://localhost:3000/vouchers/cmtuxityl035dvr10mm8ok1ov", "25-0000422")	100101	Bank BCA 4972579789	Udraji Gunawan	Udraji Gunawan - BIaya Langsir Bongkar Kontainer Modular (7 Titik Wonosobo)	7090000	0
cmtuxityp035hvr10ibe0ct84	17 Nov 25	=HYPERLINK("http://localhost:3000/vouchers/cmtuxityl035dvr10mm8ok1ov", "25-0000422")	600017	Beban Pajak	Udraji Gunawan	Udraji Gunawan - BIaya Langsir Bongkar Kontainer Modular (2Titik Bojonegoro, 1 Titik Tuban)	6370000	0
cmtuxityr035jvr104oslhjpi	17 Nov 25	=HYPERLINK("http://localhost:3000/vouchers/cmtuxityl035dvr10mm8ok1ov", "25-0000422")	220001	Hutang Pph21	Udraji Gunawan	Udraji Gunawan - BIaya Langsir Bongkar Kontainer Modular (1 Titik Kendal)	6150000	0
cmtuxitys035lvr10r18w9cwu	17 Nov 25	=HYPERLINK("http://localhost:3000/vouchers/cmtuxityl035dvr10mm8ok1ov", "25-0000422")	999999	Lain Lain	Udraji Gunawan	Udraji Gunawan - BIaya Langsir Angkutan (3 Titik Pasuruan)	4500000	0
cmtuxityu035nvr10lh9nsti3	17 Nov 25	=HYPERLINK("http://localhost:3000/vouchers/cmtuxityl035dvr10mm8ok1ov", "25-0000422")	100000	Kas	Udraji Gunawan	Udraji Gunawan - BIaya Langsir Angkutan (1 Titik Bojonegoro Tuban)	450000	0
cmtuxityw035pvr10krmz4htd	18 Nov 25	=HYPERLINK("http://localhost:3000/vouchers/cmtuxityl035dvr10mm8ok1ov", "25-0000422")	150000	Ongkos Pasang Modular	Udraji Gunawan	Udraji Gunawan - BIaya Langsir Bongkar Kontainer Modular (7 titik Wonosobo, 2 titik Bojonegoro, 1 titik Tuban, 1 titik Kendal), Angkutan (3 titik Pasuruan, 1 titik Bojonegoro Tuban)	0	24560000
cmtuxityy035rvr10xf7pduvz	18 Nov 25	=HYPERLINK("http://localhost:3000/vouchers/cmtuxityl035dvr10mm8ok1ov", "25-0000422")	130000	Pembelian Barang dagangan Modular	Udraji Gunawan	Udraji Gunawan - BIaya Langsir Bongkar Kontainer Modular (7 titik Wonosobo, 2 titik Bojonegoro, 1 titik Tuban, 1 titik Kendal), Angkutan (3 titik Pasuruan, 1 titik Bojonegoro Tuban)	614000	0
cmtuxityz035tvr1031bq2if5	18 Dec 25	=HYPERLINK("http://localhost:3000/vouchers/cmtuxityl035dvr10mm8ok1ov", "25-0000422")	130000	Pembelian Barang dagangan Modular	Udraji Gunawan	Udraji Gunawan - BIaya Langsir Bongkar Kontainer Modular (7 titik Wonosobo, 2 titik Bojonegoro, 1 titik Tuban, 1 titik Kendal), Angkutan (3 titik Pasuruan, 1 titik Bojonegoro Tuban)	0	614000
cmtuxitz3035xvr10zhxb61yr	18 Nov 25	=HYPERLINK("http://localhost:3000/vouchers/cmtuxitz1035vvr10r15nayq7", "25-0000423")	210007	Hutang Dagang Ongkos Pasang Modular dan material (Ricky/Udraji/Melisa/PT Anugrah Gabung Berdikari Utama)	Adjustment	Marcello - Air Pam	232700	0
cmtuxitz5035zvr101fu9mw2m	18 Nov 25	=HYPERLINK("http://localhost:3000/vouchers/cmtuxitz1035vvr10r15nayq7", "25-0000423")	150000	Ongkos Pasang Modular	Adjustment	Marcello - Air Pam	0	232700
cmtuxitz90363vr109zvdzbdg	18 Nov 25	=HYPERLINK("http://localhost:3000/vouchers/cmtuxitz70361vr108m60wpdz", "25-0000424")	130000	Pembelian Barang dagangan Modular	Adjustment	Ricky Herdhany - Ongkos Pasang Modular, Butuh Langenrejo - Purworejo	80000000	0
cmtuxitza0365vr10jm990059	18 Dec 25	=HYPERLINK("http://localhost:3000/vouchers/cmtuxitz70361vr108m60wpdz", "25-0000424")	130000	Pembelian Barang dagangan Modular	Adjustment	Ricky Herdhany - DP Ongkos Pasang Modular, Butuh Langenrejo - Purworejo	0	25000000
cmtuxitze0369vr10h2kaljol	18 Nov 25	=HYPERLINK("http://localhost:3000/vouchers/cmtuxitzc0367vr10ortenpuv", "25-0000425")	210007	Hutang Dagang Ongkos Pasang Modular dan material (Ricky/Udraji/Melisa/PT Anugrah Gabung Berdikari Utama)	Adjustment	Ricky Herdhany - Pembayaran ke 2 Ongkos Pasang Modular di Butuh Langenrejo, Purworejo	0	50000000
cmtuxitzi036dvr10krm2kxi9	18 Nov 25	=HYPERLINK("http://localhost:3000/vouchers/cmtuxitzg036bvr107bv4rgfy", "25-0000426")	150000	Ongkos Pasang Modular	Adjustment	Ricky Herdhany - Ongkos Pasang Modular, Butuh Langenrejo - Purworejo	0	5000000
cmtuxitzl036hvr10llw1vm7n	18 Nov 25	=HYPERLINK("http://localhost:3000/vouchers/cmtuxitzj036fvr10zhxasi2x", "25-0000427")	130000	Pembelian Barang dagangan Modular	Adjustment	Ricky Herdhany - Ongkos Pasang Modular, Wadaslintang Erorejo - Purworejo	80000000	0
cmtuxitzn036jvr10iv5drn7q	18 Nov 25	=HYPERLINK("http://localhost:3000/vouchers/cmtuxitzj036fvr10zhxasi2x", "25-0000427")	130000	Pembelian Barang dagangan Modular	Adjustment	Ricky Herdhany - DP Ongkos Pasang Modular, Wadaslintang Erorejo - Purworejo	0	20000000
cmtuxitzr036nvr10ojh5j499	18 Nov 25	=HYPERLINK("http://localhost:3000/vouchers/cmtuxitzp036lvr10ouwzo2b9", "25-0000428")	130000	Pembelian Barang dagangan Modular	Adjustment	Ricky Herdhany - Pembayaran ke 2 Ongkos Pasang Modular di Erorejo, Wadaslintang, Wonosobo	0	55000000
cmtuxitzv036rvr104kp14cx8	18 Nov 25	=HYPERLINK("http://localhost:3000/vouchers/cmtuxitzt036pvr105c97d8fh", "25-0000429")	210007	Hutang Dagang Ongkos Pasang Modular dan material (Ricky/Udraji/Melisa/PT Anugrah Gabung Berdikari Utama)	Adjustment	Ricky Herdhany - Ongkos Pasang Modular, Wadaslintang Erorejo - Purworejo	0	5000000
cmtuxitzz036vvr1036g55ixv	18 Nov 25	=HYPERLINK("http://localhost:3000/vouchers/cmtuxitzx036tvr10uxo95zn1", "25-0000430")	150000	Ongkos Pasang Modular	Adjustment	Melisa/Udraji - Ongkos Pasang Modular, Rojoimo - Wonosobo	80000000	0
cmtuxiu00036xvr10engozl0m	18 Nov 25	=HYPERLINK("http://localhost:3000/vouchers/cmtuxitzx036tvr10uxo95zn1", "25-0000430")	130000	Pembelian Barang dagangan Modular	Adjustment	Melisa Kartikasari - DP Ongkos Pasang Modular, Rojoimo - Wonosobo	0	25000000
cmtuxiu03036zvr10ko0df4r3	18 Nov 25	=HYPERLINK("http://localhost:3000/vouchers/cmtuxitzx036tvr10uxo95zn1", "25-0000430")	130000	Pembelian Barang dagangan Modular	Adjustment	Udraji Gunawan - Pembayaran ke 2 Ongkos Pasang Modular, Rojoimo - Wonosobo	0	25000000
cmtuxiu070373vr1023ym10n1	18 Nov 25	=HYPERLINK("http://localhost:3000/vouchers/cmtuxiu060371vr109rwuyy6h", "25-0000431")	130000	Pembelian Barang dagangan Modular	Adjustment	Melisa Kartikasari - Pembayaran Ke 3 Ongkos Pasang Modular Rojoimo Wonosobo - Wonosobo	0	25000000
cmtuxiu0b0377vr10bpmxbvcb	18 Nov 25	=HYPERLINK("http://localhost:3000/vouchers/cmtuxiu0a0375vr10vwjqxaj6", "25-0000432")	130000	Pembelian Barang dagangan Modular	Adjustment	Melisa/Udraji - Ongkos Pasang Modular, Rojoimo - Wonosobo	0	5000000
cmtuxiu0f037bvr10sxxgnape	18 Nov 25	=HYPERLINK("http://localhost:3000/vouchers/cmtuxiu0d0379vr10aytp6ikl", "25-0000433")	210007	Hutang Dagang Ongkos Pasang Modular dan material (Ricky/Udraji/Melisa/PT Anugrah Gabung Berdikari Utama)	Adjustment	Udraji/Ricky - Ongkos Pasang Modular, Kapas 1 - Bojonegoro	80000000	0
cmtuxiu0h037dvr10btl44jsy	18 Nov 25	=HYPERLINK("http://localhost:3000/vouchers/cmtuxiu0d0379vr10aytp6ikl", "25-0000433")	150000	Ongkos Pasang Modular	Adjustment	Udraji Gunawan - DP Ongkos Pasang Modular, Kapas 1 Bojonegoro	0	25000000
cmtuxiu0j037fvr10fi9w7slk	18 Nov 25	=HYPERLINK("http://localhost:3000/vouchers/cmtuxiu0d0379vr10aytp6ikl", "25-0000433")	130000	Pembelian Barang dagangan Modular	Adjustment	Udraji Gunawan - Pembayaran ke 2 Ongkos Pasang Modular, Kapas 1 Bojonegoro	0	25000000
cmtuxiu0l037hvr10ec1i3ano	18 Nov 25	=HYPERLINK("http://localhost:3000/vouchers/cmtuxiu0d0379vr10aytp6ikl", "25-0000433")	130000	Pembelian Barang dagangan Modular	Adjustment	Ricky Herdhany - Pembayaran 3.1 Ongkos Pasang Modular, Kapas 1 Bojonegoro	0	15000000
cmtuxiu0n037jvr10jitn3k0a	18 Nov 25	=HYPERLINK("http://localhost:3000/vouchers/cmtuxiu0d0379vr10aytp6ikl", "25-0000433")	130000	Pembelian Barang dagangan Modular	Adjustment	Udraji Gunawan - Pembayaran 3.2 Ongkos Pasang Modular, Kapas 1 Bojonegoro	0	10000000
cmtuxiu0p037lvr10ok5mtt50	18 Nov 25	=HYPERLINK("http://localhost:3000/vouchers/cmtuxiu0d0379vr10aytp6ikl", "25-0000433")	130000	Pembelian Barang dagangan Modular	Adjustment	Udraji/Ricky - Ongkos Pasang Modular, Kapas 1 - Bojonegoro	0	5000000
cmtuxiu0s037pvr10obogec1t	18 Nov 25	=HYPERLINK("http://localhost:3000/vouchers/cmtuxiu0r037nvr10ahhr1n8c", "25-0000434")	210007	Hutang Dagang Ongkos Pasang Modular dan material (Ricky/Udraji/Melisa/PT Anugrah Gabung Berdikari Utama)	Adjustment	Udraji/Ricky - Ongkos Pasang Modular, Dander 1 - Bojonegoro	80000000	0
cmtuxiu0u037rvr10dr5wqtvo	18 Nov 25	=HYPERLINK("http://localhost:3000/vouchers/cmtuxiu0r037nvr10ahhr1n8c", "25-0000434")	150000	Ongkos Pasang Modular	Adjustment	Udraji Gunawan - DP Ongkos Pasang Modular, Dander 1 Bojonegoro	0	25000000
cmtuxiu0w037tvr10o7ewn9sq	18 Nov 25	=HYPERLINK("http://localhost:3000/vouchers/cmtuxiu0r037nvr10ahhr1n8c", "25-0000434")	130000	Pembelian Barang dagangan Modular	Adjustment	Udraji Gunawan - Pembayaran ke 2 Ongkos Pasang Modular, Dander 1 Bojonegoro	0	25000000
cmtuxiu0y037vvr109623mbf2	18 Nov 25	=HYPERLINK("http://localhost:3000/vouchers/cmtuxiu0r037nvr10ahhr1n8c", "25-0000434")	130000	Pembelian Barang dagangan Modular	Adjustment	Ricky Herdhany - Pembayaran 3.1 Ongkos Pasang Modular, Dander 1 Bojonegoro	0	15000000
cmtuxiu0z037xvr101ca659pe	18 Nov 25	=HYPERLINK("http://localhost:3000/vouchers/cmtuxiu0r037nvr10ahhr1n8c", "25-0000434")	130000	Pembelian Barang dagangan Modular	Adjustment	Udraji Gunawan - Pembayaran 3.2 Ongkos Pasang Modular, Dander 1 Bojonegoro	0	10000000
cmtuxiu11037zvr10p46i8bvu	18 Nov 25	=HYPERLINK("http://localhost:3000/vouchers/cmtuxiu0r037nvr10ahhr1n8c", "25-0000434")	130000	Pembelian Barang dagangan Modular	Adjustment	Udraji/Ricky - Ongkos Pasang Modular, Dander 1 - Bojonegoro	0	5000000
cmtuxiu150383vr10h7kc24ql	18 Nov 25	=HYPERLINK("http://localhost:3000/vouchers/cmtuxiu130381vr10zindclhc", "25-0000435")	210007	Hutang Dagang Ongkos Pasang Modular dan material (Ricky/Udraji/Melisa/PT Anugrah Gabung Berdikari Utama)	Adjustment	Udraji/Ricky - Ongkos Pasang Modular, Dander 2 - Bojonegoro	80000000	0
cmtuxiu170385vr108qtyn0jv	19 Nov 25	=HYPERLINK("http://localhost:3000/vouchers/cmtuxiu130381vr10zindclhc", "25-0000435")	170000	Pajak dibayar dimuka PPH22	Adjustment	Udraji Gunawan - DP Ongkos Pasang Modular, Dander 2 Bojonegoro	0	25000000
cmtuxiu180387vr10j8j7kt6h	19 Nov 25	=HYPERLINK("http://localhost:3000/vouchers/cmtuxiu130381vr10zindclhc", "25-0000435")	170001	PPN Masukan	Adjustment	Udraji Gunawan - Pembayaran ke 2 Ongkos Pasang Modular, Dander 2 Bojonegoro	0	25000000
cmtuxiu1a0389vr10hd7uufdz	19 Nov 25	=HYPERLINK("http://localhost:3000/vouchers/cmtuxiu130381vr10zindclhc", "25-0000435")	100101	Bank BCA 4972579789	Adjustment	Ricky Herdhany - Pembayaran 3.1 Ongkos Pasang Modular, Dander 2 Bojonegoro	0	15000000
cmtuxiu1c038bvr10pc8ial5u	19 Nov 25	=HYPERLINK("http://localhost:3000/vouchers/cmtuxiu130381vr10zindclhc", "25-0000435")	130000	Pembelian Barang dagangan Modular	Adjustment	Udraji Gunawan - Pembayaran 3.2 Ongkos Pasang Modular, Dander 2 Bojonegoro	0	10000000
cmtuxiu1e038dvr10oxgnwtxp	19 Nov 25	=HYPERLINK("http://localhost:3000/vouchers/cmtuxiu130381vr10zindclhc", "25-0000435")	210000	Hutang Dagang Modular Wuxi Purite Import & Export Co., Ltd, China	Adjustment	Udraji/Ricky - Ongkos Pasang Modular, Dander 2 - Bojonegoro	0	5000000
cmtuxiu1i038hvr10ydfuz8nt	20 Nov 25	=HYPERLINK("http://localhost:3000/vouchers/cmtuxiu1g038fvr103jo36b0s", "25-0000436")	190001	Aset Tetap Inventaris Kantor	Gunajaya Mandiri Computer	Kas Negara - PPH Import	88103625	0
cmtuxiu1j038jvr10p4lfcpks	20 Nov 25	=HYPERLINK("http://localhost:3000/vouchers/cmtuxiu1g038fvr103jo36b0s", "25-0000436")	100101	Bank BCA 4972579789	Gunajaya Mandiri Computer	Kas Negara - Bayar PPN Import	387655950	0
cmtuxiu1l038lvr10qju86m2c	20 Nov 25	=HYPERLINK("http://localhost:3000/vouchers/cmtuxiu1g038fvr103jo36b0s", "25-0000436")	600026	Outsourching	Gunajaya Mandiri Computer	Kas Negara - Bayar PPN dan PPH Import	0	475759575
cmtuxiu1n038nvr107i79bed4	20 Nov 25	=HYPERLINK("http://localhost:3000/vouchers/cmtuxiu1g038fvr103jo36b0s", "25-0000436")	220000	PPN Keluaran	Gunajaya Mandiri Computer	Wuxi Purite Import & Export Co., Ltd, China CNY 1.555.120 kurs Tengah BI tgl 3 Nov 2025 : 2.356,23	3664267051.2	0
cmtuxiu1p038pvr1042jv0uyj	20 Nov 25	=HYPERLINK("http://localhost:3000/vouchers/cmtuxiu1g038fvr103jo36b0s", "25-0000436")	220002	Hutang Pph23	Gunajaya Mandiri Computer	Wuxi Purite Import & Export Co., Ltd, China CNY 1.555.120 kurs Tengah BI tgl 3 Nov 2025 : 2.356,23	0	3664267051.2
cmtuxiu1s038tvr109uwd0phf	20 Nov 25	=HYPERLINK("http://localhost:3000/vouchers/cmtuxiu1r038rvr10iypug9yk", "25-0000437")	100101	Bank BCA 4972579789	PT. Mitra Pinasthika Mustika Rent	Gunajaya Mandiri - Proyektor Infocus IN0004SL	5050000	0
cmtuxiu1v038vvr10puosaqjb	20 Nov 25	=HYPERLINK("http://localhost:3000/vouchers/cmtuxiu1r038rvr10iypug9yk", "25-0000437")	181099	Piutang Lain-lain	PT. Mitra Pinasthika Mustika Rent	Gunajaya Mandiri - Proyektor Infocus IN0004SL	0	5050000
cmtuxiu1z038zvr102umfy76p	20 Nov 25	=HYPERLINK("http://localhost:3000/vouchers/cmtuxiu1w038xvr10j3f4ldbo", "25-0000438")	181099	Piutang Lain-lain	Johan Hariyanto	PT MPM - Sewa Mobil Innova Zenix	7200000	0
cmtuxiu210391vr10fvg0uww5	20 Nov 25	=HYPERLINK("http://localhost:3000/vouchers/cmtuxiu1w038xvr10j3f4ldbo", "25-0000438")	181099	Piutang Lain-lain	Johan Hariyanto	PT MPM - Sewa Mobil Innova Zenix	792000	0
cmtuxiu220393vr10qkf6d2v0	20 Nov 25	=HYPERLINK("http://localhost:3000/vouchers/cmtuxiu1w038xvr10j3f4ldbo", "25-0000438")	181099	Piutang Lain-lain	Johan Hariyanto	PT MPM - Sewa Mobil Innova Zenix	0	144000
cmtuxiu240395vr10u5qwk7tb	20 Nov 25	=HYPERLINK("http://localhost:3000/vouchers/cmtuxiu1w038xvr10j3f4ldbo", "25-0000438")	181099	Piutang Lain-lain	Johan Hariyanto	PT MPM - Sewa Mobil Innova Zenix	0	7848000
cmtuxiu280399vr107m3gy836	20 Nov 25	=HYPERLINK("http://localhost:3000/vouchers/cmtuxiu260397vr10za08dq3z", "25-0000439")	181099	Piutang Lain-lain	Johan Hariyanto	Johan Hariyanto - Taxi	260000	0
cmtuxiu2a039bvr10x1cvxw5r	20 Nov 25	=HYPERLINK("http://localhost:3000/vouchers/cmtuxiu260397vr10za08dq3z", "25-0000439")	181099	Piutang Lain-lain	Johan Hariyanto	Johan Hariyanto - Makan Pagi di Solaria dan Indomaret	69000	0
cmtuxiu2b039dvr10ztermeen	20 Nov 25	=HYPERLINK("http://localhost:3000/vouchers/cmtuxiu260397vr10za08dq3z", "25-0000439")	181099	Piutang Lain-lain	Johan Hariyanto	Johan Hariyanto - Makan Siang di CFC	34000	0
cmtuxiu2d039fvr10jftafql7	20 Nov 25	=HYPERLINK("http://localhost:3000/vouchers/cmtuxiu260397vr10za08dq3z", "25-0000439")	181099	Piutang Lain-lain	Johan Hariyanto	Johan Hariyanto - Makan Malam	40000	0
cmtuxiu2e039hvr104r8864pa	20 Nov 25	=HYPERLINK("http://localhost:3000/vouchers/cmtuxiu260397vr10za08dq3z", "25-0000439")	181099	Piutang Lain-lain	Johan Hariyanto	Johan Hariyanto - Makan Pagi	60000	0
cmtuxiu2g039jvr10k3wxj0nf	20 Nov 25	=HYPERLINK("http://localhost:3000/vouchers/cmtuxiu260397vr10za08dq3z", "25-0000439")	181099	Piutang Lain-lain	Johan Hariyanto	Johan Hariyanto - Makan Siang di Ayam Geprek SAI	55000	0
cmtuxiu2i039lvr10pydltqjn	20 Nov 25	=HYPERLINK("http://localhost:3000/vouchers/cmtuxiu260397vr10za08dq3z", "25-0000439")	181099	Piutang Lain-lain	Johan Hariyanto	Johan Hariyanto - Bensin 20LT	200000	0
cmtuxiu2k039nvr107dvjfndb	20 Nov 25	=HYPERLINK("http://localhost:3000/vouchers/cmtuxiu260397vr10za08dq3z", "25-0000439")	181099	Piutang Lain-lain	Johan Hariyanto	Johan Hariyanto - Top Up Flazz untuk Toll	500000	0
cmtuxiu2l039pvr10nsektfix	20 Nov 25	=HYPERLINK("http://localhost:3000/vouchers/cmtuxiu260397vr10za08dq3z", "25-0000439")	181099	Piutang Lain-lain	Johan Hariyanto	Johan Hariyanto - Makan Malam	30000	0
cmtuxiu2n039rvr10iosp0nxi	20 Nov 25	=HYPERLINK("http://localhost:3000/vouchers/cmtuxiu260397vr10za08dq3z", "25-0000439")	181099	Piutang Lain-lain	Johan Hariyanto	Johan Hariyanto - Makan Pagi	40000	0
cmtuxiu2p039tvr10bj5s7u30	20 Nov 25	=HYPERLINK("http://localhost:3000/vouchers/cmtuxiu260397vr10za08dq3z", "25-0000439")	181099	Piutang Lain-lain	Johan Hariyanto	Johan Hariyanto - Makan Siang di Pasuruan	102000	0
cmtuxiu2r039vvr108n8gnlug	20 Nov 25	=HYPERLINK("http://localhost:3000/vouchers/cmtuxiu260397vr10za08dq3z", "25-0000439")	181099	Piutang Lain-lain	Johan Hariyanto	Johan Hariyanto - Makan Malam	35000	0
cmtuxiu2t039xvr103c017c4q	20 Nov 25	=HYPERLINK("http://localhost:3000/vouchers/cmtuxiu260397vr10za08dq3z", "25-0000439")	181099	Piutang Lain-lain	Johan Hariyanto	Johan Hariyanto - Makan Pagi di Solaria	49000	0
cmtuxiu2v039zvr10cfjpze76	20 Nov 25	=HYPERLINK("http://localhost:3000/vouchers/cmtuxiu260397vr10za08dq3z", "25-0000439")	181099	Piutang Lain-lain	Johan Hariyanto	Johan Hariyanto - Bensin 15LT	150000	0
cmtuxiu2w03a1vr10526bhp52	20 Nov 25	=HYPERLINK("http://localhost:3000/vouchers/cmtuxiu260397vr10za08dq3z", "25-0000439")	100101	Bank BCA 4972579789	Johan Hariyanto	Johan Hariyanto - Makan Siang di Sate Ayam Ponorogo	60500	0
cmtuxiu2y03a3vr100smj3bwz	20 Nov 25	=HYPERLINK("http://localhost:3000/vouchers/cmtuxiu260397vr10za08dq3z", "25-0000439")	150005	Biaya Langsir, Jaga Malam, ongkos bongkar	Johan Hariyanto	Johan Hariyanto - Makan Pagi	65000	0
cmtuxiu3003a5vr10x1ecffst	20 Nov 25	=HYPERLINK("http://localhost:3000/vouchers/cmtuxiu260397vr10za08dq3z", "25-0000439")	100101	Bank BCA 4972579789	Johan Hariyanto	Johan Hariyanto - Makan Siang di Ayam Geprek SAI dan Kopion Stasiun	54000	0
cmtuxiu3203a7vr10oorwo1on	20 Nov 25	=HYPERLINK("http://localhost:3000/vouchers/cmtuxiu260397vr10za08dq3z", "25-0000439")	600017	Beban Pajak	Johan Hariyanto	Johan Hariyanto - Makan Malam di KFC	42500	0
cmtuxiu3303a9vr10z04ogamp	20 Nov 25	=HYPERLINK("http://localhost:3000/vouchers/cmtuxiu260397vr10za08dq3z", "25-0000439")	220001	Hutang Pph21	Johan Hariyanto	Johan Hariyanto - Taxi	280000	0
cmtuxiu3503abvr10cmdcer36	20 Nov 25	=HYPERLINK("http://localhost:3000/vouchers/cmtuxiu260397vr10za08dq3z", "25-0000439")	100101	Bank BCA 4972579789	Johan Hariyanto	Johan Hariyanto - Perjalanan Dinas Bojonegoro Pasuruan	0	2126000
cmtuxiu3903afvr1007wbf3xr	20 Nov 25	=HYPERLINK("http://localhost:3000/vouchers/cmtuxiu3703advr10nd3og80e", "25-0000440")	180000	Pinjaman Karyawan Johan Hariyanto	Johan Hariyanto	Saji - Biaya Keamanan Jaga Malam 14 Hari per Titik (Parengan dan Kerek) 7-20 Nov	2800000	0
cmtuxiu3a03ahvr10u99olp1s	21 Nov 25	=HYPERLINK("http://localhost:3000/vouchers/cmtuxiu3703advr10nd3og80e", "25-0000440")	181099	Piutang Lain-lain	Johan Hariyanto	Saji - Biaya Keamanan Jaga Malam 14 Hari per Titik (Parengan dan Kerek) 7-20 Nov	0	2800000
cmtuxiu3c03ajvr10aq8rq50n	21 Nov 25	=HYPERLINK("http://localhost:3000/vouchers/cmtuxiu3703advr10nd3og80e", "25-0000440")	181099	Piutang Lain-lain	Johan Hariyanto	Saji - Biaya Keamanan Jaga Malam 14 Hari per Titik (Parengan dan Kerek) 7-20 Nov	70000	0
cmtuxiu3e03alvr10tmtp8ht3	21 Nov 25	=HYPERLINK("http://localhost:3000/vouchers/cmtuxiu3703advr10nd3og80e", "25-0000440")	181099	Piutang Lain-lain	Johan Hariyanto	Saji - Biaya Keamanan Jaga Malam 14 Hari per Titik (Parengan dan Kerek) 7-20 Nov	0	70000
cmtuxiu3i03apvr1064xd9rt6	21 Nov 25	=HYPERLINK("http://localhost:3000/vouchers/cmtuxiu3g03anvr10y578xhhp", "25-0000441")	181099	Piutang Lain-lain	Rizky Yustisiawan Sitanggang	Johan Hariyanto - Bayar Pinjaman	55000000	0
cmtuxiu3j03arvr10vvn2spsg	21 Nov 25	=HYPERLINK("http://localhost:3000/vouchers/cmtuxiu3g03anvr10y578xhhp", "25-0000441")	181099	Piutang Lain-lain	Rizky Yustisiawan Sitanggang	Johan Hariyanto - Bayar Pinjaman	0	55000000
cmtuxiu3n03avvr10ma4dku8l	21 Nov 25	=HYPERLINK("http://localhost:3000/vouchers/cmtuxiu3l03atvr10m59t5lsp", "25-0000442")	181099	Piutang Lain-lain	Rizky Yustisiawan Sitanggang	Rizky - Bensin Mobil SPBU Rest Area KM 792A, 5 Nov 25	300000	0
cmtuxiu3p03axvr10xbsnuzpz	21 Nov 25	=HYPERLINK("http://localhost:3000/vouchers/cmtuxiu3l03atvr10m59t5lsp", "25-0000442")	100101	Bank BCA 4972579789	Rizky Yustisiawan Sitanggang	Rizky - Top Up Flazz untuk Toll, 5 Nov 25	200000	0
cmtuxiu3q03azvr10lbqj6oja	21 Nov 25	=HYPERLINK("http://localhost:3000/vouchers/cmtuxiu3l03atvr10m59t5lsp", "25-0000442")	150005	Biaya Langsir, Jaga Malam, ongkos bongkar	Rizky Yustisiawan Sitanggang	Rizky - Bensin Mobil SPBU Lisman, 6 Nov 25	250000	0
cmtuxiu3s03b1vr10kxrzxdbg	21 Nov 25	=HYPERLINK("http://localhost:3000/vouchers/cmtuxiu3l03atvr10m59t5lsp", "25-0000442")	150005	Biaya Langsir, Jaga Malam, ongkos bongkar	Rizky Yustisiawan Sitanggang	Rizky - Bensin Mobil SPBU Lisman, 12 Nov 25	250000	0
cmtuxiu3u03b3vr104rbjwd1g	21 Nov 25	=HYPERLINK("http://localhost:3000/vouchers/cmtuxiu3l03atvr10m59t5lsp", "25-0000442")	150005	Biaya Langsir, Jaga Malam, ongkos bongkar	Rizky Yustisiawan Sitanggang	Rizky - Cuci Mobil, 14 Nov 25	55000	0
cmtuxiu3v03b5vr1092am1jya	21 Nov 25	=HYPERLINK("http://localhost:3000/vouchers/cmtuxiu3l03atvr10m59t5lsp", "25-0000442")	150005	Biaya Langsir, Jaga Malam, ongkos bongkar	Rizky Yustisiawan Sitanggang	Rizky - Bensin Mobil SPBU Lisman, 19 Nov 25	250000	0
cmtuxiu3x03b7vr10uytdhqau	21 Nov 25	=HYPERLINK("http://localhost:3000/vouchers/cmtuxiu3l03atvr10m59t5lsp", "25-0000442")	100101	Bank BCA 4972579789	Rizky Yustisiawan Sitanggang	Rizky - Cash Advance	0	1305000
cmtuxiu4103bbvr1058olu7cj	21 Nov 25	=HYPERLINK("http://localhost:3000/vouchers/cmtuxiu3z03b9vr1079bcq1pi", "25-0000443")	600017	Beban Pajak	Waruju Aris	Waruju Aris - Tenaga Kerja 6 Orang, 200rb x 2 hari x 9 Titik	21600000	0
cmtuxiu4203bdvr10wb8q5v9e	21 Nov 25	=HYPERLINK("http://localhost:3000/vouchers/cmtuxiu3z03b9vr1079bcq1pi", "25-0000443")	220001	Hutang Pph21	Waruju Aris	Waruju Aris - Kendaraan Langsir 2 Mobil x 1jt x 9 Titik	18000000	0
cmtuxiu4403bfvr10n3ww3hwo	21 Nov 25	=HYPERLINK("http://localhost:3000/vouchers/cmtuxiu3z03b9vr1079bcq1pi", "25-0000443")	150000	Ongkos Pasang Modular	Waruju Aris	Waruju Aris - Jaga Malam 1 Orang / Titik, 75rb x 12 Hari x 9 Titik	8100000	0
cmtuxiu4603bhvr107e1hjhm4	21 Nov 25	=HYPERLINK("http://localhost:3000/vouchers/cmtuxiu3z03b9vr1079bcq1pi", "25-0000443")	150000	Ongkos Pasang Modular	Waruju Aris	Waruju Aris - BIaya Rumah Sakit (Kecelakaan Kerja)	5200000	0
cmtuxiu4703bjvr10x6u02wbd	21 Nov 25	=HYPERLINK("http://localhost:3000/vouchers/cmtuxiu3z03b9vr1079bcq1pi", "25-0000443")	150000	Ongkos Pasang Modular	Waruju Aris	Waruju Aris - Biaya Langsir Wonosobo dan Purworejo	0	52900000
cmtuxiu4903blvr10r3p2s409	21 Nov 25	=HYPERLINK("http://localhost:3000/vouchers/cmtuxiu3z03b9vr1079bcq1pi", "25-0000443")	150000	Ongkos Pasang Modular	Waruju Aris	Waruju Aris - Biaya Langsir Wonosobo dan Purworejo	1322500	0
cmtuxiu4b03bnvr10ydnnuuss	21 Nov 25	=HYPERLINK("http://localhost:3000/vouchers/cmtuxiu3z03b9vr1079bcq1pi", "25-0000443")	150000	Ongkos Pasang Modular	Waruju Aris	Waruju Aris - Biaya Langsir Wonosobo dan Purworejo	0	1322500
cmtuxiu4f03brvr10s32mi251	21 Nov 25	=HYPERLINK("http://localhost:3000/vouchers/cmtuxiu4d03bpvr10hmbtz6t4", "25-0000444")	220003	Hutang PPh Final	PT. Anugrah Gabung Berdikari Utama	PT Anugerah Gabung Berdikari - PO no 32/PO/PMB/X/2025 - Pembayaran ke 2, Ongkos Pasang Modular, Ngumpak Dalem Dander - Bojonegoro	24000000	0
cmtuxiu4h03btvr10adhnrumz	21 Nov 25	=HYPERLINK("http://localhost:3000/vouchers/cmtuxiu4d03bpvr10hmbtz6t4", "25-0000444")	100101	Bank BCA 4972579789	PT. Anugrah Gabung Berdikari Utama	PT Anugerah Gabung Berdikari - PO No 35/PO/PMB/X/2025 - Pembayaran ke 2, Ongkos Pasang Modular, Wadaslintang Trimulyo - Wonosobo	24000000	0
cmtuxiu4i03bvvr10hq758mlz	21 Nov 25	=HYPERLINK("http://localhost:3000/vouchers/cmtuxiu4d03bpvr10hmbtz6t4", "25-0000444")	720002	Beban Adm.Bank & Buku Cek/Giro	PT. Anugrah Gabung Berdikari Utama	PT Anugerah Gabung Berdikari - PO no 31/PO/PMB/X/2025 - Pembayaran ke 2, Ongkos Pasang Modular, Brangsong - Kendal	24000000	0
cmtuxiu4k03bxvr10ej83pekl	21 Nov 25	=HYPERLINK("http://localhost:3000/vouchers/cmtuxiu4d03bpvr10hmbtz6t4", "25-0000444")	100101	Bank BCA 4972579789	PT. Anugrah Gabung Berdikari Utama	PT Anugerah Gabung Berdikari - PO no 34/PO/PMB/X/2025 - Pembayaran ke 2, Ongkos Pasang Modular, Sekar - Bojonegoro	24000000	0
cmtuxiu4m03bzvr107tvzv6zs	21 Nov 25	=HYPERLINK("http://localhost:3000/vouchers/cmtuxiu4d03bpvr10hmbtz6t4", "25-0000444")	121000	Uang Muka Pembelian Karpet	PT. Anugrah Gabung Berdikari Utama	PT Anugerah Gabung Berdikari - PO no 33/PO/PMB/X/2025 - Pembayaran ke 2, Ongkos Pasang Modular area Kel Penidon, Kec Plumpang, Kab Tuban	24000000	0
cmtuxiu4n03c1vr10gzsr7kfi	21 Nov 25	=HYPERLINK("http://localhost:3000/vouchers/cmtuxiu4d03bpvr10hmbtz6t4", "25-0000444")	100101	Bank BCA 4972579789	PT. Anugrah Gabung Berdikari Utama	PT Anugerah Gabung Berdikari - Pembayaran ke 2, Ongkos Pasang Modular 5 Titik	0	4800000
cmtuxiu4p03c3vr10nshfw6jm	21 Nov 25	=HYPERLINK("http://localhost:3000/vouchers/cmtuxiu4d03bpvr10hmbtz6t4", "25-0000444")	150005	Biaya Langsir, Jaga Malam, ongkos bongkar	PT. Anugrah Gabung Berdikari Utama	PT Anugerah Gabung Berdikari - Pembayaran ke 2, Ongkos Pasang Modular 5 Titik	0	115200000
cmtuxiu4r03c5vr10urksj1vb	21 Nov 25	=HYPERLINK("http://localhost:3000/vouchers/cmtuxiu4d03bpvr10hmbtz6t4", "25-0000444")	100101	Bank BCA 4972579789	PT. Anugrah Gabung Berdikari Utama	BIaya Admin - Bi Fast Txn ke 009 Anugerah Gabung Berdikari	2500	0
cmtuxiu4t03c7vr10mogacqd5	21 Nov 25	=HYPERLINK("http://localhost:3000/vouchers/cmtuxiu4d03bpvr10hmbtz6t4", "25-0000444")	600017	Beban Pajak	PT. Anugrah Gabung Berdikari Utama	BIaya Admin - Bi Fast Txn ke 009 Anugerah Gabung Berdikari	0	2500
cmtuxiu4w03cbvr10w9k8dcej	21 Nov 25	=HYPERLINK("http://localhost:3000/vouchers/cmtuxiu4u03c9vr10mk96x642", "25-0000445")	220001	Hutang Pph21	Mujiono	Setia Usaha Nusantara - DP Pembelian Karpet 21 Roll, (1,35m x 25m)	18112500	0
cmtuxiu4y03cdvr10og7v0481	21 Nov 25	=HYPERLINK("http://localhost:3000/vouchers/cmtuxiu4u03c9vr10mk96x642", "25-0000445")	720002	Beban Adm.Bank & Buku Cek/Giro	Mujiono	Setia Usaha Nusantara - DP Pembelian Karpet 21 Roll, (1,35m x 25m)	0	18112500
cmtuxiu5203chvr1017zgfdt9	21 Nov 25	=HYPERLINK("http://localhost:3000/vouchers/cmtuxiu5003cfvr10n2o4s3vj", "25-0000446")	100101	Bank BCA 4972579789	Mujiono	Mujiono - Biaya Langsir (Bojonegoro)	6500000	0
cmtuxiu5403cjvr105f9sk78s	24 Nov 25	=HYPERLINK("http://localhost:3000/vouchers/cmtuxiu5003cfvr10n2o4s3vj", "25-0000446")	150000	Ongkos Pasang Modular	Mujiono	Mujiono - Biaya Langsir (Bojonegoro)	0	6500000
cmtuxiu5503clvr100wjc0s1m	24 Nov 25	=HYPERLINK("http://localhost:3000/vouchers/cmtuxiu5003cfvr10n2o4s3vj", "25-0000446")	130000	Pembelian Barang dagangan Modular	Mujiono	Mujiono - Biaya Langsir (Bojonegoro)	162500	0
cmtuxiu5703cnvr10u6bshvg7	24 Nov 25	=HYPERLINK("http://localhost:3000/vouchers/cmtuxiu5003cfvr10n2o4s3vj", "25-0000446")	130000	Pembelian Barang dagangan Modular	Mujiono	Mujiono - Biaya Langsir (Bojonegoro)	0	162500
cmtuxiu5903cpvr103e5q1fg7	24 Nov 25	=HYPERLINK("http://localhost:3000/vouchers/cmtuxiu5003cfvr10n2o4s3vj", "25-0000446")	130000	Pembelian Barang dagangan Modular	Mujiono	Biaya Admin - Bi fast Txn 009 Mujiono	2500	0
cmtuxiu5a03crvr1057jlnclh	24 Nov 25	=HYPERLINK("http://localhost:3000/vouchers/cmtuxiu5003cfvr10n2o4s3vj", "25-0000446")	210008	Hutang Dagang Ongkos Pasang Modular dan material Listrik (Surya/Firman Nurwegian/Ade Tatang/Maun/PT Dwicipta Surya Abadi)	Mujiono	Biaya Admin - Bi fast Txn 009 Mujiono	0	2500
cmtuxiu5e03cvvr1050tvno31	24 Nov 25	=HYPERLINK("http://localhost:3000/vouchers/cmtuxiu5c03ctvr10bc4h3jbu", "25-0000447")	150000	Ongkos Pasang Modular	Adjustment	Surya/Maun - Ongkos Pasang Modular, Sambonggede, Merakurak, Tuban	80000000	0
cmtuxiu5g03cxvr10r96ksvrh	24 Nov 25	=HYPERLINK("http://localhost:3000/vouchers/cmtuxiu5c03ctvr10bc4h3jbu", "25-0000447")	130000	Pembelian Barang dagangan Modular	Adjustment	Surya Atmadjaya - DP Ongkos Pasang Modular, Sambonggede, Merakurak, Tuban	0	25000000
cmtuxiu5h03czvr1092gsur0s	24 Nov 25	=HYPERLINK("http://localhost:3000/vouchers/cmtuxiu5c03ctvr10bc4h3jbu", "25-0000447")	130000	Pembelian Barang dagangan Modular	Adjustment	Surya Atmadjaya - Pembayaran ke 2 Ongkos Pasang Modular, Sambonggede, Merakurak, Tuban	0	25000000
cmtuxiu5j03d1vr10zcba8evc	24 Nov 25	=HYPERLINK("http://localhost:3000/vouchers/cmtuxiu5c03ctvr10bc4h3jbu", "25-0000447")	130000	Pembelian Barang dagangan Modular	Adjustment	Maun - Pembayaran ke 3 Ongkos Pasang Modular, Sambonggede, Merakurak, Tuban	0	25000000
cmtuxiu5l03d3vr10in70y0py	24 Nov 25	=HYPERLINK("http://localhost:3000/vouchers/cmtuxiu5c03ctvr10bc4h3jbu", "25-0000447")	210008	Hutang Dagang Ongkos Pasang Modular dan material Listrik (Surya/Firman Nurwegian/Ade Tatang/Maun/PT Dwicipta Surya Abadi)	Adjustment	Surya/Maun - Ongkos Pasang Modular, Sambonggede, Merakurak, Tuban	0	5000000
cmtuxiu5p03d7vr10k9tk2cs4	24 Nov 25	=HYPERLINK("http://localhost:3000/vouchers/cmtuxiu5n03d5vr10vhydedl6", "25-0000448")	150000	Ongkos Pasang Modular	Adjustment	Surya/Maun - Ongkos Pasang Modular, Sembung, Parengan, Tuban	80000000	0
cmtuxiu5q03d9vr10yw1nb3bv	24 Nov 25	=HYPERLINK("http://localhost:3000/vouchers/cmtuxiu5n03d5vr10vhydedl6", "25-0000448")	130000	Pembelian Barang dagangan Modular	Adjustment	Surya Atmadjaya - DP Ongkos Pasang Modular, Sembung, Parengan, Tuban	0	25000000
cmtuxiu5s03dbvr100yr3g32d	24 Nov 25	=HYPERLINK("http://localhost:3000/vouchers/cmtuxiu5n03d5vr10vhydedl6", "25-0000448")	130000	Pembelian Barang dagangan Modular	Adjustment	Surya Atmadjaya - Pembayaran ke 2 Ongkos Pasang Modular, Sembung, Parengan, Tuban	0	25000000
cmtuxiu5u03ddvr109gl27sti	24 Nov 25	=HYPERLINK("http://localhost:3000/vouchers/cmtuxiu5n03d5vr10vhydedl6", "25-0000448")	130000	Pembelian Barang dagangan Modular	Adjustment	Maun - Pembayaran ke 3 Ongkos Pasang Modular, Sembung, Parengan, Tuban	0	25000000
cmtuxiu5w03dfvr107eofuesl	24 Nov 25	=HYPERLINK("http://localhost:3000/vouchers/cmtuxiu5n03d5vr10vhydedl6", "25-0000448")	210008	Hutang Dagang Ongkos Pasang Modular dan material Listrik (Surya/Firman Nurwegian/Ade Tatang/Maun/PT Dwicipta Surya Abadi)	Adjustment	Surya/Maun - Ongkos Pasang Modular, Sembung, Parengan,Tuban	0	5000000
cmtuxiu5z03djvr105afwvp9i	24 Nov 25	=HYPERLINK("http://localhost:3000/vouchers/cmtuxiu5x03dhvr103hty005n", "25-0000449")	150000	Ongkos Pasang Modular	Adjustment	Surya/Firman - Ongkos Pasang Modular, Kejapanan, Gempol, Pasuruan	80000000	0
cmtuxiu6103dlvr10dj2y6qof	24 Nov 25	=HYPERLINK("http://localhost:3000/vouchers/cmtuxiu5x03dhvr103hty005n", "25-0000449")	130000	Pembelian Barang dagangan Modular	Adjustment	Firman Nurwegian - DP Ongkos Pasang Modular, Kejapanan, Gempol, Pasuruan	0	25000000
cmtuxiu6303dnvr100fhnkt9q	24 Nov 25	=HYPERLINK("http://localhost:3000/vouchers/cmtuxiu5x03dhvr103hty005n", "25-0000449")	130000	Pembelian Barang dagangan Modular	Adjustment	Surya Atmadjaya - Pembayaran ke 2 Ongkos Pasang Modular, Kejapanan, Gempol, Pasuruan	0	25000000
cmtuxiu6503dpvr10gepgmceu	24 Nov 25	=HYPERLINK("http://localhost:3000/vouchers/cmtuxiu5x03dhvr103hty005n", "25-0000449")	130000	Pembelian Barang dagangan Modular	Adjustment	Firman Nurwegian - Pembayaran ke 3 Ongkos Pasang Modular, Kejapanan, Gempol, Pasuruan	0	25000000
cmtuxiu6703drvr10b29xbfm4	24 Nov 25	=HYPERLINK("http://localhost:3000/vouchers/cmtuxiu5x03dhvr103hty005n", "25-0000449")	210008	Hutang Dagang Ongkos Pasang Modular dan material Listrik (Surya/Firman Nurwegian/Ade Tatang/Maun/PT Dwicipta Surya Abadi)	Adjustment	Surya/Firman - Ongkos Pasang Modular, Kejapanan, Gempol, Pasuruan	0	5000000
cmtuxiu6a03dvvr10iog2658f	24 Nov 25	=HYPERLINK("http://localhost:3000/vouchers/cmtuxiu6903dtvr1000wj3rpj", "25-0000450")	150000	Ongkos Pasang Modular	Adjustment	Surya/Firman - Ongkos Pasang Modular, Jeruk Purut, Gempol, Pasuruan	80000000	0
cmtuxiu6c03dxvr102lktv4gs	24 Nov 25	=HYPERLINK("http://localhost:3000/vouchers/cmtuxiu6903dtvr1000wj3rpj", "25-0000450")	130000	Pembelian Barang dagangan Modular	Adjustment	Firman Nurwegian - DP Ongkos Pasang Modular, Jeruk Purut, Gempol, Pasuruan	0	25000000
cmtuxiu6e03dzvr10zmpipaqd	24 Nov 25	=HYPERLINK("http://localhost:3000/vouchers/cmtuxiu6903dtvr1000wj3rpj", "25-0000450")	130000	Pembelian Barang dagangan Modular	Adjustment	Surya Atmadjaya - Pembayaran ke 2 Ongkos Pasang Modular, Jeruk Purut, Gempol, Pasuruan	0	25000000
cmtuxiu6g03e1vr10nqiz1w56	24 Nov 25	=HYPERLINK("http://localhost:3000/vouchers/cmtuxiu6903dtvr1000wj3rpj", "25-0000450")	130000	Pembelian Barang dagangan Modular	Adjustment	Firman Nurwegian - Pembayaran ke 3 Ongkos Pasang Modular, Jeruk Purut, Gempol, Pasuruan	0	25000000
cmtuxiu6i03e3vr10trsp74dt	24 Nov 25	=HYPERLINK("http://localhost:3000/vouchers/cmtuxiu6903dtvr1000wj3rpj", "25-0000450")	210008	Hutang Dagang Ongkos Pasang Modular dan material Listrik (Surya/Firman Nurwegian/Ade Tatang/Maun/PT Dwicipta Surya Abadi)	Adjustment	Surya/Firman - Ongkos Pasang Modular, Jeruk Purut, Gempol,Pasuruan	0	5000000
cmtuxiu6l03e7vr10dpr3q7cb	24 Nov 25	=HYPERLINK("http://localhost:3000/vouchers/cmtuxiu6j03e5vr10ods8cswb", "25-0000451")	150000	Ongkos Pasang Modular	Adjustment	Surya/Firman - Ongkos Pasang Modular, Kedung Banteng, Rembang, Pasuruan	80000000	0
cmtuxiu6n03e9vr10mf9wlnwv	24 Nov 25	=HYPERLINK("http://localhost:3000/vouchers/cmtuxiu6j03e5vr10ods8cswb", "25-0000451")	130000	Pembelian Barang dagangan Modular	Adjustment	Firman Nurwegian - DP Ongkos Pasang Modular, Kedung Banteng, Rembang, Pasuruan	0	25000000
cmtuxiu6p03ebvr10jdvzw6hy	24 Nov 25	=HYPERLINK("http://localhost:3000/vouchers/cmtuxiu6j03e5vr10ods8cswb", "25-0000451")	130000	Pembelian Barang dagangan Modular	Adjustment	Surya Atmadjaya - Pembayaran ke 2 Ongkos Pasang Modular, Kedung Banteng, Rembang, Pasuruan	0	25000000
cmtuxiu6q03edvr10ftvz1orj	24 Nov 25	=HYPERLINK("http://localhost:3000/vouchers/cmtuxiu6j03e5vr10ods8cswb", "25-0000451")	210008	Hutang Dagang Ongkos Pasang Modular dan material Listrik (Surya/Firman Nurwegian/Ade Tatang/Maun/PT Dwicipta Surya Abadi)	Adjustment	Firman Nurwegian - Pembayaran ke 3 Ongkos Pasang Modular, Kedung Banteng, Rembang, Pasuruan	0	25000000
cmtuxiu6s03efvr10namwvo6g	24 Nov 25	=HYPERLINK("http://localhost:3000/vouchers/cmtuxiu6j03e5vr10ods8cswb", "25-0000451")	150000	Ongkos Pasang Modular	Adjustment	Surya/Firman - Ongkos Pasang Modular, Kedung Banteng, Rembang, Pasuruan	0	5000000
cmtuxiu6w03ejvr101tbbf3as	24 Nov 25	=HYPERLINK("http://localhost:3000/vouchers/cmtuxiu6u03ehvr10lwes5202", "25-0000452")	130000	Pembelian Barang dagangan Modular	Adjustment	Maun - Ongkos Pasang Modular, Kalirejo 1, Bangil, Pasuruan	80000000	0
cmtuxiu6y03elvr10zqhu48l8	24 Nov 25	=HYPERLINK("http://localhost:3000/vouchers/cmtuxiu6u03ehvr10lwes5202", "25-0000452")	130000	Pembelian Barang dagangan Modular	Adjustment	Maun - DP Ongkos Pasang Modular, Kalirejo 1, Bangil, Pasuruan	0	25000000
cmtuxiu7003envr10mm5qgym4	24 Nov 25	=HYPERLINK("http://localhost:3000/vouchers/cmtuxiu6u03ehvr10lwes5202", "25-0000452")	210008	Hutang Dagang Ongkos Pasang Modular dan material Listrik (Surya/Firman Nurwegian/Ade Tatang/Maun/PT Dwicipta Surya Abadi)	Adjustment	Maun - Pembayaran ke 2 Ongkos Pasang Modular, Kalirejo 1, Bangil, Pasuruan	0	40000000
cmtuxiu7103epvr10vi2exrge	25 Nov 25	=HYPERLINK("http://localhost:3000/vouchers/cmtuxiu6u03ehvr10lwes5202", "25-0000452")	720002	Beban Adm.Bank & Buku Cek/Giro	Adjustment	Maun - Ongkos Pasang Modular, Kalirejo 1, Bangil, Pasuruan	0	15000000
cmtuxiu7503etvr103658p6sq	25 Nov 25	=HYPERLINK("http://localhost:3000/vouchers/cmtuxiu7303ervr10qig6h3tm", "25-0000453")	100100	Bank BRI 0509 0100 3205 300	PT. Prima Mira Bersama ( BRI )	Maun - Ongkos Pasang Modular, Kalirejo 2, Bangil, Pasuruan	80000000	0
cmtuxiu7703evvr10bpdb65ub	25 Nov 25	=HYPERLINK("http://localhost:3000/vouchers/cmtuxiu7303ervr10qig6h3tm", "25-0000453")	100101	Bank BCA 4972579789	PT. Prima Mira Bersama ( BRI )	Maun - DP Ongkos Pasang Modular, Kalirejo 2, Bangil, Pasuruan	0	25000000
cmtuxiu7903exvr10hcitj87v	25 Nov 25	=HYPERLINK("http://localhost:3000/vouchers/cmtuxiu7303ervr10qig6h3tm", "25-0000453")	230000	Hutang Pemegang Saham William Ong	PT. Prima Mira Bersama ( BRI )	Maun - Pembayaran ke 2 Ongkos Pasang Modular, Kalirejo 2, Bangil, Pasuruan	0	40000000
cmtuxiu7a03ezvr104d2tagza	25 Nov 25	=HYPERLINK("http://localhost:3000/vouchers/cmtuxiu7303ervr10qig6h3tm", "25-0000453")	240000	Biaya Yang Masih Harus Di Bayar Pak David	PT. Prima Mira Bersama ( BRI )	Maun - Ongkos Pasang Modular, Kalirejo 2, Bangil, Pasuruan	0	15000000
cmtuxiu7e03f3vr10m5ox2tcu	25 Nov 25	=HYPERLINK("http://localhost:3000/vouchers/cmtuxiu7c03f1vr10wtfbyhho", "25-0000454")	100101	Bank BCA 4972579789	David Karya	Biaya Adm Bank Bulanan + Minimum Balance Fee	40000	0
cmtuxiu7g03f5vr10luurgato	25 Nov 25	=HYPERLINK("http://localhost:3000/vouchers/cmtuxiu7c03f1vr10wtfbyhho", "25-0000454")	130003	Pembelian Barang dagangan AC,Exhaust Fan	David Karya	Biaya Adm Bank Bulanan + Minimum Balance Fee	0	40000
cmtuxiu7k03f9vr10rsj1wl89	25 Nov 25	=HYPERLINK("http://localhost:3000/vouchers/cmtuxiu7i03f7vr10glmqoawg", "25-0000455")	220000	PPN Keluaran	PT. Gloria Mulya Jaya	Pinjaman dari William Ong	1000000000	0
cmtuxiu7l03fbvr10r98lok6n	25 Nov 25	=HYPERLINK("http://localhost:3000/vouchers/cmtuxiu7i03f7vr10glmqoawg", "25-0000455")	100101	Bank BCA 4972579789	PT. Gloria Mulya Jaya	Pinjaman dari William Ong	0	1000000000
cmtuxiu7p03ffvr10gop278hu	25 Nov 25	=HYPERLINK("http://localhost:3000/vouchers/cmtuxiu7n03fdvr10cwbgc45o", "25-0000456")	150001	Ongkos Pasang AC dan Exhaust Fan ,jasa Instalasi Listrik	PT. Gloria Mulya Jaya	Pengembalian Pinjaman	100000000	0
cmtuxiu7r03fhvr102u496309	25 Nov 25	=HYPERLINK("http://localhost:3000/vouchers/cmtuxiu7n03fdvr10cwbgc45o", "25-0000456")	220000	PPN Keluaran	PT. Gloria Mulya Jaya	Pengembalian Pinjaman	0	100000000
cmtuxiu7u03flvr10pjn8egyr	25 Nov 25	=HYPERLINK("http://localhost:3000/vouchers/cmtuxiu7s03fjvr10s3oe387p", "25-0000457")	220002	Hutang Pph23	PT. Gloria Mulya Jaya	PT Gloria Mulya Jaya - PO no 13/PO/PMB/X/2025 - Faktur no GL/251100121 - Pelunasan Pembelian AC di Pasuruan 8 Titik	263499820	0
cmtuxiu7w03fnvr10b4tiewxa	25 Nov 25	=HYPERLINK("http://localhost:3000/vouchers/cmtuxiu7s03fjvr10s3oe387p", "25-0000457")	100101	Bank BCA 4972579789	PT. Gloria Mulya Jaya	PT Gloria Mulya Jaya - PO no 13/PO/PMB/X/2025 - Faktur no GL/251100121 - Pelunasan Pembelian AC di Pasuruan 8 Titik	28984980	0
cmtuxiu7y03fpvr10xgvbnnev	25 Nov 25	=HYPERLINK("http://localhost:3000/vouchers/cmtuxiu7s03fjvr10s3oe387p", "25-0000457")	160003	Biaya Dibayar Dimuka PT GLORIA	PT. Gloria Mulya Jaya	PT Gloria Mulya Jaya - PO no 13/PO/PMB/X/2025 - Faktur no GL/251100121 - Pelunasan Pembelian AC di Pasuruan 8 Titik	0	292484800
cmtuxiu8103ftvr10qxnr1ijr	25 Nov 25	=HYPERLINK("http://localhost:3000/vouchers/cmtuxiu7z03frvr102ka7nhew", "25-0000458")	120003	Uang Muka Pembelian AC,Exhaust Fan	PT. Gloria Mulya Jaya	PT Gloria Mulya Jaya - PO no 13/PO/PMB/X/2025 - Faktur No GL/251100122 - Pelunasan Jasa Pasang AC di Pasuruan 8 Titik	31484685	0
cmtuxiu8303fvvr10dbke6u60	25 Nov 25	=HYPERLINK("http://localhost:3000/vouchers/cmtuxiu7z03frvr102ka7nhew", "25-0000458")	130003	Pembelian Barang dagangan AC,Exhaust Fan	PT. Gloria Mulya Jaya	PT Gloria Mulya Jaya - PO no 13/PO/PMB/X/2025 - Faktur No GL/251100122 - Pelunasan Jasa Pasang AC di Pasuruan 8 Titik	3463315	0
cmtuxiu8503fxvr10ppuumsza	25 Nov 25	=HYPERLINK("http://localhost:3000/vouchers/cmtuxiu7z03frvr102ka7nhew", "25-0000458")	220000	PPN Keluaran	PT. Gloria Mulya Jaya	PT Gloria Mulya Jaya - PO no 13/PO/PMB/X/2025 - Faktur No GL/251100122 - Pelunasan Jasa Pasang AC di Pasuruan 8 Titik	0	629694
cmtuxiu8703fzvr10rung2uzh	25 Nov 25	=HYPERLINK("http://localhost:3000/vouchers/cmtuxiu7z03frvr102ka7nhew", "25-0000458")	100101	Bank BCA 4972579789	PT. Gloria Mulya Jaya	PT Gloria Mulya Jaya - PO no 13/PO/PMB/X/2025 - Faktur No GL/251100122 - Pelunasan Jasa Pasang AC di Pasuruan 8 Titik	0	34318306
cmtuxiu8b03g3vr10gnje54vu	25 Nov 25	=HYPERLINK("http://localhost:3000/vouchers/cmtuxiu8903g1vr10tb1ydwq3", "25-0000459")	150001	Ongkos Pasang AC dan Exhaust Fan ,jasa Instalasi Listrik	PT. Gloria Mulya Jaya	PT Gloria Mulya Jaya - Pelunasan Pembelian AC di Pasuruan 8 Titik	98229840	0
cmtuxiu8c03g5vr1074ykq0ih	25 Nov 25	=HYPERLINK("http://localhost:3000/vouchers/cmtuxiu8903g1vr10tb1ydwq3", "25-0000459")	220000	PPN Keluaran	PT. Gloria Mulya Jaya	PT Gloria Mulya Jaya - Pelunasan Pembelian AC di Pasuruan 8 Titik	0	98229840
cmtuxiu8g03g9vr10ryjp9b4q	25 Nov 25	=HYPERLINK("http://localhost:3000/vouchers/cmtuxiu8e03g7vr103jylem7k", "25-0000460")	220002	Hutang Pph23	PT. Gloria Mulya Jaya	PT Gloria Mulya Jaya - PO no 14/PO/PMB/X/2025 - Faktur No GL/251100123 - Pelunasan Pembelian AC di Pasuruan 2 Titik	68757838	0
cmtuxiu8h03gbvr105afyl7p5	25 Nov 25	=HYPERLINK("http://localhost:3000/vouchers/cmtuxiu8e03g7vr103jylem7k", "25-0000460")	100101	Bank BCA 4972579789	PT. Gloria Mulya Jaya	PT Gloria Mulya Jaya - PO no 14/PO/PMB/X/2025 - Faktur No GL/251100123 - Pelunasan Pembelian AC di Pasuruan 2 Titik	7563362	0
cmtuxiu8j03gdvr10zf2t5ffe	25 Nov 25	=HYPERLINK("http://localhost:3000/vouchers/cmtuxiu8e03g7vr103jylem7k", "25-0000460")	160003	Biaya Dibayar Dimuka PT GLORIA	PT. Gloria Mulya Jaya	PT Gloria Mulya Jaya - PO no 14/PO/PMB/X/2025 - Faktur No GL/251100123 - Pelunasan Pembelian AC di Pasuruan 2 Titik	0	76321200
cmtuxiu8n03ghvr10k82oxv66	25 Nov 25	=HYPERLINK("http://localhost:3000/vouchers/cmtuxiu8l03gfvr10tkm94skz", "25-0000461")	120003	Uang Muka Pembelian AC,Exhaust Fan	PT. Gloria Mulya Jaya	PT Gloria Mulya Jaya - PO no 14/PO/PMB/X/2025 - Faktur No GL/251100124 - Pelunasan Jasa Pasang AC di Pasuruan 2 Titik	7871171	0
cmtuxiu8q03gjvr10hk3v47ms	26 Nov 25	=HYPERLINK("http://localhost:3000/vouchers/cmtuxiu8l03gfvr10tkm94skz", "25-0000461")	100101	Bank BCA 4972579789	PT. Gloria Mulya Jaya	PT Gloria Mulya Jaya - PO no 14/PO/PMB/X/2025 - Faktur No GL/251100124 - Pelunasan Jasa Pasang AC di Pasuruan 2 Titik	865829	0
cmtuxiu8s03glvr10qhopw8uo	26 Nov 25	=HYPERLINK("http://localhost:3000/vouchers/cmtuxiu8l03gfvr10tkm94skz", "25-0000461")	160003	Biaya Dibayar Dimuka PT GLORIA	PT. Gloria Mulya Jaya	PT Gloria Mulya Jaya - PO no 14/PO/PMB/X/2025 - Faktur No GL/251100124 - Pelunasan Jasa Pasang AC di Pasuruan 2 Titik	0	157423
cmtuxiu8u03gnvr10thfn9xha	26 Nov 25	=HYPERLINK("http://localhost:3000/vouchers/cmtuxiu8l03gfvr10tkm94skz", "25-0000461")	130000	Pembelian Barang dagangan Modular	PT. Gloria Mulya Jaya	PT Gloria Mulya Jaya - PO no 14/PO/PMB/X/2025 - Faktur No GL/251100124 - Pelunasan Jasa Pasang AC di Pasuruan 2 Titik	0	8579577
cmtuxiu8y03grvr1009n41h2m	26 Nov 25	=HYPERLINK("http://localhost:3000/vouchers/cmtuxiu8w03gpvr10wml7zx63", "25-0000462")	220000	PPN Keluaran	PT. Legenda Bintang Bola	PT Gloria Mulya Jaya - Pelunasan Jasa Pasang AC di Pasuruan 2 Titik	25517460	0
cmtuxiu9003gtvr10cn6tumi4	26 Nov 25	=HYPERLINK("http://localhost:3000/vouchers/cmtuxiu8w03gpvr10wml7zx63", "25-0000462")	220003	Hutang PPh Final	PT. Legenda Bintang Bola	PT Gloria Mulya Jaya - Pelunasan Jasa Pasang AC di Pasuruan 2 Titik	0	25517460
cmtuxiu9403gxvr10xkqvs8jm	26 Nov 25	=HYPERLINK("http://localhost:3000/vouchers/cmtuxiu9203gvvr10tmq76vnf", "25-0000463")	100101	Bank BCA 4972579789	PT. Legenda Bintang Bola	PT Gloria Mulya Jaya - Pelunasan Pembelian AC di Pasuruan 8 Titik	123747300	0
cmtuxiu9603gzvr109un5c9b9	26 Nov 25	=HYPERLINK("http://localhost:3000/vouchers/cmtuxiu9203gvvr10tmq76vnf", "25-0000463")	210010	Hutang Dagang Pembelian Furniture dan Ongkos Pasang PT Bintang Legenda Bola	PT. Legenda Bintang Bola	PT Gloria Mulya Jaya - Pelunasan Pembelian AC di Pasuruan 8 Titik	0	123747300
cmtuxiu9a03h3vr10z2k9h12t	26 Nov 25	=HYPERLINK("http://localhost:3000/vouchers/cmtuxiu9803h1vr10p9rtpolb", "25-0000464")	720002	Beban Adm.Bank & Buku Cek/Giro	PT. Legenda Bintang Bola	PT Legenda Bintang Bola - DP 50% Ongkos Pasang Modular - Purwasari, Babadan,-Ponorogo	40000000	0
cmtuxiu9c03h5vr10ekveiw1o	26 Nov 25	=HYPERLINK("http://localhost:3000/vouchers/cmtuxiu9803h1vr10p9rtpolb", "25-0000464")	100101	Bank BCA 4972579789	PT. Legenda Bintang Bola	PT Legenda Bintang Bola - DP 50% Ongkos Pasang Modular - Purwasari, Babadan,-Ponorogo	4400000	0
cmtuxiu9e03h7vr10xb62zdzn	26 Nov 25	=HYPERLINK("http://localhost:3000/vouchers/cmtuxiu9803h1vr10p9rtpolb", "25-0000464")	130000	Pembelian Barang dagangan Modular	PT. Legenda Bintang Bola	PT Legenda Bintang Bola - DP 50% Ongkos Pasang Modular - Purwasari, Babadan,-Ponorogo	0	700000
cmtuxiu9h03h9vr10ig23pjb6	26 Nov 25	=HYPERLINK("http://localhost:3000/vouchers/cmtuxiu9803h1vr10p9rtpolb", "25-0000464")	220000	PPN Keluaran	PT. Legenda Bintang Bola	PT Legenda Bintang Bola - DP 50% Ongkos Pasang Modular - Purwasari, Babadan,-Ponorogo	0	42800000
cmtuxiu9j03hbvr10w77iwnby	26 Nov 25	=HYPERLINK("http://localhost:3000/vouchers/cmtuxiu9803h1vr10p9rtpolb", "25-0000464")	220003	Hutang PPh Final	PT. Legenda Bintang Bola	PT Legenda BIntang Bola - Kelebihan Potong Pajak Ongkos Pasang Modular - Purwasari, Babadan,-Ponorogo	0	900000
cmtuxiu9l03hdvr102l2i0y8w	26 Nov 25	=HYPERLINK("http://localhost:3000/vouchers/cmtuxiu9803h1vr10p9rtpolb", "25-0000464")	100101	Bank BCA 4972579789	PT. Legenda Bintang Bola	PT Legenda Bintang Bola - DP 50% Ongkos Pasang Modular - Bifast	2500	0
cmtuxiu9m03hfvr10ig6w2qrp	26 Nov 25	=HYPERLINK("http://localhost:3000/vouchers/cmtuxiu9803h1vr10p9rtpolb", "25-0000464")	210010	Hutang Dagang Pembelian Furniture dan Ongkos Pasang PT Bintang Legenda Bola	PT. Legenda Bintang Bola	PT Legenda Bintang Bola - DP 50% Ongkos Pasang Modular - Bifast	0	2500
cmtuxiu9r03hjvr10swnh2fgl	26 Nov 25	=HYPERLINK("http://localhost:3000/vouchers/cmtuxiu9p03hhvr1046oslxqf", "25-0000465")	720002	Beban Adm.Bank & Buku Cek/Giro	PT. Legenda Bintang Bola	PT Legenda Bintang Bola - DP 50% Ongkos Pasang Modular - Nampan, Sukorejo, -Ponorogo	40000000	0
cmtuxiu9t03hlvr104jk090y5	26 Nov 25	=HYPERLINK("http://localhost:3000/vouchers/cmtuxiu9p03hhvr1046oslxqf", "25-0000465")	100101	Bank BCA 4972579789	PT. Legenda Bintang Bola	PT Legenda Bintang Bola - DP 50% Ongkos Pasang Modular - Nampan, Sukorejo, -Ponorogo	4400000	0
cmtuxiu9v03hnvr10a2b3larj	26 Nov 25	=HYPERLINK("http://localhost:3000/vouchers/cmtuxiu9p03hhvr1046oslxqf", "25-0000465")	130000	Pembelian Barang dagangan Modular	PT. Legenda Bintang Bola	PT Legenda Bintang Bola - DP 50% Ongkos Pasang Modular - Nampan, Sukorejo, -Ponorogo	0	700000
cmtuxiu9x03hpvr10zkdxdtm6	26 Nov 25	=HYPERLINK("http://localhost:3000/vouchers/cmtuxiu9p03hhvr1046oslxqf", "25-0000465")	220000	PPN Keluaran	PT. Legenda Bintang Bola	PT Legenda Bintang Bola - DP 50% Ongkos Pasang Modular - Nampan, Sukorejo, -Ponorogo	0	42800000
cmtuxiu9z03hrvr1028i517fv	26 Nov 25	=HYPERLINK("http://localhost:3000/vouchers/cmtuxiu9p03hhvr1046oslxqf", "25-0000465")	220003	Hutang PPh Final	PT. Legenda Bintang Bola	PT Legenda BIntang Bola - Kelebihan Potong Pajak Ongkos Pasang Modular - Nampan, Sukorejo, -Ponorogo	0	900000
cmtuxiua103htvr10o18bzwf9	26 Nov 25	=HYPERLINK("http://localhost:3000/vouchers/cmtuxiu9p03hhvr1046oslxqf", "25-0000465")	100101	Bank BCA 4972579789	PT. Legenda Bintang Bola	PT Legenda Bintang Bola - DP 50% Ongkos Pasang Modular - Bifast	2500	0
cmtuxiua303hvvr10pd0v5gru	26 Nov 25	=HYPERLINK("http://localhost:3000/vouchers/cmtuxiu9p03hhvr1046oslxqf", "25-0000465")	210010	Hutang Dagang Pembelian Furniture dan Ongkos Pasang PT Bintang Legenda Bola	PT. Legenda Bintang Bola	PT Legenda Bintang Bola - DP 50% Ongkos Pasang Modular - Bifast	0	2500
cmtuxiua703hzvr10j2j2obec	26 Nov 25	=HYPERLINK("http://localhost:3000/vouchers/cmtuxiua503hxvr10ybnr2ey0", "25-0000466")	720002	Beban Adm.Bank & Buku Cek/Giro	PT. Legenda Bintang Bola	PT Legenda Bintang Bola -PO no 48/PO/PMB/X/2025 - Inv no 01/LBB/I/2026 - DP 50% Ongkos Pasang Modular - Loano, Loano,-Purworejo	40000000	0
cmtuxiuaa03i1vr10fjit9b9r	26 Nov 25	=HYPERLINK("http://localhost:3000/vouchers/cmtuxiua503hxvr10ybnr2ey0", "25-0000466")	100101	Bank BCA 4972579789	PT. Legenda Bintang Bola	PT Legenda Bintang Bola -PO no 48/PO/PMB/X/2025 - Inv no 01/LBB/I/2026 - DP 50% Ongkos Pasang Modular - Loano, Loano,-Purworejo	4400000	0
cmtuxiuac03i3vr10eagynysr	26 Nov 25	=HYPERLINK("http://localhost:3000/vouchers/cmtuxiua503hxvr10ybnr2ey0", "25-0000466")	130000	Pembelian Barang dagangan Modular	PT. Legenda Bintang Bola	PT Legenda Bintang Bola -PO no 48/PO/PMB/X/2025 - Inv no 01/LBB/I/2026 - DP 50% Ongkos Pasang Modular - Loano, Loano,-Purworejo	0	700000
cmtuxiuae03i5vr10x10q6ppo	26 Nov 25	=HYPERLINK("http://localhost:3000/vouchers/cmtuxiua503hxvr10ybnr2ey0", "25-0000466")	220000	PPN Keluaran	PT. Legenda Bintang Bola	PT Legenda Bintang Bola -PO no 48/PO/PMB/X/2025 - Inv no 01/LBB/I/2026 - DP 50% Ongkos Pasang Modular - Loano, Loano,-Purworejo	0	42800000
cmtuxiuag03i7vr106vxx9z9g	26 Nov 25	=HYPERLINK("http://localhost:3000/vouchers/cmtuxiua503hxvr10ybnr2ey0", "25-0000466")	220003	Hutang PPh Final	PT. Legenda Bintang Bola	PT Legenda BIntang Bola - Kelebihan Potong Pajak Ongkos Pasang Modular - Loano, Loano,-Purworejo	0	900000
cmtuxiuai03i9vr10lycz6ciw	26 Nov 25	=HYPERLINK("http://localhost:3000/vouchers/cmtuxiua503hxvr10ybnr2ey0", "25-0000466")	100101	Bank BCA 4972579789	PT. Legenda Bintang Bola	PT Legenda Bintang Bola - DP 50% Ongkos Pasang Modular - Bifast	2500	0
cmtuxiuak03ibvr10wrre8uqe	26 Nov 25	=HYPERLINK("http://localhost:3000/vouchers/cmtuxiua503hxvr10ybnr2ey0", "25-0000466")	210010	Hutang Dagang Pembelian Furniture dan Ongkos Pasang PT Bintang Legenda Bola	PT. Legenda Bintang Bola	PT Legenda Bintang Bola - DP 50% Ongkos Pasang Modular - Bifast	0	2500
cmtuxiuao03ifvr107kmhtdxw	26 Nov 25	=HYPERLINK("http://localhost:3000/vouchers/cmtuxiuam03idvr10m70iasbb", "25-0000467")	720002	Beban Adm.Bank & Buku Cek/Giro	PT. Legenda Bintang Bola	PT Legenda Bintang Bola - DP 50% Ongkos Pasang Modular - Sidarum, Kutoarjo, -Purworejo	40000000	0
cmtuxiuaq03ihvr10katrsi0p	26 Nov 25	=HYPERLINK("http://localhost:3000/vouchers/cmtuxiuam03idvr10m70iasbb", "25-0000467")	100101	Bank BCA 4972579789	PT. Legenda Bintang Bola	PT Legenda Bintang Bola - DP 50% Ongkos Pasang Modular - Sidarum, Kutoarjo, -Purworejo	4400000	0
cmtuxiuas03ijvr10ya2ud120	26 Nov 25	=HYPERLINK("http://localhost:3000/vouchers/cmtuxiuam03idvr10m70iasbb", "25-0000467")	181099	Piutang Lain-lain	PT. Legenda Bintang Bola	PT Legenda Bintang Bola - DP 50% Ongkos Pasang Modular - Sidarum, Kutoarjo, -Purworejo	0	700000
cmtuxiuau03ilvr10qthzcsih	26 Nov 25	=HYPERLINK("http://localhost:3000/vouchers/cmtuxiuam03idvr10m70iasbb", "25-0000467")	100101	Bank BCA 4972579789	PT. Legenda Bintang Bola	PT Legenda Bintang Bola - DP 50% Ongkos Pasang Modular - Sidarum, Kutoarjo, -Purworejo	0	42800000
cmtuxiuaw03invr100nslqp7b	26 Nov 25	=HYPERLINK("http://localhost:3000/vouchers/cmtuxiuam03idvr10m70iasbb", "25-0000467")	140000	Pembelian Karpet	PT. Legenda Bintang Bola	PT Legenda BIntang Bola - Kelebihan Potong Pajak Ongkos Pasang Modular - Sidarum, Kutoarjo, -Purworejo	0	900000
cmtuxiuay03ipvr10l7uyp9c4	26 Nov 25	=HYPERLINK("http://localhost:3000/vouchers/cmtuxiuam03idvr10m70iasbb", "25-0000467")	140000	Pembelian Karpet	PT. Legenda Bintang Bola	PT Legenda Bintang Bola - DP 50% Ongkos Pasang Modular - Bifast	2500	0
cmtuxiub003irvr10eynx8fam	26 Nov 25	=HYPERLINK("http://localhost:3000/vouchers/cmtuxiuam03idvr10m70iasbb", "25-0000467")	220000	PPN Keluaran	PT. Legenda Bintang Bola	PT Legenda Bintang Bola - DP 50% Ongkos Pasang Modular - Bifast	0	2500
cmtuxiub403ivvr10fksm4o5u	26 Nov 25	=HYPERLINK("http://localhost:3000/vouchers/cmtuxiub203itvr10bgjss4mi", "25-0000468")	121000	Uang Muka Pembelian Karpet	Setia Usaha Nusantara CV	Tokopedia - Pembelian Lem Karpet Bordres untuk Wonosobo (Sukoharjo, Langenrejo)	5664000	0
cmtuxiub603ixvr10lmvfl8mk	26 Nov 25	=HYPERLINK("http://localhost:3000/vouchers/cmtuxiub203itvr10bgjss4mi", "25-0000468")	100101	Bank BCA 4972579789	Setia Usaha Nusantara CV	Tokopedia - Pembelian Lem Karpet Bordres untuk Wonosobo	0	5664000
cmtuxiuba03j1vr10ohm4gibd	26 Nov 25	=HYPERLINK("http://localhost:3000/vouchers/cmtuxiub803izvr10v2hhzpb8", "25-0000469")	120003	Uang Muka Pembelian AC,Exhaust Fan	PT. Gloria Mulya Jaya	CV Setia Usaha Nusantara - Pembelian Karpet Bordres untuk area Langenrejo, Wonosobo	15540540	0
cmtuxiubi03j3vr10y7x84edd	26 Nov 25	=HYPERLINK("http://localhost:3000/vouchers/cmtuxiub803izvr10v2hhzpb8", "25-0000469")	100101	Bank BCA 4972579789	PT. Gloria Mulya Jaya	CV Setia Usaha Nusantara - Pembelian Karpet Bordres untuk area Sukoharjo, Wonosobo	17094595	0
cmtuxiubk03j5vr1003bj0de1	26 Nov 25	=HYPERLINK("http://localhost:3000/vouchers/cmtuxiub803izvr10v2hhzpb8", "25-0000469")	600025	Tenaga Profesional	PT. Gloria Mulya Jaya	CV Setia Usaha Nusantara - Pembelian Karpet Bordres untuk area Langenrejo dan Sukoharjo, Wonosobo	3589865	0
cmtuxiubm03j7vr100aba86rx	26 Nov 25	=HYPERLINK("http://localhost:3000/vouchers/cmtuxiub803izvr10v2hhzpb8", "25-0000469")	220001	Hutang Pph21	PT. Gloria Mulya Jaya	CV Setia Usaha Nusantara - Pembelian Karpet Bordres untuk area Langenrejo dan Sukoharjo, Wonosobo	0	18112500
cmtuxiubo03j9vr1089bk07j1	26 Nov 25	=HYPERLINK("http://localhost:3000/vouchers/cmtuxiub803izvr10v2hhzpb8", "25-0000469")	100101	Bank BCA 4972579789	PT. Gloria Mulya Jaya	CV Setia Usaha Nusantara - Pembelian Karpet Bordres untuk area Langenrejo dan Sukoharjo, Wonosobo	0	18112500
cmtuxiubs03jdvr10cnj8okyf	26 Nov 25	=HYPERLINK("http://localhost:3000/vouchers/cmtuxiubq03jbvr10vm5jh6bh", "25-0000470")	140002	Pembelian Material	Udraji Gunawan	PT Gloria Mulya Jaya - DP 30% 10 Titik (Purworejo, Wonosobo dan Bojonegoro)	124171800	0
cmtuxiubu03jfvr104m9fq4mf	26 Nov 25	=HYPERLINK("http://localhost:3000/vouchers/cmtuxiubq03jbvr10vm5jh6bh", "25-0000470")	140002	Pembelian Material	Udraji Gunawan	PT Gloria Mulya Jaya - DP 30% 10 Titik (Purworejo, Wonosobo dan Bojonegoro)	0	124171800
cmtuxiuby03jjvr10mxatdmyj	26 Nov 25	=HYPERLINK("http://localhost:3000/vouchers/cmtuxiubw03jhvr10ezjixly6", "25-0000471")	140002	Pembelian Material	Udraji Gunawan	Michael Suryono H - Pembayaran Notaris (Pengurusan Dokumen Perusahaan)	7000000	0
cmtuxiuc003jlvr10imn2gttn	26 Nov 25	=HYPERLINK("http://localhost:3000/vouchers/cmtuxiubw03jhvr10ezjixly6", "25-0000471")	140002	Pembelian Material	Udraji Gunawan	Michael Suryono H - Pembayaran Notaris (Pengurusan Dokumen Perusahaan)	0	175000
cmtuxiuc203jnvr10awwveb7s	26 Nov 25	=HYPERLINK("http://localhost:3000/vouchers/cmtuxiubw03jhvr10ezjixly6", "25-0000471")	140002	Pembelian Material	Udraji Gunawan	Michael Suryono H - Pembayaran Notaris (Pengurusan Dokumen Perusahaan)	0	6825000
cmtuxiuc503jrvr10xhuxxt6l	26 Nov 25	=HYPERLINK("http://localhost:3000/vouchers/cmtuxiuc403jpvr108zq21250", "25-0000472")	140002	Pembelian Material	Udraji Gunawan	Udraji Gunawan - Pembelian Sekrup Atap Modular, Cukurgondang Pasuruan	185000	0
cmtuxiuc803jtvr10hx17ivea	26 Nov 25	=HYPERLINK("http://localhost:3000/vouchers/cmtuxiuc403jpvr108zq21250", "25-0000472")	140002	Pembelian Material	Udraji Gunawan	Udraji Gunawan - Pembelian Sekrup Atap Modular, Sekar Bojonegoro & Tuban	845000	0
cmtuxiuc903jvvr108qh6m5sj	26 Nov 25	=HYPERLINK("http://localhost:3000/vouchers/cmtuxiuc403jpvr108zq21250", "25-0000472")	140002	Pembelian Material	Udraji Gunawan	Udraji Gunawan - Pembelian Sekrup Atap Modular, Dander Bojonegoro & Tuban	200000	0
cmtuxiucb03jxvr10fu21stkk	26 Nov 25	=HYPERLINK("http://localhost:3000/vouchers/cmtuxiuc403jpvr108zq21250", "25-0000472")	140002	Pembelian Material	Udraji Gunawan	Udraji Gunawan - Pembelian Sekrup Atap Modular, Ngumpak Dalam Bojonegoro & Tuban	590000	0
cmtuxiucc03jzvr10uhb1gijj	26 Nov 25	=HYPERLINK("http://localhost:3000/vouchers/cmtuxiuc403jpvr108zq21250", "25-0000472")	140002	Pembelian Material	Udraji Gunawan	Udraji Gunawan - Pembelian Sekrup Atap Modular, Wonosobo	200000	0
cmtuxiuce03k1vr10mnsnb0l6	26 Nov 25	=HYPERLINK("http://localhost:3000/vouchers/cmtuxiuc403jpvr108zq21250", "25-0000472")	140002	Pembelian Material	Udraji Gunawan	Udraji Gunawan - Pembelian Sekrup Atap Modular, Wonoroto Wonosobo	540000	0
cmtuxiucf03k3vr10ovvrvg5p	26 Nov 25	=HYPERLINK("http://localhost:3000/vouchers/cmtuxiuc403jpvr108zq21250", "25-0000472")	140002	Pembelian Material	Udraji Gunawan	Udraji Gunawan - Pembelian Sekrup Atap Modular, Rojoimo Wonosobo	637500	0
cmtuxiuch03k5vr10b84nyes3	26 Nov 25	=HYPERLINK("http://localhost:3000/vouchers/cmtuxiuc403jpvr108zq21250", "25-0000472")	140002	Pembelian Material	Udraji Gunawan	Udraji Gunawan - Pembelian Sekrup Atap Modular, Langenrejo Purworejo	1019700	0
cmtuxiucj03k7vr1057fi1i38	26 Nov 25	=HYPERLINK("http://localhost:3000/vouchers/cmtuxiuc403jpvr108zq21250", "25-0000472")	100101	Bank BCA 4972579789	Udraji Gunawan	Udraji Gunawan - Pembelian Sekrup Atap Modular, Leksono Wonosobo	550000	0
cmtuxiucl03k9vr10m72kwjtf	26 Nov 25	=HYPERLINK("http://localhost:3000/vouchers/cmtuxiuc403jpvr108zq21250", "25-0000472")	181099	Piutang Lain-lain	Udraji Gunawan	Udraji Gunawan - Pembelian Sekrup Atap Modular, Erorejo Wonosobo	475000	0
cmtuxiucm03kbvr101e6xmevc	26 Nov 25	=HYPERLINK("http://localhost:3000/vouchers/cmtuxiuc403jpvr108zq21250", "25-0000472")	100101	Bank BCA 4972579789	Udraji Gunawan	Udraji Gunawan - Pembelian Sekrup Atap Modular, Kendal	427000	0
cmtuxiuco03kdvr10nq40kbyz	26 Nov 25	=HYPERLINK("http://localhost:3000/vouchers/cmtuxiuc403jpvr108zq21250", "25-0000472")	720002	Beban Adm.Bank & Buku Cek/Giro	Udraji Gunawan	Udraji Gunawan - Pembelian Sekrup Atap Modular, Sukoharjo Wonosobo	160000	0
cmtuxiucq03kfvr10vw9ryjcz	26 Nov 25	=HYPERLINK("http://localhost:3000/vouchers/cmtuxiuc403jpvr108zq21250", "25-0000472")	100101	Bank BCA 4972579789	Udraji Gunawan	Udraji Gunawan - Pembelian Sekrup Atap Modular, Trimulyo Wonosobo	460000	0
cmtuxiucs03khvr10wliwfn2v	26 Nov 25	=HYPERLINK("http://localhost:3000/vouchers/cmtuxiuc403jpvr108zq21250", "25-0000472")	181099	Piutang Lain-lain	Udraji Gunawan	Udraji Gunawan - Pembelian Sekrup Atap Modular, (Pasuruan, Bojonegoro, Tuban, Wonosobo, Purworejo)	0	6289200
cmtuxiucv03klvr106sbv9rdq	26 Nov 25	=HYPERLINK("http://localhost:3000/vouchers/cmtuxiuct03kjvr104b2yrzbb", "25-0000473")	100101	Bank BCA 4972579789	CV. Pionir Elektrik Jakarta	CV Pionir Elektrik Jakarta - Pelunasan Alat Listrik 8 Paket untuk Purworejo	35050400	0
cmtuxiucx03knvr10oj2si6f5	26 Nov 25	=HYPERLINK("http://localhost:3000/vouchers/cmtuxiuct03kjvr104b2yrzbb", "25-0000473")	720002	Beban Adm.Bank & Buku Cek/Giro	CV. Pionir Elektrik Jakarta	CV Pionir Elektrik Jakarta - Pelunasan Alat Listrik 8 Paket untuk Purworejo	0	35050400
cmtuxiucy03kpvr10l6y230wa	26 Nov 25	=HYPERLINK("http://localhost:3000/vouchers/cmtuxiuct03kjvr104b2yrzbb", "25-0000473")	100101	Bank BCA 4972579789	CV. Pionir Elektrik Jakarta	CV Pionir Elektrik Jakarta - Pelunasan Alat Listrik 8 Paket untuk Purworejo	2500	0
cmtuxiud003krvr102tg8gfsa	26 Nov 25	=HYPERLINK("http://localhost:3000/vouchers/cmtuxiuct03kjvr104b2yrzbb", "25-0000473")	150003	Jasa Custom Clearance/Dokumen	CV. Pionir Elektrik Jakarta	CV Pionir Elektrik Jakarta - Pelunasan Alat Listrik 8 Paket untuk Purworejo	0	2500
cmtuxiud403kvvr10r140baz6	26 Nov 25	=HYPERLINK("http://localhost:3000/vouchers/cmtuxiud203ktvr10vk0hyijy", "25-0000474")	220000	PPN Keluaran	PT. Tera Forwarders Indonesia	CV Pionir Elektrik Jakarta - Reimbursement Alat Listrik 8 Paket untuk Purworejo	1610000	0
cmtuxiud603kxvr10p2f4vg77	26 Nov 25	=HYPERLINK("http://localhost:3000/vouchers/cmtuxiud203ktvr10vk0hyijy", "25-0000474")	150003	Jasa Custom Clearance/Dokumen	PT. Tera Forwarders Indonesia	CV Pionir Elektrik Jakarta - Reimbursement Alat Listrik 8 Paket untuk Purworejo	0	1610000
cmtuxiud703kzvr105pytswju	26 Nov 25	=HYPERLINK("http://localhost:3000/vouchers/cmtuxiud203ktvr10vk0hyijy", "25-0000474")	220002	Hutang Pph23	PT. Tera Forwarders Indonesia	CV Pionir Elektrik Jakarta - Reimbursement Alat Listrik 8 Paket untuk Purworejo	2500	0
cmtuxiud903l1vr102sj5xgqq	26 Nov 25	=HYPERLINK("http://localhost:3000/vouchers/cmtuxiud203ktvr10vk0hyijy", "25-0000474")	100101	Bank BCA 4972579789	PT. Tera Forwarders Indonesia	CV Pionir Elektrik Jakarta - Reimbursement Alat Listrik 8 Paket untuk Purworejo	0	2500
cmtuxiudd03l5vr10z42w6l9g	26 Nov 25	=HYPERLINK("http://localhost:3000/vouchers/cmtuxiudb03l3vr1043phekpj", "25-0000475")	140003	Reimbursment / Debit Note Biaya Pelabuhan	PT. Tera Forwarders Indonesia	PT Tera Forwarders Indonesia - Jasa Pengurusan Dokumen 14 titik (Banyuwangi 6, Ponorogo 5, Kendal 1, Bojonegoro 1, Tuban 1)	18950000	0
cmtuxiudf03l7vr10qpn5dc1q	26 Nov 25	=HYPERLINK("http://localhost:3000/vouchers/cmtuxiudb03l3vr1043phekpj", "25-0000475")	220000	PPN Keluaran	PT. Tera Forwarders Indonesia	PT Tera Forwarders Indonesia - Jasa Pengurusan Dokumen 14 titik (Banyuwangi 6, Ponorogo 5, Kendal 1, Bojonegoro 1, Tuban 1)	1984950	0
cmtuxiudg03l9vr10pewt3hwx	26 Nov 25	=HYPERLINK("http://localhost:3000/vouchers/cmtuxiudb03l3vr1043phekpj", "25-0000475")	220000	PPN Keluaran	PT. Tera Forwarders Indonesia	PT Tera Forwarders Indonesia - Jasa Pengiriman Modular 14 titik (Banyuwangi 6, Ponorogo 5, Kendal 1, Bojonegoro 1, Tuban 1)	161500000	0
cmtuxiudi03lbvr109en05hfg	26 Nov 25	=HYPERLINK("http://localhost:3000/vouchers/cmtuxiudb03l3vr1043phekpj", "25-0000475")	100101	Bank BCA 4972579789	PT. Tera Forwarders Indonesia	PT Tera Forwarders Indonesia - Jasa Pengurusan Dokumen dan Pengiriman Modular 14 titik (Banyuwangi 6, Ponorogo 5, Kendal 1, Bojonegoro 1, Tuban 1)	0	3609000
cmtuxiudk03ldvr108lh3eabg	26 Nov 25	=HYPERLINK("http://localhost:3000/vouchers/cmtuxiudb03l3vr1043phekpj", "25-0000475")	999999	Lain Lain	PT. Tera Forwarders Indonesia	PT Tera Forwarders Indonesia - Jasa Pengurusan Dokumen dan Pengiriman Modular 14 titik (Banyuwangi 6, Ponorogo 5, Kendal 1, Bojonegoro 1, Tuban 1)	0	178825950
cmtuxiudo03lhvr10z945famq	26 Nov 25	=HYPERLINK("http://localhost:3000/vouchers/cmtuxiudm03lfvr10q1l6clvu", "25-0000476")	181099	Piutang Lain-lain	Rizky Yustisiawan Sitanggang	PT Tera Forwarders Indonesia - Debit Note Biaya Pelabuhan 14 titik (Banyuwangi 6, Ponorogo 5, Kendal 1, Bojonegoro 1, Tuban 1)	56790119	0
cmtuxiudq03ljvr10ulw6p5ld	26 Nov 25	=HYPERLINK("http://localhost:3000/vouchers/cmtuxiudm03lfvr10q1l6clvu", "25-0000476")	220000	PPN Keluaran	Rizky Yustisiawan Sitanggang	PT Tera Forwarders Indonesia - Debit Note Biaya Pelabuhan 14 titik (Banyuwangi 6, Ponorogo 5, Kendal 1, Bojonegoro 1, Tuban 1)	770000	0
cmtuxiudr03llvr10l7m8qr6n	26 Nov 25	=HYPERLINK("http://localhost:3000/vouchers/cmtuxiudm03lfvr10q1l6clvu", "25-0000476")	220000	PPN Keluaran	Rizky Yustisiawan Sitanggang	PT Tera Forwarders Indonesia - Debit Note Biaya Pelabuhan 14 titik (Banyuwangi 6, Ponorogo 5, Kendal 1, Bojonegoro 1, Tuban 1)	50427	0
cmtuxiudt03lnvr10b9s5saac	26 Nov 25	=HYPERLINK("http://localhost:3000/vouchers/cmtuxiudm03lfvr10q1l6clvu", "25-0000476")	100101	Bank BCA 4972579789	Rizky Yustisiawan Sitanggang	PT Tera Forwarders Indonesia - Debit Note Biaya Pelabuhan 14 titik (Banyuwangi 6, Ponorogo 5, Kendal 1, Bojonegoro 1, Tuban 1)	0	57610546
cmtuxiudx03lrvr10voljebw5	26 Nov 25	=HYPERLINK("http://localhost:3000/vouchers/cmtuxiudv03lpvr10mf7n7ro3", "25-0000477")	999999	Lain Lain	Rizky Yustisiawan Sitanggang	Rizky - Belanja di Toko Bangunan (3 Sept)	98000	0
cmtuxiudy03ltvr10jsnzhbpr	26 Nov 25	=HYPERLINK("http://localhost:3000/vouchers/cmtuxiudv03lpvr10mf7n7ro3", "25-0000477")	181099	Piutang Lain-lain	Rizky Yustisiawan Sitanggang	Rizky - Bensin Mobil SPBU Lisman, (5 Sept)	200000	0
cmtuxiue003lvvr10l4o2t51y	26 Nov 25	=HYPERLINK("http://localhost:3000/vouchers/cmtuxiudv03lpvr10mf7n7ro3", "25-0000477")	181099	Piutang Lain-lain	Rizky Yustisiawan Sitanggang	Rizky - Air Mineral di Indomaret	43800	0
cmtuxiue203lxvr10d5alvc97	26 Nov 25	=HYPERLINK("http://localhost:3000/vouchers/cmtuxiudv03lpvr10mf7n7ro3", "25-0000477")	181099	Piutang Lain-lain	Rizky Yustisiawan Sitanggang	Rizky - Makan di Rocket Chicken	280000	0
cmtuxiue403lzvr10v11rx1ai	26 Nov 25	=HYPERLINK("http://localhost:3000/vouchers/cmtuxiudv03lpvr10mf7n7ro3", "25-0000477")	181099	Piutang Lain-lain	Rizky Yustisiawan Sitanggang	Rizky - Makan di Bogorejo	374000	0
cmtuxiue503m1vr109uzlktrt	26 Nov 25	=HYPERLINK("http://localhost:3000/vouchers/cmtuxiudv03lpvr10mf7n7ro3", "25-0000477")	181099	Piutang Lain-lain	Rizky Yustisiawan Sitanggang	Rizky - Belanja Air Mineral	70900	0
cmtuxiue703m3vr10xxn8x0nz	26 Nov 25	=HYPERLINK("http://localhost:3000/vouchers/cmtuxiudv03lpvr10mf7n7ro3", "25-0000477")	181099	Piutang Lain-lain	Rizky Yustisiawan Sitanggang	Rizky - Bensin Mobil SPBU Lisman (10 Sept)	250000	0
cmtuxiue903m5vr107wrcffj3	26 Nov 25	=HYPERLINK("http://localhost:3000/vouchers/cmtuxiudv03lpvr10mf7n7ro3", "25-0000477")	181099	Piutang Lain-lain	Rizky Yustisiawan Sitanggang	Rizky - Pembayaran Reimburse Solar 2 Truck (10 Sept)	400000	0
cmtuxiueb03m7vr10j15i2y1b	26 Nov 25	=HYPERLINK("http://localhost:3000/vouchers/cmtuxiudv03lpvr10mf7n7ro3", "25-0000477")	181099	Piutang Lain-lain	Rizky Yustisiawan Sitanggang	Rizky - Bensin Mobil di SPBU Lisman	200000	0
cmtuxiuec03m9vr10coh4yonv	26 Nov 25	=HYPERLINK("http://localhost:3000/vouchers/cmtuxiudv03lpvr10mf7n7ro3", "25-0000477")	999999	Lain Lain	Rizky Yustisiawan Sitanggang	Rizky - Pelayanan Kesehatan IGD	50000	0
cmtuxiuee03mbvr106uvxpxvk	26 Nov 25	=HYPERLINK("http://localhost:3000/vouchers/cmtuxiudv03lpvr10mf7n7ro3", "25-0000477")	999999	Lain Lain	Rizky Yustisiawan Sitanggang	Rizky - Perawatan di IGD (Injeksi, Jahitan Luka,)	198300	0
cmtuxiueh03mdvr10037d7n77	26 Nov 25	=HYPERLINK("http://localhost:3000/vouchers/cmtuxiudv03lpvr10mf7n7ro3", "25-0000477")	999999	Lain Lain	Rizky Yustisiawan Sitanggang	Rizky - Biaya Obat	231009	0
cmtuxiuej03mfvr1002w7stor	26 Nov 25	=HYPERLINK("http://localhost:3000/vouchers/cmtuxiudv03lpvr10mf7n7ro3", "25-0000477")	100000	Kas	Rizky Yustisiawan Sitanggang	Rizky - Reimbursement Perjalanan Dinas Bojonegoro	0	2396009
cmtuxiuem03mjvr10snwtp1va	26 Nov 25	=HYPERLINK("http://localhost:3000/vouchers/cmtuxiuek03mhvr103d31tuwl", "25-0000478")	181099	Piutang Lain-lain	Rizky Yustisiawan Sitanggang	Rizky - Pemakaian Flazz Untuk Toll	683000	0
cmtuxiueo03mlvr10oqh2scam	26 Nov 25	=HYPERLINK("http://localhost:3000/vouchers/cmtuxiuek03mhvr103d31tuwl", "25-0000478")	181099	Piutang Lain-lain	Rizky Yustisiawan Sitanggang	Rizky - Bensin Mobil SPBU Lisman (22 Nov 2025)	250000	0
cmtuxiueq03mnvr10thgaajt9	26 Nov 25	=HYPERLINK("http://localhost:3000/vouchers/cmtuxiuek03mhvr103d31tuwl", "25-0000478")	181099	Piutang Lain-lain	Rizky Yustisiawan Sitanggang	Rizky - Bensin Mobil SPBU Karang Tengah (25 Nov 2025)	250000	0
cmtuxiuer03mpvr104rnnukde	26 Nov 25	=HYPERLINK("http://localhost:3000/vouchers/cmtuxiuek03mhvr103d31tuwl", "25-0000478")	181099	Piutang Lain-lain	Rizky Yustisiawan Sitanggang	Rizky - Bensin Mobil SPBU Tol Trans Jawa (25 Nov 2025)	250000	0
cmtuxiuet03mrvr10n72w9cs0	26 Nov 25	=HYPERLINK("http://localhost:3000/vouchers/cmtuxiuek03mhvr103d31tuwl", "25-0000478")	181099	Piutang Lain-lain	Rizky Yustisiawan Sitanggang	Rizky - Bensin Mobil SPBU ds. Rawakalong (26 Nov 2025)	200000	0
cmtuxiuev03mtvr10gdd7nr48	26 Nov 25	=HYPERLINK("http://localhost:3000/vouchers/cmtuxiuek03mhvr103d31tuwl", "25-0000478")	160000	Biaya Dibayar Dimuka Perjalanan Dinas	Rizky Yustisiawan Sitanggang	Rizky - Biaya perjalanan dinas	0	1633000
cmtuxiuew03mvvr100fjv5vja	26 Nov 25	=HYPERLINK("http://localhost:3000/vouchers/cmtuxiuek03mhvr103d31tuwl", "25-0000478")	100000	Kas	Rizky Yustisiawan Sitanggang	Rizky - Pengembalian Sisa Flazz dan Cash	367000	0
cmtuxiuey03mxvr108fyvsqge	26 Nov 25	=HYPERLINK("http://localhost:3000/vouchers/cmtuxiuek03mhvr103d31tuwl", "25-0000478")	160000	Biaya Dibayar Dimuka Perjalanan Dinas	Rizky Yustisiawan Sitanggang	Rizky - Pengembalian Sisa Flazz dan Cash	0	367000
cmtuxiuf203n1vr10myvj8qk3	26 Nov 25	=HYPERLINK("http://localhost:3000/vouchers/cmtuxiuf003mzvr100rqfoml3", "25-0000479")	100000	Kas	Marcellino Christian	Punjung - Pengembalian Deposit Mobil	6000000	0
cmtuxiuf403n3vr10m82q9eze	26 Nov 25	=HYPERLINK("http://localhost:3000/vouchers/cmtuxiuf003mzvr100rqfoml3", "25-0000479")	280000	Hutang Lain Lain	Marcellino Christian	Hutang Lain Lain	0	3000000
cmtuxiuf503n5vr10nwfzdplp	26 Nov 25	=HYPERLINK("http://localhost:3000/vouchers/cmtuxiuf003mzvr100rqfoml3", "25-0000479")	160000	Biaya Dibayar Dimuka Perjalanan Dinas	Marcellino Christian	Punjung - Pengembalian Deposit Mobil	0	3000000
cmtuxiuf903n9vr10beaxb00a	26 Nov 25	=HYPERLINK("http://localhost:3000/vouchers/cmtuxiuf703n7vr10zydtbw7r", "25-0000480")	160000	Biaya Dibayar Dimuka Perjalanan Dinas	Daffa Earin Alghazali	Daffa dan Ari - Cash Advance Dinas ke Pasuruan	2000000	0
cmtuxiufb03nbvr10mnmc5vyt	26 Nov 25	=HYPERLINK("http://localhost:3000/vouchers/cmtuxiuf703n7vr10zydtbw7r", "25-0000480")	100000	Kas	Daffa Earin Alghazali	Daffa dan Ari - Cash Advance Dinas ke Pasuruan	0	2000000
cmtuxiuff03nfvr105g3j86lj	26 Nov 25	=HYPERLINK("http://localhost:3000/vouchers/cmtuxiufd03ndvr10brv3q3l4", "25-0000481")	130003	Pembelian Barang dagangan AC,Exhaust Fan	PT. Gloria Mulya Jaya	PT. Gloria Mulya Jaya - Faktur No 251100140 - PO no 50/PO/PMB/X/2025 - Pembelian Material AC untuk Daerah Kejapan	1473874	0
cmtuxiufg03nhvr10e2rj2cpn	26 Nov 25	=HYPERLINK("http://localhost:3000/vouchers/cmtuxiufd03ndvr10brv3q3l4", "25-0000481")	130003	Pembelian Barang dagangan AC,Exhaust Fan	PT. Gloria Mulya Jaya	PT. Gloria Mulya Jaya - Faktur No 251100140 - PO no 50/PO/PMB/X/2025 - Pembelian Material AC untuk Daerah Bangil, Kalirejo	1473874	0
cmtuxiufi03njvr101ac1zxiy	26 Nov 25	=HYPERLINK("http://localhost:3000/vouchers/cmtuxiufd03ndvr10brv3q3l4", "25-0000481")	130003	Pembelian Barang dagangan AC,Exhaust Fan	PT. Gloria Mulya Jaya	PT. Gloria Mulya Jaya - Faktur No 251100140 - PO no 50/PO/PMB/X/2025 - Pembelian Material AC untuk Daerah Grati, Cukurgondang	1473874	0
cmtuxiufk03nlvr10pckkhvqs	26 Nov 25	=HYPERLINK("http://localhost:3000/vouchers/cmtuxiufd03ndvr10brv3q3l4", "25-0000481")	220000	PPN Keluaran	PT. Gloria Mulya Jaya	PT. Gloria Mulya Jaya - Faktur No 251100140 - PO no 50/PO/PMB/X/2025 - Pembelian Material AC untuk Daerah Kejapanan, Bangil, Grati	486378	0
cmtuxiufm03nnvr109wp3kuo9	26 Nov 25	=HYPERLINK("http://localhost:3000/vouchers/cmtuxiufd03ndvr10brv3q3l4", "25-0000481")	210009	Hutang Dagang PT. Gloria Mulya Jaya	PT. Gloria Mulya Jaya	PT. Gloria Mulya Jaya - Faktur No 251100140 - PO no 50/PO/PMB/X/2025 - Pembelian Material AC untuk Daerah Kejapanan, Bangil, Grati	0	4908000
cmtuxiufp03nrvr10kujpm4qi	28 Nov 25	=HYPERLINK("http://localhost:3000/vouchers/cmtuxiufo03npvr1046pc0a7x", "25-0000482")	600003	Beban Tunjangan Tempat Tinggal	Daffa Earin Alghazali	Daffa dan Ari - Hotel di Pasuruan	525790	0
cmtuxiufr03ntvr1014bfqw41	28 Nov 25	=HYPERLINK("http://localhost:3000/vouchers/cmtuxiufo03npvr1046pc0a7x", "25-0000482")	100000	Kas	Daffa Earin Alghazali	Daffa dan Ari - Hotel di Pasuruan	0	525790
cmtuxiufw03nxvr10n31jzemk	28 Nov 25	=HYPERLINK("http://localhost:3000/vouchers/cmtuxiufu03nvvr106mzfisrc", "25-0000483")	600001	Beban Gaji	PT. Prima Mira Bersama ( BCA )	GAJI KARYAWAN BULAN NOVEMBER 2025	62600000	0
cmtuxiufx03nzvr10fted0uwx	28 Nov 25	=HYPERLINK("http://localhost:3000/vouchers/cmtuxiufu03nvvr106mzfisrc", "25-0000483")	240000	Biaya Yang Masih Harus Di Bayar Pak David	PT. Prima Mira Bersama ( BCA )	GAJI KARYAWAN BULAN NOVEMBER 2025	0	62600000
cmtuxiug003o3vr103gwfazrt	30 Nov 25	=HYPERLINK("http://localhost:3000/vouchers/cmtuxiufz03o1vr10rrshkvdi", "25-0000484")	100101	Bank BCA 4972579789	PT. Prima Mira Bersama ( BCA )	Beban Pajak Pegawai Bulan November 2025	989000	0
cmtuxiug203o5vr10r73sygah	30 Nov 25	=HYPERLINK("http://localhost:3000/vouchers/cmtuxiufz03o1vr10rrshkvdi", "25-0000484")	720002	Beban Adm.Bank & Buku Cek/Giro	PT. Prima Mira Bersama ( BCA )	Beban Pajak Pegawai Bulan November 2025	0	989000
cmtuxiug603o9vr10va1pptc1	30 Nov 25	=HYPERLINK("http://localhost:3000/vouchers/cmtuxiug403o7vr10thapio63", "25-0000485")	100102	Bank Mandiri 1640007306519	PT. Prima Mira Bersama ( Mandiri )	Darrel Karya - Biaya Sewa Kantor Bulan November 2025	4166666	0
cmtuxiug703obvr10lsxio68i	01 Dec 25	=HYPERLINK("http://localhost:3000/vouchers/cmtuxiug403o7vr10thapio63", "25-0000485")	150000	Ongkos Pasang Modular	PT. Prima Mira Bersama ( Mandiri )	Darrel Karya - Biaya Sewa Kantor Bulan November 2025	0	4166666
cmtuxiugb03ofvr10ms2nc8lg	01 Dec 25	=HYPERLINK("http://localhost:3000/vouchers/cmtuxiug903odvr10mq5et998", "25-0000486")	130000	Pembelian Barang dagangan Modular	Adjustment	Biaya Adm Bank - November	30000	0
cmtuxiugd03ohvr10crf5vca8	01 Dec 25	=HYPERLINK("http://localhost:3000/vouchers/cmtuxiug903odvr10mq5et998", "25-0000486")	130000	Pembelian Barang dagangan Modular	Adjustment	Biaya Adm Bank - November	0	30000
cmtuxiugh03olvr10s1bfj2lz	01 Dec 25	=HYPERLINK("http://localhost:3000/vouchers/cmtuxiugf03ojvr10iod673ld", "25-0000487")	130000	Pembelian Barang dagangan Modular	Adjustment	Biaya Adm Bulanan Bank Mandiri	37007	0
cmtuxiugi03onvr10zqk0tsyv	01 Dec 25	=HYPERLINK("http://localhost:3000/vouchers/cmtuxiugf03ojvr10iod673ld", "25-0000487")	210007	Hutang Dagang Ongkos Pasang Modular dan material (Ricky/Udraji/Melisa/PT Anugrah Gabung Berdikari Utama)	Adjustment	Biaya Adm Bulanan Bank Mandiri	0	37007
cmtuxiugm03orvr10jfu0ti24	01 Dec 25	=HYPERLINK("http://localhost:3000/vouchers/cmtuxiugk03opvr10jt3e1sd5", "25-0000488")	150000	Ongkos Pasang Modular	Adjustment	Udraji Gunawan - Ongkos Pasang Modular di Sumberdawesari, Grati, Pasuruan	80000000	0
cmtuxiugo03otvr1070v5babg	01 Dec 25	=HYPERLINK("http://localhost:3000/vouchers/cmtuxiugk03opvr10jt3e1sd5", "25-0000488")	130000	Pembelian Barang dagangan Modular	Adjustment	Udraji Gunawan - DP Ongkos Pasang Modular di Sumberdawesari, Grati, Pasuruan	0	25000000
cmtuxiugq03ovvr10pzznphia	01 Dec 25	=HYPERLINK("http://localhost:3000/vouchers/cmtuxiugk03opvr10jt3e1sd5", "25-0000488")	130000	Pembelian Barang dagangan Modular	Adjustment	Udraji Gunawan - Pembayaran ke 2 Ongkos Pasang Modular di Sumberdawesari, Grati, Pasuruan	0	25000000
cmtuxiugr03oxvr105lnbtg28	01 Dec 25	=HYPERLINK("http://localhost:3000/vouchers/cmtuxiugk03opvr10jt3e1sd5", "25-0000488")	130000	Pembelian Barang dagangan Modular	Adjustment	Udraji Gunawan - Pembayaran ke 3 Ongkos Pasang Modular di Sumberdawesari, Grati, Pasuruan	0	20000000
cmtuxiugt03ozvr10pdrp97d8	01 Dec 25	=HYPERLINK("http://localhost:3000/vouchers/cmtuxiugk03opvr10jt3e1sd5", "25-0000488")	210007	Hutang Dagang Ongkos Pasang Modular dan material (Ricky/Udraji/Melisa/PT Anugrah Gabung Berdikari Utama)	Adjustment	Udraji Gunawan - Ongkos Pasang Modular di Sumberdawesari, Grati, Pasuruan	0	10000000
cmtuxiugx03p3vr10ou44b7p9	01 Dec 25	=HYPERLINK("http://localhost:3000/vouchers/cmtuxiugu03p1vr10nk9ma97h", "25-0000489")	150000	Ongkos Pasang Modular	Adjustment	Udraji/Ricky - Ongkos Pasang Modular di Sladi, Kejayan, Pasuruan	80000000	0
cmtuxiugz03p5vr10vfkf2fy7	01 Dec 25	=HYPERLINK("http://localhost:3000/vouchers/cmtuxiugu03p1vr10nk9ma97h", "25-0000489")	130000	Pembelian Barang dagangan Modular	Adjustment	Udraji Gunawan - DP Ongkos Pasang Modular di Sladi, Kejayan, Pasuruan	0	25000000
cmtuxiuh003p7vr10a1f5go69	01 Dec 25	=HYPERLINK("http://localhost:3000/vouchers/cmtuxiugu03p1vr10nk9ma97h", "25-0000489")	130000	Pembelian Barang dagangan Modular	Adjustment	Udraji Gunawan - Pembayaran ke 2 Ongkos Pasang Modular di Sladi, Kejayan, Pasuruan	0	25000000
cmtuxiuh203p9vr100zmmy0fk	01 Dec 25	=HYPERLINK("http://localhost:3000/vouchers/cmtuxiugu03p1vr10nk9ma97h", "25-0000489")	130000	Pembelian Barang dagangan Modular	Adjustment	Ricky Herdhany- Pembayaran ke 3 Ongkos Pasang Modular di Sladi, Kejayan, Pasuruan	0	25000000
cmtuxiuh403pbvr10w96rb2lc	01 Dec 25	=HYPERLINK("http://localhost:3000/vouchers/cmtuxiugu03p1vr10nk9ma97h", "25-0000489")	210007	Hutang Dagang Ongkos Pasang Modular dan material (Ricky/Udraji/Melisa/PT Anugrah Gabung Berdikari Utama)	Adjustment	Udraji/Ricky - Ongkos Pasang Modular di Sladi, Kejayan, Pasuruan	0	5000000
cmtuxiuh703pfvr10p7m373dt	01 Dec 25	=HYPERLINK("http://localhost:3000/vouchers/cmtuxiuh503pdvr10j67pz1c1", "25-0000490")	150000	Ongkos Pasang Modular	Adjustment	Ricky Herdhany - Ongkos Pasang Modular di Ambal Ambil, Kejayan, Pasuruan	80000000	0
cmtuxiuh903phvr10ro2stgc5	01 Dec 25	=HYPERLINK("http://localhost:3000/vouchers/cmtuxiuh503pdvr10j67pz1c1", "25-0000490")	130000	Pembelian Barang dagangan Modular	Adjustment	Ricky Herdhany - DP Ongkos Pasang Modular di Ambal Ambil, Kejayan, Pasuruan	0	25000000
cmtuxiuhb03pjvr103kshpckv	01 Dec 25	=HYPERLINK("http://localhost:3000/vouchers/cmtuxiuh503pdvr10j67pz1c1", "25-0000490")	130000	Pembelian Barang dagangan Modular	Adjustment	Ricky Herdhany - Pembayaran ke 2 Ongkos Pasang Modular di Ambal Ambil, Kejayan, Pasuruan	0	25000000
cmtuxiuhc03plvr10iznskbf7	01 Dec 25	=HYPERLINK("http://localhost:3000/vouchers/cmtuxiuh503pdvr10j67pz1c1", "25-0000490")	130000	Pembelian Barang dagangan Modular	Adjustment	Ricky Herdhany - Pembayaran ke 3 Ongkos Pasang Modular di Ambal Ambil, Kejayan, Pasuruan	0	25000000
cmtuxiuhe03pnvr10bms6mv8n	01 Dec 25	=HYPERLINK("http://localhost:3000/vouchers/cmtuxiuh503pdvr10j67pz1c1", "25-0000490")	210007	Hutang Dagang Ongkos Pasang Modular dan material (Ricky/Udraji/Melisa/PT Anugrah Gabung Berdikari Utama)	Adjustment	Ricky Herdhany - Ongkos Pasang Modular di Ambal Ambil, Kejayan, Pasuruan	0	5000000
cmtuxiuhi03prvr10sx9i014q	01 Dec 25	=HYPERLINK("http://localhost:3000/vouchers/cmtuxiuhg03ppvr10xgx2c32o", "25-0000491")	130000	Pembelian Barang dagangan Modular	Firman Nurwegian	Ricky/Melisa - Ongkos Pasang Modular di Cukurgondang, Grati, Pasuruan	80000000	0
cmtuxiuhk03ptvr10tfoq3ki3	01 Dec 25	=HYPERLINK("http://localhost:3000/vouchers/cmtuxiuhg03ppvr10xgx2c32o", "25-0000491")	220001	Hutang Pph21	Firman Nurwegian	Ricky Herdhany - DP Ongkos Pasang Modular di Cukurgondang, Grati, Pasuruan	0	25000000
cmtuxiuhm03pvvr10m4nm3ig1	01 Dec 25	=HYPERLINK("http://localhost:3000/vouchers/cmtuxiuhg03ppvr10xgx2c32o", "25-0000491")	210008	Hutang Dagang Ongkos Pasang Modular dan material Listrik (Surya/Firman Nurwegian/Ade Tatang/Maun/PT Dwicipta Surya Abadi)	Firman Nurwegian	Ricky Herdhany - Pembayaran ke 2 Ongkos Pasang Modular di Cukurgondang, Grati, Pasuruan	0	25000000
cmtuxiuho03pxvr10qvcoxnsi	01 Dec 25	=HYPERLINK("http://localhost:3000/vouchers/cmtuxiuhg03ppvr10xgx2c32o", "25-0000491")	130000	Pembelian Barang dagangan Modular	Firman Nurwegian	Ricky Herdhany - Pembayaran ke 3 Ongkos Pasang Modular di Cukurgondang, Grati, Pasuruan	0	20000000
cmtuxiuhq03pzvr10nlcl4aax	01 Dec 25	=HYPERLINK("http://localhost:3000/vouchers/cmtuxiuhg03ppvr10xgx2c32o", "25-0000491")	220001	Hutang Pph21	Firman Nurwegian	Ricky/Melisa - Ongkos Pasang Modular di Cukurgondang, Grati, Pasuruan	0	10000000
cmtuxiuht03q3vr10wn9gdnzi	01 Dec 25	=HYPERLINK("http://localhost:3000/vouchers/cmtuxiuhr03q1vr10v6hbx58n", "25-0000492")	210008	Hutang Dagang Ongkos Pasang Modular dan material Listrik (Surya/Firman Nurwegian/Ade Tatang/Maun/PT Dwicipta Surya Abadi)	Firman Nurwegian	Firman Nurwegian - PO no 82/PMB/XII/2025 - 0033/INV/DASA/XII/25 - DP50% - Upah pasang panel modular di titik lokasi Ds Grogol, Kec Giri, Kab Banyuwangi	40000000	0
cmtuxiuhv03q5vr103hryksfw	01 Dec 25	=HYPERLINK("http://localhost:3000/vouchers/cmtuxiuhr03q1vr10v6hbx58n", "25-0000492")	130000	Pembelian Barang dagangan Modular	Firman Nurwegian	Firman Nurwegian - PO no 82/PMB/XII/2025 - 0033/INV/DASA/XII/25 - DP50% - Upah pasang panel modular di titik lokasi Ds Grogol, Kec Giri, Kab Banyuwangi	0	1000000
cmtuxiuhx03q7vr100esxhtmk	01 Dec 25	=HYPERLINK("http://localhost:3000/vouchers/cmtuxiuhr03q1vr10v6hbx58n", "25-0000492")	220001	Hutang Pph21	Firman Nurwegian	Firman Nurwegian - PO no 82/PMB/XII/2025 - 0033/INV/DASA/XII/25 - DP50% - Upah pasang panel modular di titik lokasi Ds Grogol, Kec Giri, Kab Banyuwangi	0	39000000
cmtuxiui003qbvr10zbhbb1d9	01 Dec 25	=HYPERLINK("http://localhost:3000/vouchers/cmtuxiuhy03q9vr10ckcxzs8u", "25-0000493")	210008	Hutang Dagang Ongkos Pasang Modular dan material Listrik (Surya/Firman Nurwegian/Ade Tatang/Maun/PT Dwicipta Surya Abadi)	Firman Nurwegian	Firman Nurwegian - 0034/INV/DASA/XII/25 - PO No 63/PMB/X/2025 - DP50% - Upah pasang panel modular di titik lokasi Ds Suboh - Kec Suboh - Kab Situbundo	40000000	0
cmtuxiui203qdvr10tlcyn36h	01 Dec 25	=HYPERLINK("http://localhost:3000/vouchers/cmtuxiuhy03q9vr10ckcxzs8u", "25-0000493")	120005	Uang Muka Pembelian Genzet	Firman Nurwegian	Firman Nurwegian - 0034/INV/DASA/XII/25 - PO No 63/PMB/X/2025 - DP50% - Upah pasang panel modular di titik lokasi Ds Suboh - Kec Suboh - Kab Situbundo	0	1000000
cmtuxiui403qfvr10bx588as4	01 Dec 25	=HYPERLINK("http://localhost:3000/vouchers/cmtuxiuhy03q9vr10ckcxzs8u", "25-0000493")	220000	PPN Keluaran	Firman Nurwegian	Firman Nurwegian - 0034/INV/DASA/XII/25 - PO No 63/PMB/X/2025 - DP50% - Upah pasang panel modular di titik lokasi Ds Suboh - Kec Suboh - Kab Situbundo	0	39000000
cmtuxiui603qhvr10ztiem7g3	01 Dec 25	=HYPERLINK("http://localhost:3000/vouchers/cmtuxiuhy03q9vr10ckcxzs8u", "25-0000493")	210006	Hutang Dagang Pembelian Genzet (Anekajaya Langgeng)	Firman Nurwegian	Firman Nurwegian - 0035/INV/DASA/XII/25 -PO no 62/PMB/X/2025 - DP50% - Upah pasang panel modular di titik lokasi Ds Tamansari - Kec Sumbermalang - Kab Situbundo	40000000	0
cmtuxiui703qjvr10u7t28b6o	02 Dec 25	=HYPERLINK("http://localhost:3000/vouchers/cmtuxiuhy03q9vr10ckcxzs8u", "25-0000493")	181099	Piutang Lain-lain	Firman Nurwegian	Firman Nurwegian - 0035/INV/DASA/XII/25 -PO no 62/PMB/X/2025 - DP50% - Upah pasang panel modular di titik lokasi Ds Tamansari - Kec Sumbermalang - Kab Situbundo	0	1000000
cmtuxiui903qlvr10prxa6hoo	02 Dec 25	=HYPERLINK("http://localhost:3000/vouchers/cmtuxiuhy03q9vr10ckcxzs8u", "25-0000493")	100101	Bank BCA 4972579789	Firman Nurwegian	Firman Nurwegian - 0035/INV/DASA/XII/25 -PO no 62/PMB/X/2025 - DP50% - Upah pasang panel modular di titik lokasi Ds Tamansari - Kec Sumbermalang - Kab Situbundo	0	39000000
cmtuxiuie03qpvr103numaya0	02 Dec 25	=HYPERLINK("http://localhost:3000/vouchers/cmtuxiuic03qnvr10y39v0aaa", "25-0000494")	100101	Bank BCA 4972579789	PT. Prima Mira Bersama ( BCA )	PT. Anekajaya Langgengsentosa - AJL/2025/0296 - 44/PO/PMB/X/2025 - 34 Unit Genzet 20 Kva	510000000	0
cmtuxiuii03qtvr10ent5nhxv	02 Dec 25	=HYPERLINK("http://localhost:3000/vouchers/cmtuxiuig03qrvr1070oy2r8p", "25-0000495")	230000	Hutang Pemegang Saham William Ong	PT. Prima Mira Bersama ( BCA )	PT. Anekajaya Langgengsentosa - AJL/2025/0296 - 44/PO/PMB/X/2025 - 34 Unit Genzet 20 Kva	56100000	0
cmtuxiuik03qvvr105vrlssso	02 Dec 25	=HYPERLINK("http://localhost:3000/vouchers/cmtuxiuig03qrvr1070oy2r8p", "25-0000495")	600003	Beban Tunjangan Tempat Tinggal	PT. Prima Mira Bersama ( BCA )	PT. Anekajaya Langgengsentosa - AJL/2025/0296 - 44/PO/PMB/X/2025 - 34 Unit Genzet 20 Kva	0	566100000
cmtuxiuio03qzvr10v7dm6w9o	02 Dec 25	=HYPERLINK("http://localhost:3000/vouchers/cmtuxiuim03qxvr10oqi5si1p", "25-0000496")	100101	Bank BCA 4972579789	Daffa Earin Alghazali	Darrel Karya - Makan di Fatduck BSD (dengan Supplier)	924700	0
cmtuxiuip03r1vr10uen2zz16	02 Dec 25	=HYPERLINK("http://localhost:3000/vouchers/cmtuxiuim03qxvr10oqi5si1p", "25-0000496")	600003	Beban Tunjangan Tempat Tinggal	Daffa Earin Alghazali	Darrel Karya - Makan di Fatduck BSD (dengan Supplier)	0	924700
cmtuxiuit03r5vr10a77nncip	02 Dec 25	=HYPERLINK("http://localhost:3000/vouchers/cmtuxiuir03r3vr109w70qw7n", "25-0000497")	100101	Bank BCA 4972579789	Ari Riatna Gustika	Pinjaman dari William Ong	400000000	0
cmtuxiuiv03r7vr10b6dh58j2	03 Dec 25	=HYPERLINK("http://localhost:3000/vouchers/cmtuxiuir03r3vr109w70qw7n", "25-0000497")	120000	Uang Muka Pembelian Barang dagangan Modular	Ari Riatna Gustika	Pinjaman dari William Ong	0	400000000
cmtuxiuiy03rbvr108mplt8kh	03 Dec 25	=HYPERLINK("http://localhost:3000/vouchers/cmtuxiuix03r9vr105h3z6o1w", "25-0000498")	720002	Beban Adm.Bank & Buku Cek/Giro	Xiamen LK Trading Co.,Ltd	Daffa - Biaya Kost Surveyer di Banyuwangi	1200000	0
cmtuxiuj003rdvr10yep3wyud	03 Dec 25	=HYPERLINK("http://localhost:3000/vouchers/cmtuxiuix03r9vr105h3z6o1w", "25-0000498")	720002	Beban Adm.Bank & Buku Cek/Giro	Xiamen LK Trading Co.,Ltd	Daffa - Biaya Kost Surveyer di Banyuwangi	0	1200000
cmtuxiuj403rhvr10nyp6kay7	03 Dec 25	=HYPERLINK("http://localhost:3000/vouchers/cmtuxiuj203rfvr10bfogsvqd", "25-0000499")	720002	Beban Adm.Bank & Buku Cek/Giro	Xiamen LK Trading Co.,Ltd	Ari - Biaya Kost Surveyer di Banyuwangi	1200000	0
cmtuxiuj603rjvr10w5icpiuu	03 Dec 25	=HYPERLINK("http://localhost:3000/vouchers/cmtuxiuj203rfvr10bfogsvqd", "25-0000499")	100101	Bank BCA 4972579789	Xiamen LK Trading Co.,Ltd	Ari - Biaya Kost Surveyer di Banyuwangi	0	1200000
cmtuxiuj903rnvr1010xtnr9y	03 Dec 25	=HYPERLINK("http://localhost:3000/vouchers/cmtuxiuj703rlvr10yndc85lj", "25-0000500")	181099	Piutang Lain-lain	Darell Karya	Xiamen LK Trading CO. ,LTD - Uang Muka Pembelian Modular 20 Containter, 165.000CNY, Kurs 2359	389235000	0
cmtuxiujb03rpvr10b4l1ncu6	03 Dec 25	=HYPERLINK("http://localhost:3000/vouchers/cmtuxiuj703rlvr10yndc85lj", "25-0000500")	100101	Bank BCA 4972579789	Darell Karya	Xiamen LK Trading CO. ,LTD - Uang Muka Pembelian Modular 20 Containter, 165.000CNY, Kurs 2360	80000	0
cmtuxiujd03rrvr103i2kt8rc	03 Dec 25	=HYPERLINK("http://localhost:3000/vouchers/cmtuxiuj703rlvr10yndc85lj", "25-0000500")	181099	Piutang Lain-lain	Darell Karya	Xiamen LK Trading CO. ,LTD - Uang Muka Pembelian Modular 20 Containter, 165.000CNY, Kurs 2361	166593	0
cmtuxiujf03rtvr104ihx6gya	03 Dec 25	=HYPERLINK("http://localhost:3000/vouchers/cmtuxiuj703rlvr10yndc85lj", "25-0000500")	181099	Piutang Lain-lain	Darell Karya	Xiamen LK Trading CO. ,LTD - Uang Muka Pembelian Modular 20 Containter, 165.000CNY, Kurs 2361	10000	0
cmtuxiujg03rvvr101z3qkpcb	03 Dec 25	=HYPERLINK("http://localhost:3000/vouchers/cmtuxiuj703rlvr10yndc85lj", "25-0000500")	181099	Piutang Lain-lain	Darell Karya	Xiamen LK Trading CO. ,LTD - Uang Muka Pembelian Modular 20 Containter, 165.000CNY, Kurs 2362	0	389491593
cmtuxiujk03rzvr10ehugm0c3	03 Dec 25	=HYPERLINK("http://localhost:3000/vouchers/cmtuxiuji03rxvr10x1wq7cwl", "25-0000501")	181099	Piutang Lain-lain	Daffa Earin Alghazali	Darrel Karya - Makan di Aneka Seafood 38 BSD (Darrel dan Kontraktor)	1883505	0
cmtuxiujl03s1vr10k8x4j47e	03 Dec 25	=HYPERLINK("http://localhost:3000/vouchers/cmtuxiuji03rxvr10x1wq7cwl", "25-0000501")	181099	Piutang Lain-lain	Daffa Earin Alghazali	Darrel Karya - Makan di Aneka Seafood 38 BSD (Darrel dan Kontraktor)	0	1883505
cmtuxiujp03s5vr10p18dm50i	03 Dec 25	=HYPERLINK("http://localhost:3000/vouchers/cmtuxiujn03s3vr10cy9o8v9v", "25-0000502")	181099	Piutang Lain-lain	Daffa Earin Alghazali	Daffa dan Ari - Bensin SPBU Rest Area Tol Semarang	400000	0
cmtuxiujr03s7vr10s4lpksh3	03 Dec 25	=HYPERLINK("http://localhost:3000/vouchers/cmtuxiujn03s3vr10cy9o8v9v", "25-0000502")	181099	Piutang Lain-lain	Daffa Earin Alghazali	Daffa dan Ari - Toll Waru Gunung	419500	0
cmtuxiujt03s9vr109mrkpzyz	03 Dec 25	=HYPERLINK("http://localhost:3000/vouchers/cmtuxiujn03s3vr10cy9o8v9v", "25-0000502")	181099	Piutang Lain-lain	Daffa Earin Alghazali	Daffa dan Ari - Kalikangkung	413500	0
cmtuxiujv03sbvr10jlsc79g8	03 Dec 25	=HYPERLINK("http://localhost:3000/vouchers/cmtuxiujn03s3vr10cy9o8v9v", "25-0000502")	181099	Piutang Lain-lain	Daffa Earin Alghazali	Daffa dan Ari - Bensin SPBU Margaguna	366200	0
cmtuxiujw03sdvr10aaxtt7gq	03 Dec 25	=HYPERLINK("http://localhost:3000/vouchers/cmtuxiujn03s3vr10cy9o8v9v", "25-0000502")	160000	Biaya Dibayar Dimuka Perjalanan Dinas	Daffa Earin Alghazali	Daffa dan Ari - Toll Cikampek Utama 1	27000	0
cmtuxiujy03sfvr106ugw9oh5	03 Dec 25	=HYPERLINK("http://localhost:3000/vouchers/cmtuxiujn03s3vr10cy9o8v9v", "25-0000502")	160000	Biaya Dibayar Dimuka Perjalanan Dinas	Daffa Earin Alghazali	Daffa dan Ari - Toll Utama Karya	17000	0
cmtuxiuk003shvr10k3vpicx4	03 Dec 25	=HYPERLINK("http://localhost:3000/vouchers/cmtuxiujn03s3vr10cy9o8v9v", "25-0000502")	100101	Bank BCA 4972579789	Daffa Earin Alghazali	Daffa dan Ari - Toll Sidoarjo 2	10000	0
cmtuxiuk203sjvr10fqhm2owq	03 Dec 25	=HYPERLINK("http://localhost:3000/vouchers/cmtuxiujn03s3vr10cy9o8v9v", "25-0000502")	999999	Lain Lain	Daffa Earin Alghazali	Daffa dan Ari - Toll Gempol 4	9500	0
cmtuxiuk303slvr10o6yknbfi	03 Dec 25	=HYPERLINK("http://localhost:3000/vouchers/cmtuxiujn03s3vr10cy9o8v9v", "25-0000502")	100101	Bank BCA 4972579789	Daffa Earin Alghazali	Daffa dan Ari - Bensin Mobil SPBU Cakringalang	300000	0
cmtuxiuk503snvr10qnnxzs8a	03 Dec 25	=HYPERLINK("http://localhost:3000/vouchers/cmtuxiujn03s3vr10cy9o8v9v", "25-0000502")	181099	Piutang Lain-lain	Daffa Earin Alghazali	Daffa dan Ari - Pertanggung Jawaban Cash Advance	0	1962700
cmtuxiuk903srvr100e1tv2zn	03 Dec 25	=HYPERLINK("http://localhost:3000/vouchers/cmtuxiuk703spvr10lg9746yn", "25-0000503")	181099	Piutang Lain-lain	David Karya	Daffa dan Ari - Cash Advance Perjalanan Dinas Banyuwangi	1962700	0
cmtuxiuka03stvr10h1wfvgsq	03 Dec 25	=HYPERLINK("http://localhost:3000/vouchers/cmtuxiuk703spvr10lg9746yn", "25-0000503")	100002	Kas Besar	David Karya	Daffa dan Ari - Cash Advance Perjalanan Dinas Banyuwangi	0	1962700
cmtuxiuke03sxvr10ytf0k5q2	04 Dec 25	=HYPERLINK("http://localhost:3000/vouchers/cmtuxiukc03svvr10u7yr78ct", "25-0000504")	181099	Piutang Lain-lain	Darell Karya	PLN Mobile - Listrik Bulan November 2025	1001750	0
cmtuxiukf03szvr10bm5aan3t	04 Dec 25	=HYPERLINK("http://localhost:3000/vouchers/cmtuxiukc03svvr10u7yr78ct", "25-0000504")	100101	Bank BCA 4972579789	Darell Karya	PLN Mobile - Listrik Bulan November 2025	0	1001750
cmtuxiukj03t3vr10f0wqqy6d	04 Dec 25	=HYPERLINK("http://localhost:3000/vouchers/cmtuxiukh03t1vr10nkvhhoc7", "25-0000505")	181099	Piutang Lain-lain	Marcellino Christian	David - Makan di Tabur rasa	311168	0
cmtuxiukl03t5vr102zqapv71	04 Dec 25	=HYPERLINK("http://localhost:3000/vouchers/cmtuxiukh03t1vr10nkvhhoc7", "25-0000505")	600100	Keperluan Dapur	Marcellino Christian	David - Makan di Ciak Tiam BSD	445803	0
cmtuxiukn03t7vr10u7kcmuzu	04 Dec 25	=HYPERLINK("http://localhost:3000/vouchers/cmtuxiukh03t1vr10nkvhhoc7", "25-0000505")	600100	Keperluan Dapur	Marcellino Christian	David - Makan di Tabur rasa dan Ciak Tiam BSD	0	756971
cmtuxiukq03tbvr103pi1nu8d	04 Dec 25	=HYPERLINK("http://localhost:3000/vouchers/cmtuxiuko03t9vr10icsu8wum", "25-0000506")	600100	Keperluan Dapur	Marcellino Christian	Darrel Karya - Makan di Leten by Paradise Dynasty	1083170	0
cmtuxiuks03tdvr10d32p45eo	04 Dec 25	=HYPERLINK("http://localhost:3000/vouchers/cmtuxiuko03t9vr10icsu8wum", "25-0000506")	600100	Keperluan Dapur	Marcellino Christian	Darrel Karya - Makan di Leten by Paradise Dynasty	0	1083170
cmtuxiukw03thvr102k8ze3am	04 Dec 25	=HYPERLINK("http://localhost:3000/vouchers/cmtuxiuku03tfvr10h67nswq2", "25-0000507")	600100	Keperluan Dapur	Marcellino Christian	Parkir Wisma BCA	4000	0
cmtuxiuky03tjvr10s5s79x4l	04 Dec 25	=HYPERLINK("http://localhost:3000/vouchers/cmtuxiuku03tfvr10h67nswq2", "25-0000507")	600100	Keperluan Dapur	Marcellino Christian	Popmie Soto 5 Pcs	15950	0
cmtuxiukz03tlvr10mo3p6uup	04 Dec 25	=HYPERLINK("http://localhost:3000/vouchers/cmtuxiuku03tfvr10h67nswq2", "25-0000507")	600100	Keperluan Dapur	Marcellino Christian	Teh Botol Sosro 12 Pcs	43980	0
cmtuxiul103tnvr10xxwq0a3x	04 Dec 25	=HYPERLINK("http://localhost:3000/vouchers/cmtuxiuku03tfvr10h67nswq2", "25-0000507")	600100	Keperluan Dapur	Marcellino Christian	Cocacola 10 Pcs	59900	0
cmtuxiul303tpvr10jimk0m67	04 Dec 25	=HYPERLINK("http://localhost:3000/vouchers/cmtuxiuku03tfvr10h67nswq2", "25-0000507")	600100	Keperluan Dapur	Marcellino Christian	Hydro Coco 500ML 8 Pcs	104000	0
cmtuxiul503trvr10lguanldr	04 Dec 25	=HYPERLINK("http://localhost:3000/vouchers/cmtuxiuku03tfvr10h67nswq2", "25-0000507")	600100	Keperluan Dapur	Marcellino Christian	Hydro Coco 250ML 23 Pcs	165370	0
cmtuxiul603ttvr10ukauodtc	04 Dec 25	=HYPERLINK("http://localhost:3000/vouchers/cmtuxiuku03tfvr10h67nswq2", "25-0000507")	600100	Keperluan Dapur	Marcellino Christian	Cap Panda Jelly 5 Pcs	30570	0
cmtuxiul803tvvr10zx3w1cd5	04 Dec 25	=HYPERLINK("http://localhost:3000/vouchers/cmtuxiuku03tfvr10h67nswq2", "25-0000507")	600100	Keperluan Dapur	Marcellino Christian	Susu Stoberi	29900	0
cmtuxiula03txvr105mr413mx	04 Dec 25	=HYPERLINK("http://localhost:3000/vouchers/cmtuxiuku03tfvr10h67nswq2", "25-0000507")	600016	Beban Perlengkapan Kantor	Marcellino Christian	Susu Vanilla	26400	0
cmtuxiulb03tzvr103dh282w7	04 Dec 25	=HYPERLINK("http://localhost:3000/vouchers/cmtuxiuku03tfvr10h67nswq2", "25-0000507")	600016	Beban Perlengkapan Kantor	Marcellino Christian	Susu Coklat	34900	0
cmtuxiuld03u1vr10usbm8p6w	04 Dec 25	=HYPERLINK("http://localhost:3000/vouchers/cmtuxiuku03tfvr10h67nswq2", "25-0000507")	600100	Keperluan Dapur	Marcellino Christian	Aqua Galon	21000	0
cmtuxiulf03u3vr10g2641e58	04 Dec 25	=HYPERLINK("http://localhost:3000/vouchers/cmtuxiuku03tfvr10h67nswq2", "25-0000507")	600018	Beban Materai	Marcellino Christian	Aqua 1 dus	50000	0
cmtuxiulh03u5vr10f9j0yuws	04 Dec 25	=HYPERLINK("http://localhost:3000/vouchers/cmtuxiuku03tfvr10h67nswq2", "25-0000507")	600018	Beban Materai	Marcellino Christian	Aqua Galon	21000	0
cmtuxiuli03u7vr10akki1ttm	04 Dec 25	=HYPERLINK("http://localhost:3000/vouchers/cmtuxiuku03tfvr10h67nswq2", "25-0000507")	600100	Keperluan Dapur	Marcellino Christian	Duplukasi Kunci Kantor	40000	0
cmtuxiulk03u9vr10oyn78ytk	04 Dec 25	=HYPERLINK("http://localhost:3000/vouchers/cmtuxiuku03tfvr10h67nswq2", "25-0000507")	600016	Beban Perlengkapan Kantor	Marcellino Christian	Bindex	30000	0
cmtuxiulm03ubvr10o4l0vlb7	04 Dec 25	=HYPERLINK("http://localhost:3000/vouchers/cmtuxiuku03tfvr10h67nswq2", "25-0000507")	600016	Beban Perlengkapan Kantor	Marcellino Christian	Aqua Galon	21000	0
cmtuxiulo03udvr10ppnm4vg5	04 Dec 25	=HYPERLINK("http://localhost:3000/vouchers/cmtuxiuku03tfvr10h67nswq2", "25-0000507")	100000	Kas	Marcellino Christian	Materai Tempel	200000	0
cmtuxiulp03ufvr105bzvrvro	04 Dec 25	=HYPERLINK("http://localhost:3000/vouchers/cmtuxiuku03tfvr10h67nswq2", "25-0000507")	100000	Kas	Marcellino Christian	Materai Tempel	300000	0
cmtuxiulr03uhvr10cknoiwil	04 Dec 25	=HYPERLINK("http://localhost:3000/vouchers/cmtuxiuku03tfvr10h67nswq2", "25-0000507")	100101	Bank BCA 4972579789	Marcellino Christian	Aqua Dus 1	50000	0
cmtuxiult03ujvr10hy9wk4k9	05 Dec 25	=HYPERLINK("http://localhost:3000/vouchers/cmtuxiuku03tfvr10h67nswq2", "25-0000507")	150005	Biaya Langsir, Jaga Malam, ongkos bongkar	Marcellino Christian	Stampel 1 Warna 3 PCS	210000	0
cmtuxiulu03ulvr10athtzfei	05 Dec 25	=HYPERLINK("http://localhost:3000/vouchers/cmtuxiuku03tfvr10h67nswq2", "25-0000507")	100101	Bank BCA 4972579789	Marcellino Christian	Stampel 2 Warna 2 PCS	180000	0
cmtuxiulw03unvr10bqrto705	05 Dec 25	=HYPERLINK("http://localhost:3000/vouchers/cmtuxiuku03tfvr10h67nswq2", "25-0000507")	600017	Beban Pajak	Marcellino Christian	Marcell - Pertanggung Jawaban Kas Kantor	0	1637970
cmtuxiuly03upvr10ijc8an8e	05 Dec 25	=HYPERLINK("http://localhost:3000/vouchers/cmtuxiuku03tfvr10h67nswq2", "25-0000507")	220001	Hutang Pph21	Marcellino Christian	Marcell - Pengisian Petty Cash Kantor	4000000	0
cmtuxium003urvr10apsi1eka	05 Dec 25	=HYPERLINK("http://localhost:3000/vouchers/cmtuxiuku03tfvr10h67nswq2", "25-0000507")	280000	Hutang Lain Lain	Marcellino Christian	Marcell - Pengisian Petty Cash Kantor	0	4000000
cmtuxium403uvvr10nlaycioi	05 Dec 25	=HYPERLINK("http://localhost:3000/vouchers/cmtuxium203utvr10mxb70tgx", "25-0000508")	100000	Kas	Marcellino Christian	Saji - BIaya Jaga Malam Modular, di Kerek dan Tuban	3039500	0
cmtuxium503uxvr1081bqi51r	05 Dec 25	=HYPERLINK("http://localhost:3000/vouchers/cmtuxium203utvr10mxb70tgx", "25-0000508")	140001	Pembelian Listrik	Marcellino Christian	Saji - BIaya Jaga Malam Modular, di Kerek dan Tuban	0	3039500
cmtuxium703uzvr10gz6h1ue2	05 Dec 25	=HYPERLINK("http://localhost:3000/vouchers/cmtuxium203utvr10mxb70tgx", "25-0000508")	220000	PPN Keluaran	Marcellino Christian	Saji - BIaya Jaga Malam Modular, di Kerek dan Tuban	75987	0
cmtuxium903v1vr106335pnf8	05 Dec 25	=HYPERLINK("http://localhost:3000/vouchers/cmtuxium203utvr10mxb70tgx", "25-0000508")	210009	Hutang Dagang PT. Gloria Mulya Jaya	Marcellino Christian	Saji - BIaya Jaga Malam Modular, di Kerek dan Tuban	0	75987
cmtuxiumd03v5vr10g5wwc4ey	05 Dec 25	=HYPERLINK("http://localhost:3000/vouchers/cmtuxiumb03v3vr10xqbrv6p9", "25-0000509")	150001	Ongkos Pasang AC dan Exhaust Fan ,jasa Instalasi Listrik	PT. Gloria Mulya Jaya	Hutang Lain Lain	3000000	0
cmtuxiume03v7vr10s66otuxp	05 Dec 25	=HYPERLINK("http://localhost:3000/vouchers/cmtuxiumb03v3vr10xqbrv6p9", "25-0000509")	220000	PPN Keluaran	PT. Gloria Mulya Jaya	Hutang Lain Lain	0	3000000
cmtuxiumi03vbvr10ihvox43f	05 Dec 25	=HYPERLINK("http://localhost:3000/vouchers/cmtuxiumg03v9vr1040mjdfuk", "25-0000510")	220002	Hutang Pph23	PT. Gloria Mulya Jaya	PT. Gloria Mulya Jaya - Faktur no GL/251200049 - Material Listrikdi Kerek, Tuban	3842342	0
cmtuxiumk03vdvr10ixsr17l7	05 Dec 25	=HYPERLINK("http://localhost:3000/vouchers/cmtuxiumg03v9vr1040mjdfuk", "25-0000510")	210009	Hutang Dagang PT. Gloria Mulya Jaya	PT. Gloria Mulya Jaya	PT. Gloria Mulya Jaya - Faktur no GL/251200049 - Material Listrikdi Kerek, Tuban	422658	0
cmtuxiumm03vfvr10ubj9mqjw	05 Dec 25	=HYPERLINK("http://localhost:3000/vouchers/cmtuxiumg03v9vr1040mjdfuk", "25-0000510")	150001	Ongkos Pasang AC dan Exhaust Fan ,jasa Instalasi Listrik	PT. Gloria Mulya Jaya	PT. Gloria Mulya Jaya - Faktur no GL/251200049 - Material Listrikdi Kerek, Tuban	0	4265000
cmtuxiump03vjvr10u07orza6	05 Dec 25	=HYPERLINK("http://localhost:3000/vouchers/cmtuxiumo03vhvr10743lh3bl", "25-0000511")	220000	PPN Keluaran	PT. Gloria Mulya Jaya	PT. Gloria Mulya Jaya - Faktur No GL/251200044 - PO 52/PO/PMB/X/2025 Jasa Instalasi Listrik daerah kerek, Tuban	1960360	0
cmtuxiumr03vlvr10ec23hga0	05 Dec 25	=HYPERLINK("http://localhost:3000/vouchers/cmtuxiumo03vhvr10743lh3bl", "25-0000511")	220002	Hutang Pph23	PT. Gloria Mulya Jaya	PT. Gloria Mulya Jaya - Faktur No GL/251200044 - PO 52/PO/PMB/X/2025 Jasa Instalasi Listrik daerah kerek, Tuban	215640	0
cmtuxiumt03vnvr10fjbz5aes	05 Dec 25	=HYPERLINK("http://localhost:3000/vouchers/cmtuxiumo03vhvr10743lh3bl", "25-0000511")	210009	Hutang Dagang PT. Gloria Mulya Jaya	PT. Gloria Mulya Jaya	PT. Gloria Mulya Jaya - Faktur No GL/251200044 - PO 52/PO/PMB/X/2025 Jasa Instalasi Listrik daerah kerek, Tuban	0	39208
cmtuxiumv03vpvr108p1amvpy	05 Dec 25	=HYPERLINK("http://localhost:3000/vouchers/cmtuxiumo03vhvr10743lh3bl", "25-0000511")	140001	Pembelian Listrik	PT. Gloria Mulya Jaya	PT. Gloria Mulya Jaya - Faktur No GL/251200044 - PO 52/PO/PMB/X/2025 Jasa Instalasi Listrik daerah kerek, Tuban	0	2136792
cmtuxiumz03vtvr10h4642d4s	05 Dec 25	=HYPERLINK("http://localhost:3000/vouchers/cmtuxiumx03vrvr10xv1xnyjk", "25-0000512")	220000	PPN Keluaran	PT. Gloria Mulya Jaya	PT. Gloria Mulya Jaya - Faktur No GL/251200050 - PO 58/PO/PMB/X/2025 - Jasa Instalasi Listrik daerah Kedung Adem, Bojonegoro	1960360	0
cmtuxiun103vvvr10pazw2qad	05 Dec 25	=HYPERLINK("http://localhost:3000/vouchers/cmtuxiumx03vrvr10xv1xnyjk", "25-0000512")	210009	Hutang Dagang PT. Gloria Mulya Jaya	PT. Gloria Mulya Jaya	PT. Gloria Mulya Jaya - Faktur No GL/251200050 - PO 58/PO/PMB/X/2025 - Jasa Instalasi Listrik daerah Kedung Adem, Bojonegoro	215640	0
cmtuxiun303vxvr10zvgfvgdk	05 Dec 25	=HYPERLINK("http://localhost:3000/vouchers/cmtuxiumx03vrvr10xv1xnyjk", "25-0000512")	150001	Ongkos Pasang AC dan Exhaust Fan ,jasa Instalasi Listrik	PT. Gloria Mulya Jaya	PT. Gloria Mulya Jaya - Faktur No GL/251200050 - PO 58/PO/PMB/X/2025 - Jasa Instalasi Listrik daerah Kedung Adem, Bojonegoro	0	39207
cmtuxiun403vzvr1057ky0d5c	05 Dec 25	=HYPERLINK("http://localhost:3000/vouchers/cmtuxiumx03vrvr10xv1xnyjk", "25-0000512")	220000	PPN Keluaran	PT. Gloria Mulya Jaya	PT. Gloria Mulya Jaya - Faktur No GL/251200050 - PO 58/PO/PMB/X/2025 - Jasa Instalasi Listrik daerah Kedung Adem, Bojonegoro	0	2136793
cmtuxiun803w3vr1068zqd6r1	05 Dec 25	=HYPERLINK("http://localhost:3000/vouchers/cmtuxiun603w1vr104cn4yeq6", "25-0000513")	220002	Hutang Pph23	PT. Gloria Mulya Jaya	PT. Gloria Mulya Jaya - Faktur No GL/251200043 - PO 52/PO/PMB/X/2025 - Material Listrik untuk dareah kedung adem,Bojonegoro	3842342	0
cmtuxiuna03w5vr10brd4ms8z	05 Dec 25	=HYPERLINK("http://localhost:3000/vouchers/cmtuxiun603w1vr104cn4yeq6", "25-0000513")	210009	Hutang Dagang PT. Gloria Mulya Jaya	PT. Gloria Mulya Jaya	PT. Gloria Mulya Jaya - Faktur No GL/251200043 - PO 52/PO/PMB/X/2025 - Material Listrik untuk dareah kedung adem,Bojonegoro	422658	0
cmtuxiunc03w7vr10oqkezulq	05 Dec 25	=HYPERLINK("http://localhost:3000/vouchers/cmtuxiun603w1vr104cn4yeq6", "25-0000513")	130003	Pembelian Barang dagangan AC,Exhaust Fan	PT. Gloria Mulya Jaya	PT. Gloria Mulya Jaya - Faktur No GL/251200043 - PO 52/PO/PMB/X/2025 - Material Listrik untuk dareah kedung adem,Bojonegoro	0	4265000
cmtuxiung03wbvr105gou5yre	05 Dec 25	=HYPERLINK("http://localhost:3000/vouchers/cmtuxiune03w9vr109jdklwdb", "25-0000514")	220000	PPN Keluaran	PT. Gloria Mulya Jaya	PT. Gloria Mulya Jaya - Faktur No GL/251200053 - PO 57/PO/PMB/X/2025 - Jasa Bongkar Pasang ACDi daerah ngulan-Dander	1277252	0
cmtuxiunh03wdvr10bvg78hyb	05 Dec 25	=HYPERLINK("http://localhost:3000/vouchers/cmtuxiune03w9vr109jdklwdb", "25-0000514")	210009	Hutang Dagang PT. Gloria Mulya Jaya	PT. Gloria Mulya Jaya	PT. Gloria Mulya Jaya - Faktur No GL/251200053 - PO 57/PO/PMB/X/2025 - Jasa Bongkar Pasang ACDi daerah ngulan-Dander	140498	0
cmtuxiunj03wfvr10hsp3haas	06 Dec 25	=HYPERLINK("http://localhost:3000/vouchers/cmtuxiune03w9vr109jdklwdb", "25-0000514")	140001	Pembelian Listrik	PT. Gloria Mulya Jaya	PT. Gloria Mulya Jaya - Faktur No GL/251200053 - PO 57/PO/PMB/X/2025 - Jasa Bongkar Pasang ACDi daerah ngulan-Dander	0	25545
cmtuxiunl03whvr10asq8lras	06 Dec 25	=HYPERLINK("http://localhost:3000/vouchers/cmtuxiune03w9vr109jdklwdb", "25-0000514")	220000	PPN Keluaran	PT. Gloria Mulya Jaya	PT. Gloria Mulya Jaya - Faktur No GL/251200053 - PO 57/PO/PMB/X/2025 - Jasa Bongkar Pasang ACDi daerah ngulan-Dander	0	1392205
cmtuxiuno03wlvr10bhk0ahgk	06 Dec 25	=HYPERLINK("http://localhost:3000/vouchers/cmtuxiunn03wjvr102z9e69wi", "25-0000515")	210011	Hutang Dagang Pembelian Alat Alat Listrik (PT. Pionir Elektrik Indonesia)	PT. Pionir Elektrik Indonesia	PT. Gloria Mulya Jaya - Faktur No GL/251200045 - PO 57/PO/PMB/X/2025 - Pembelian Kabel, Pipa dan Material AC untuk di daerah ngulan-Dander	841036	0
cmtuxiunq03wnvr10wxu2von9	06 Dec 25	=HYPERLINK("http://localhost:3000/vouchers/cmtuxiunn03wjvr102z9e69wi", "25-0000515")	181099	Piutang Lain-lain	PT. Pionir Elektrik Indonesia	PT. Gloria Mulya Jaya - Faktur No GL/251200045 - PO 57/PO/PMB/X/2025 - Pembelian Kabel, Pipa dan Material AC untuk di daerah ngulan-Dander	92514	0
cmtuxiuns03wpvr10sydk8j3d	06 Dec 25	=HYPERLINK("http://localhost:3000/vouchers/cmtuxiunn03wjvr102z9e69wi", "25-0000515")	210012	Hutang Dagang Pembelian Material & Listrik,Ongkos Kirim (CV. Pionir Elektrik Jakarta)	PT. Pionir Elektrik Indonesia	PT. Gloria Mulya Jaya - Faktur No GL/251200045 - PO 57/PO/PMB/X/2025 - Pembelian Kabel, Pipa dan Material AC untuk di daerah ngulan-Dander	0	933550
cmtuxiunw03wtvr10blvs94xc	08 Dec 25	=HYPERLINK("http://localhost:3000/vouchers/cmtuxiunu03wrvr100e2t13ss", "25-0000516")	150005	Biaya Langsir, Jaga Malam, ongkos bongkar	Mujiono	PT. Pionir Elektrik Indonesia - INV/906/PEI/DES/2025 - Pembelian Alat Listrik untuk daerah Kendal	11237838	0
cmtuxiuny03wvvr10um1pttnk	08 Dec 25	=HYPERLINK("http://localhost:3000/vouchers/cmtuxiunu03wrvr100e2t13ss", "25-0000516")	100101	Bank BCA 4972579789	Mujiono	PT. Pionir Elektrik Indonesia - INV/906/PEI/DES/2025 - Pembelian Alat Listrik untuk daerah Kendal	1236162	0
cmtuxiunz03wxvr10fzpjyxj0	08 Dec 25	=HYPERLINK("http://localhost:3000/vouchers/cmtuxiunu03wrvr100e2t13ss", "25-0000516")	720002	Beban Adm.Bank & Buku Cek/Giro	Mujiono	PT. Pionir Elektrik Indonesia - INV/906/PEI/DES/2025 - Pembelian Alat Listrik untuk daerah Kendal	0	12474000
cmtuxiuo303x1vr10o6q1cb4s	08 Dec 25	=HYPERLINK("http://localhost:3000/vouchers/cmtuxiuo103wzvr1071qdr41j", "25-0000517")	100101	Bank BCA 4972579789	Mujiono	CV. Pionir Elektrk Jakarta - Faktur No 481/PEJ/DES/2025 - PO 66/PO/PMB/X/2025- Pembelian Alat Listrik 1 Paket untuk Kendal	5963000	0
cmtuxiuo503x3vr10cgdfwrlk	08 Dec 25	=HYPERLINK("http://localhost:3000/vouchers/cmtuxiuo103wzvr1071qdr41j", "25-0000517")	600017	Beban Pajak	Mujiono	CV. Pionir Elektrk Jakarta - Faktur No 481/PEJ/DES/2025 - PO 66/PO/PMB/X/2025- Pembelian Alat Listrik 1 Paket untuk Kendal	0	5963000
cmtuxiuo903x7vr10wc6hx4jw	08 Dec 25	=HYPERLINK("http://localhost:3000/vouchers/cmtuxiuo703x5vr10zyfepsxi", "25-0000518")	220001	Hutang Pph21	Mujiono	Mujiono - Biaya Jaga Malam Modular, di Kedewan dan Kasiman	3750000	0
cmtuxiuoa03x9vr10lccjhybp	08 Dec 25	=HYPERLINK("http://localhost:3000/vouchers/cmtuxiuo703x5vr10zyfepsxi", "25-0000518")	600026	Outsourching	Mujiono	Mujiono - Biaya Jaga Malam Modular, di Kedewan dan Kasiman	0	3750000
cmtuxiuoc03xbvr108yhqq81u	08 Dec 25	=HYPERLINK("http://localhost:3000/vouchers/cmtuxiuo703x5vr10zyfepsxi", "25-0000518")	220002	Hutang Pph23	Mujiono	Mujiono - BIaya Admin Bifast Txn ke 009 Mujiono	2500	0
cmtuxiuod03xdvr10wgj52kn3	08 Dec 25	=HYPERLINK("http://localhost:3000/vouchers/cmtuxiuo703x5vr10zyfepsxi", "25-0000518")	100101	Bank BCA 4972579789	Mujiono	Mujiono - BIaya Admin Bifast Txn ke 009 Mujiono	0	2500
cmtuxiuof03xfvr104rupocpk	08 Dec 25	=HYPERLINK("http://localhost:3000/vouchers/cmtuxiuo703x5vr10zyfepsxi", "25-0000518")	600008	Beban Tunjangan BPJS Tenaga Kerja	Mujiono	Mujiono - Biaya Jaga Malam Modular, di Kedewan dan Kasiman	93750	0
cmtuxiuoh03xhvr10jfldt6ri	08 Dec 25	=HYPERLINK("http://localhost:3000/vouchers/cmtuxiuo703x5vr10zyfepsxi", "25-0000518")	600009	Beban Asuransi Karyawan	Mujiono	Mujiono - Biaya Jaga Malam Modular, di Kedewan dan Kasiman	0	93750
cmtuxiuol03xlvr10xhu4ug9p	08 Dec 25	=HYPERLINK("http://localhost:3000/vouchers/cmtuxiuoj03xjvr10off4iw2t", "25-0000519")	100101	Bank BCA 4972579789	BPJS Ketenagakerjaan	PT. Megah Surya Transportasindo - Jasa Kirim Food Tray Jakarta Ke Bojonegoro	6600000	0
cmtuxiuom03xnvr10io9hkdfz	08 Dec 25	=HYPERLINK("http://localhost:3000/vouchers/cmtuxiuoj03xjvr10off4iw2t", "25-0000519")	150001	Ongkos Pasang AC dan Exhaust Fan ,jasa Instalasi Listrik	BPJS Ketenagakerjaan	PT. Megah Surya Transportasindo - Jasa Kirim Food Tray Jakarta Ke Bojonegoro	0	132000
cmtuxiuoo03xpvr102xzmsgdy	08 Dec 25	=HYPERLINK("http://localhost:3000/vouchers/cmtuxiuoj03xjvr10off4iw2t", "25-0000519")	220000	PPN Keluaran	BPJS Ketenagakerjaan	PT. Megah Surya Transportasindo - Jasa Kirim Food Tray Jakarta Ke Bojonegoro	0	6468000
cmtuxiuos03xtvr10nusd8nmp	08 Dec 25	=HYPERLINK("http://localhost:3000/vouchers/cmtuxiuoq03xrvr10mifhvbll", "25-0000520")	220002	Hutang Pph23	PT. Gloria Mulya Jaya	Iuran BPJS Ketenagakerjaan bulan Desember 2025	1717200	0
cmtuxiuot03xvvr104pao4raw	08 Dec 25	=HYPERLINK("http://localhost:3000/vouchers/cmtuxiuoq03xrvr10mifhvbll", "25-0000520")	210009	Hutang Dagang PT. Gloria Mulya Jaya	PT. Gloria Mulya Jaya	Iuran BPJS Ketenagakerjaan bulan Desember 2025	810000	0
cmtuxiuov03xxvr10augpeju2	08 Dec 25	=HYPERLINK("http://localhost:3000/vouchers/cmtuxiuoq03xrvr10mifhvbll", "25-0000520")	130003	Pembelian Barang dagangan AC,Exhaust Fan	PT. Gloria Mulya Jaya	Iuran BPJS Ketenagakerjaan bulan Desember 2025	0	2527200
cmtuxiuoz03y1vr10jw6g6qeh	08 Dec 25	=HYPERLINK("http://localhost:3000/vouchers/cmtuxiuox03xzvr10w3du91f5", "25-0000521")	220000	PPN Keluaran	PT. Gloria Mulya Jaya	PT. Gloria Mulya Jaya - Faktur No GL/251200058 - PO 41/PO/PMB/X/2025 - Jasa Pemasangan AC dan Exhaust Fan di daerah Purworejo, Wonosobo	39355856	0
cmtuxiup103y3vr10tbv4b7br	08 Dec 25	=HYPERLINK("http://localhost:3000/vouchers/cmtuxiuox03xzvr10w3du91f5", "25-0000521")	120003	Uang Muka Pembelian AC,Exhaust Fan	PT. Gloria Mulya Jaya	PT. Gloria Mulya Jaya - Faktur No GL/251200058 - PO 41/PO/PMB/X/2025 - Jasa Pemasangan AC dan Exhaust Fan di daerah Purworejo, Wonosobo	4329144	0
cmtuxiup303y5vr10an22q3rj	08 Dec 25	=HYPERLINK("http://localhost:3000/vouchers/cmtuxiuox03xzvr10w3du91f5", "25-0000521")	210009	Hutang Dagang PT. Gloria Mulya Jaya	PT. Gloria Mulya Jaya	PT. Gloria Mulya Jaya - Faktur No GL/251200058 - PO 41/PO/PMB/X/2025 - Jasa Pemasangan AC dan Exhaust Fan di daerah Purworejo, Wonosobo	0	787117
cmtuxiup503y7vr108sr6ez2e	10 Dec 25	=HYPERLINK("http://localhost:3000/vouchers/cmtuxiuox03xzvr10w3du91f5", "25-0000521")	150000	Ongkos Pasang Modular	PT. Gloria Mulya Jaya	PT. Gloria Mulya Jaya - Faktur No GL/251200058 - PO 41/PO/PMB/X/2025 - Jasa Pemasangan AC dan Exhaust Fan di daerah Purworejo, Wonosobo	0	42897883
cmtuxiup903ybvr10fvuc4uoe	10 Dec 25	=HYPERLINK("http://localhost:3000/vouchers/cmtuxiup703y9vr10gpi45dxi", "25-0000522")	220001	Hutang Pph21	Maun	PT. Gloria Mulya Jaya - Faktur No GL/251200057 - PO 41/PO/PMB/X/2025 - Pembelian AC dan Exhaust Fan di daerah Purworejo, Wonosobo,Bojonegoro	333532432	0
cmtuxiupb03ydvr10nqizf5yy	10 Dec 25	=HYPERLINK("http://localhost:3000/vouchers/cmtuxiup703y9vr10gpi45dxi", "25-0000522")	210008	Hutang Dagang Ongkos Pasang Modular dan material Listrik (Surya/Firman Nurwegian/Ade Tatang/Maun/PT Dwicipta Surya Abadi)	Maun	PT. Gloria Mulya Jaya - Faktur No GL/251200057 - PO 41/PO/PMB/X/2025 - Pembelian AC dan Exhaust Fan di daerah Purworejo, Wonosobo,Bojonegoro	36688568	0
cmtuxiupc03yfvr10jvexibgy	10 Dec 25	=HYPERLINK("http://localhost:3000/vouchers/cmtuxiup703y9vr10gpi45dxi", "25-0000522")	150000	Ongkos Pasang Modular	Maun	PT Gloria Mulya Jaya - DP 30% 10 Titik (Purworejo, Wonosobo dan Bojonegoro) - Voucher no 405	0	124171800
cmtuxiupe03yhvr10bxfrv94j	10 Dec 25	=HYPERLINK("http://localhost:3000/vouchers/cmtuxiup703y9vr10gpi45dxi", "25-0000522")	220001	Hutang Pph21	Maun	PT. Gloria Mulya Jaya - Faktur No GL/251200057 - PO 41/PO/PMB/X/2025 - Pembelian AC dan Exhaust Fan di daerah Purworejo, Wonosobo,Bojonegoro	0	246049200
cmtuxiupi03ylvr10gysvw26h	10 Dec 25	=HYPERLINK("http://localhost:3000/vouchers/cmtuxiupg03yjvr103ynzw5yp", "25-0000523")	210008	Hutang Dagang Ongkos Pasang Modular dan material Listrik (Surya/Firman Nurwegian/Ade Tatang/Maun/PT Dwicipta Surya Abadi)	Maun	Maun - 0041/INV/DSA/XII/25 - PO 22/PO/PMB/X/2025 - Pembayaran ke 2 (30%) - Upah pasang modular di titik lokasi ds Mangir-Kec Rogojampi kab Banyuwangi	24000000	0
cmtuxiupk03ynvr10j16v3jld	10 Dec 25	=HYPERLINK("http://localhost:3000/vouchers/cmtuxiupg03yjvr103ynzw5yp", "25-0000523")	150000	Ongkos Pasang Modular	Maun	Maun - 0041/INV/DSA/XII/25 - PO 22/PO/PMB/X/2025 - Pembayaran ke 2 (30%) - Upah pasang modular di titik lokasi ds Mangir-Kec Rogojampi kab Banyuwangi	0	600000
cmtuxiupm03ypvr10i2wamwz8	10 Dec 25	=HYPERLINK("http://localhost:3000/vouchers/cmtuxiupg03yjvr103ynzw5yp", "25-0000523")	220001	Hutang Pph21	Maun	Maun - 0041/INV/DSA/XII/25 - PO 22/PO/PMB/X/2025 - Pembayaran ke 2 (30%) - Upah pasang modular di titik lokasi ds Mangir-Kec Rogojampi kab Banyuwangi	0	23400000
cmtuxiupp03ytvr106wd261f0	10 Dec 25	=HYPERLINK("http://localhost:3000/vouchers/cmtuxiupn03yrvr10mb0tuflf", "25-0000524")	210008	Hutang Dagang Ongkos Pasang Modular dan material Listrik (Surya/Firman Nurwegian/Ade Tatang/Maun/PT Dwicipta Surya Abadi)	Maun	Maun - 0038/INV/DSA/XII/25 - PO NO 21/PO/PMB/X/2025 - Pembayaran ke 2 (30%) - Upah pasang modular di titik lokasi Ds Genteng Kulon - Kec Genteng, Kab Banyuwangi	24000000	0
cmtuxiupr03yvvr10k1ich0mb	10 Dec 25	=HYPERLINK("http://localhost:3000/vouchers/cmtuxiupn03yrvr10mb0tuflf", "25-0000524")	150000	Ongkos Pasang Modular	Maun	Maun - 0038/INV/DSA/XII/25 - PO NO 21/PO/PMB/X/2025 - Pembayaran ke 2 (30%) - Upah pasang modular di titik lokasi Ds Genteng Kulon - Kec Genteng, Kab Banyuwangi	0	600000
cmtuxiupt03yxvr10mc7cf1j0	10 Dec 25	=HYPERLINK("http://localhost:3000/vouchers/cmtuxiupn03yrvr10mb0tuflf", "25-0000524")	220001	Hutang Pph21	Maun	Maun - 0038/INV/DSA/XII/25 - PO NO 21/PO/PMB/X/2025 - Pembayaran ke 2 (30%) - Upah pasang modular di titik lokasi Ds Genteng Kulon - Kec Genteng, Kab Banyuwangi	0	23400000
cmtuxiupw03z1vr10eo93bx7r	10 Dec 25	=HYPERLINK("http://localhost:3000/vouchers/cmtuxiupu03yzvr10u5858pqc", "25-0000525")	210008	Hutang Dagang Ongkos Pasang Modular dan material Listrik (Surya/Firman Nurwegian/Ade Tatang/Maun/PT Dwicipta Surya Abadi)	Maun	Maun - 0039/INV/DSA/XII/25 - Pembayaran ke 2 (30%) - Upah pasang modular di titik lokasi Ds Krikilan - Kec Glenmore,Kab Banyuwangi	24000000	0
cmtuxiupy03z3vr1062upyk84	10 Dec 25	=HYPERLINK("http://localhost:3000/vouchers/cmtuxiupu03yzvr10u5858pqc", "25-0000525")	150000	Ongkos Pasang Modular	Maun	Maun - 0039/INV/DSA/XII/25 - Pembayaran ke 2 (30%) - Upah pasang modular di titik lokasi Ds Krikilan - Kec Glenmore,Kab Banyuwangi	0	600000
cmtuxiupz03z5vr10aeh5fxzc	10 Dec 25	=HYPERLINK("http://localhost:3000/vouchers/cmtuxiupu03yzvr10u5858pqc", "25-0000525")	220001	Hutang Pph21	Maun	Maun - 0039/INV/DSA/XII/25 - Pembayaran ke 2 (30%) - Upah pasang modular di titik lokasi Ds Krikilan - Kec Glenmore,Kab Banyuwangi	0	23400000
cmtuxiuq303z9vr103tsmopw5	10 Dec 25	=HYPERLINK("http://localhost:3000/vouchers/cmtuxiuq103z7vr109wshyh8n", "25-0000526")	210008	Hutang Dagang Ongkos Pasang Modular dan material Listrik (Surya/Firman Nurwegian/Ade Tatang/Maun/PT Dwicipta Surya Abadi)	Maun	Maun - 0042/INV/DSA/XII/25 - PO no 23/PO/PMB/25 - Pembayaran ke 2 (30%) - Upah pasang modular di titik lokasi Ds Singolatren - Kec Singojuruh, Kab Banyuwangi	24000000	0
cmtuxiuq503zbvr10bgdixjaz	11 Dec 25	=HYPERLINK("http://localhost:3000/vouchers/cmtuxiuq103z7vr109wshyh8n", "25-0000526")	100101	Bank BCA 4972579789	Maun	Maun - 0042/INV/DSA/XII/25 - PO no 23/PO/PMB/25 - Pembayaran ke 2 (30%) - Upah pasang modular di titik lokasi Ds Singolatren - Kec Singojuruh, Kab Banyuwangi	0	600000
cmtuxiuq703zdvr10rpu2kkct	11 Dec 25	=HYPERLINK("http://localhost:3000/vouchers/cmtuxiuq103z7vr109wshyh8n", "25-0000526")	180000	Pinjaman Karyawan Johan Hariyanto	Maun	Maun - 0042/INV/DSA/XII/25 - PO no 23/PO/PMB/25 - Pembayaran ke 2 (30%) - Upah pasang modular di titik lokasi Ds Singolatren - Kec Singojuruh, Kab Banyuwangi	0	23400000
cmtuxiuqa03zhvr10dlb3qc5l	11 Dec 25	=HYPERLINK("http://localhost:3000/vouchers/cmtuxiuq803zfvr10tnwwtpgf", "25-0000527")	100101	Bank BCA 4972579789	PT. Prima Mira Bersama ( BCA )	Maun - 0040/INV/DSA/XII/25 - PO 25/PO/PMB/2025 - Pembayaran ke 2 (30%) - Upah pasang modular di titik lokasi Ds. Tamanagung - Kec. Cluring, Kab Banyuwangi	24000000	0
cmtuxiuqc03zjvr105kgdkjqm	11 Dec 25	=HYPERLINK("http://localhost:3000/vouchers/cmtuxiuq803zfvr10tnwwtpgf", "25-0000527")	230000	Hutang Pemegang Saham William Ong	PT. Prima Mira Bersama ( BCA )	Maun - 0040/INV/DSA/XII/25 - PO 25/PO/PMB/2025 - Pembayaran ke 2 (30%) - Upah pasang modular di titik lokasi Ds. Tamanagung - Kec. Cluring, Kab Banyuwangi	0	600000
cmtuxiuqe03zlvr10ubff3pz3	11 Dec 25	=HYPERLINK("http://localhost:3000/vouchers/cmtuxiuq803zfvr10tnwwtpgf", "25-0000527")	220001	Hutang Pph21	PT. Prima Mira Bersama ( BCA )	Maun - 0040/INV/DSA/XII/25 - PO 25/PO/PMB/2025 - Pembayaran ke 2 (30%) - Upah pasang modular di titik lokasi Ds. Tamanagung - Kec. Cluring, Kab Banyuwangi	0	23400000
cmtuxiuqi03zpvr10llalqymi	11 Dec 25	=HYPERLINK("http://localhost:3000/vouchers/cmtuxiuqg03znvr106wix6ovy", "25-0000528")	100101	Bank BCA 4972579789	Direktorat Jenderal Pajak	Johan Hariyanto - Bayar Pinjaman	50000000	0
cmtuxiuqj03zrvr10221atara	11 Dec 25	=HYPERLINK("http://localhost:3000/vouchers/cmtuxiuqg03znvr106wix6ovy", "25-0000528")	220002	Hutang Pph23	Direktorat Jenderal Pajak	Johan Hariyanto - Bayar Pinjaman	0	50000000
cmtuxiuqn03zvvr101li61c0s	11 Dec 25	=HYPERLINK("http://localhost:3000/vouchers/cmtuxiuql03ztvr1026566wfg", "25-0000529")	220003	Hutang PPh Final	Direktorat Jenderal Pajak	Pinjaman dari William Ong	300000000	0
cmtuxiuqp03zxvr1091uw1t13	11 Dec 25	=HYPERLINK("http://localhost:3000/vouchers/cmtuxiuql03ztvr1026566wfg", "25-0000529")	100101	Bank BCA 4972579789	Direktorat Jenderal Pajak	pinjaman dari William Ong	0	300000000
cmtuxiuqs0401vr10vh45vtgh	11 Dec 25	=HYPERLINK("http://localhost:3000/vouchers/cmtuxiuqr03zzvr10dfps5565", "25-0000530")	220003	Hutang PPh Final	Direktorat Jenderal Pajak	Kantor Pajak - Pembayaran Pajak Pph21 - November 2025	22020700	0
cmtuxiuqu0403vr10we351f1i	11 Dec 25	=HYPERLINK("http://localhost:3000/vouchers/cmtuxiuqr03zzvr10dfps5565", "25-0000530")	100101	Bank BCA 4972579789	Direktorat Jenderal Pajak	Kantor Pajak - Pembayaran Pajak Pph21 - November 2025	0	22020700
cmtuxiuqy0407vr10f47edwh7	12 Dec 25	=HYPERLINK("http://localhost:3000/vouchers/cmtuxiuqw0405vr108z9tsxlq", "25-0000531")	240000	Biaya Yang Masih Harus Di Bayar Pak David	PT. Prima Mira Bersama ( BCA )	Kantor Pajak - Pembayaran Pajak Unifikasi - November 2025	5847117	0
cmtuxiur00409vr10uihdc187	12 Dec 25	=HYPERLINK("http://localhost:3000/vouchers/cmtuxiuqw0405vr108z9tsxlq", "25-0000531")	100101	Bank BCA 4972579789	PT. Prima Mira Bersama ( BCA )	Kantor Pajak - Pembayaran Pajak Unifikasi - November 2025	15600000	0
cmtuxiur1040bvr1059dslxd1	12 Dec 25	=HYPERLINK("http://localhost:3000/vouchers/cmtuxiuqw0405vr108z9tsxlq", "25-0000531")	280000	Hutang Lain Lain	PT. Prima Mira Bersama ( BCA )	Kantor Pajak - Pembayaran Pajak Unifikasi - November 2025	0	21447117
cmtuxiur5040fvr1027sxnoz6	12 Dec 25	=HYPERLINK("http://localhost:3000/vouchers/cmtuxiur3040dvr100movjob3", "25-0000532")	100101	Bank BCA 4972579789	Darell Karya	Kantor Pajak - Pembayaran Pajak - Juni 2025	5000000	0
cmtuxiur7040hvr10o125roiy	12 Dec 25	=HYPERLINK("http://localhost:3000/vouchers/cmtuxiur3040dvr100movjob3", "25-0000532")	100101	Bank BCA 4972579789	Darell Karya	Kantor Pajak - Pembayaran Pajak Pph23 - Juni 2025	0	5000000
cmtuxiurb040lvr104w2xl6b5	12 Dec 25	=HYPERLINK("http://localhost:3000/vouchers/cmtuxiur9040jvr10x6w0w4a0", "25-0000533")	110002	Piutang Yayasan Digdaya Tunas Nusantara	PT. Prima Mira Bersama ( BCA )	Gaji KARYAWAN BULAN NOVEMBER 2025	62600000	0
cmtuxiurc040nvr100dd2c286	12 Dec 25	=HYPERLINK("http://localhost:3000/vouchers/cmtuxiur9040jvr10x6w0w4a0", "25-0000533")	100101	Bank BCA 4972579789	PT. Prima Mira Bersama ( BCA )	Gaji KARYAWAN BULAN NOVEMBER 2025	0	62600000
cmtuxiurg040rvr10euyhumni	12 Dec 25	=HYPERLINK("http://localhost:3000/vouchers/cmtuxiure040pvr104353ienn", "25-0000534")	180000	Pinjaman Karyawan Johan Hariyanto	Johan Hariyanto	Darrel Karya - Biaya Sewa Kantor 1 Tahun	45000000	0
cmtuxiuri040tvr10bzut5ubq	12 Dec 25	=HYPERLINK("http://localhost:3000/vouchers/cmtuxiure040pvr104353ienn", "25-0000534")	600100	Keperluan Dapur	Johan Hariyanto	Darrel Karya - Biaya Sewa Kantor 1 Tahun	0	45000000
cmtuxiurm040xvr101ngb8zjq	12 Dec 25	=HYPERLINK("http://localhost:3000/vouchers/cmtuxiurk040vvr10d61g607u", "25-0000535")	600100	Keperluan Dapur	Marcellino Christian	Penjualan Alat Dapur - 5 Titik Pasuruan	2150988500	0
cmtuxiurn040zvr10gjr24vzc	12 Dec 25	=HYPERLINK("http://localhost:3000/vouchers/cmtuxiurk040vvr10d61g607u", "25-0000535")	600100	Keperluan Dapur	Marcellino Christian	Penjualan Alat Dapur - 5 Titik Pasuruan	0	2150988500
cmtuxiurr0413vr1087mfxa3y	12 Dec 25	=HYPERLINK("http://localhost:3000/vouchers/cmtuxiurp0411vr10vs5xl6pd", "25-0000536")	600100	Keperluan Dapur	Marcellino Christian	Johan Hariyanto - Bayar Pinjaman	22170000	0
cmtuxiurt0415vr10ozjrxr5f	12 Dec 25	=HYPERLINK("http://localhost:3000/vouchers/cmtuxiurp0411vr10vs5xl6pd", "25-0000536")	600100	Keperluan Dapur	Marcellino Christian	Johan Hariyanto - Bayar Pinjaman	0	22170000
cmtuxiurw0419vr107mbkdd8p	12 Dec 25	=HYPERLINK("http://localhost:3000/vouchers/cmtuxiurv0417vr103t6pghin", "25-0000537")	600100	Keperluan Dapur	Marcellino Christian	Aqua Isi Ulang	21000	0
cmtuxiury041bvr10gica0lph	12 Dec 25	=HYPERLINK("http://localhost:3000/vouchers/cmtuxiurv0417vr103t6pghin", "25-0000537")	600100	Keperluan Dapur	Marcellino Christian	Pewangi ruangan	94490	0
cmtuxius0041dvr100yoiitd0	12 Dec 25	=HYPERLINK("http://localhost:3000/vouchers/cmtuxiurv0417vr103t6pghin", "25-0000537")	600100	Keperluan Dapur	Marcellino Christian	Soklin lantai	18980	0
cmtuxius1041fvr100htbthpf	12 Dec 25	=HYPERLINK("http://localhost:3000/vouchers/cmtuxiurv0417vr103t6pghin", "25-0000537")	600100	Keperluan Dapur	Marcellino Christian	Soklin lantai FC	9490	0
cmtuxius3041hvr105hoin6s3	12 Dec 25	=HYPERLINK("http://localhost:3000/vouchers/cmtuxiurv0417vr103t6pghin", "25-0000537")	600100	Keperluan Dapur	Marcellino Christian	Pengawet Kayu	22990	0
cmtuxius5041jvr105xai55mh	12 Dec 25	=HYPERLINK("http://localhost:3000/vouchers/cmtuxiurv0417vr103t6pghin", "25-0000537")	600016	Beban Perlengkapan Kantor	Marcellino Christian	Sabun Ekonomi	11180	0
cmtuxius7041lvr10ps3fqr7g	12 Dec 25	=HYPERLINK("http://localhost:3000/vouchers/cmtuxiurv0417vr103t6pghin", "25-0000537")	600016	Beban Perlengkapan Kantor	Marcellino Christian	Kamper Swallow	22940	0
cmtuxius8041nvr103vr56giq	12 Dec 25	=HYPERLINK("http://localhost:3000/vouchers/cmtuxiurv0417vr103t6pghin", "25-0000537")	600016	Beban Perlengkapan Kantor	Marcellino Christian	Isi Pewangi Ruangan	39490	0
cmtuxiusa041pvr10t3zx0582	12 Dec 25	=HYPERLINK("http://localhost:3000/vouchers/cmtuxiurv0417vr103t6pghin", "25-0000537")	600016	Beban Perlengkapan Kantor	Marcellino Christian	HIT Aerosol ORG	32900	0
cmtuxiusc041rvr10icqluy58	12 Dec 25	=HYPERLINK("http://localhost:3000/vouchers/cmtuxiurv0417vr103t6pghin", "25-0000537")	600016	Beban Perlengkapan Kantor	Marcellino Christian	Tas Belanja	2590	0
cmtuxiuse041tvr10rgoeb7i1	12 Dec 25	=HYPERLINK("http://localhost:3000/vouchers/cmtuxiurv0417vr103t6pghin", "25-0000537")	181099	Piutang Lain-lain	Marcellino Christian	Correction Tape	11000	0
cmtuxiusf041vvr10dadxcwm8	12 Dec 25	=HYPERLINK("http://localhost:3000/vouchers/cmtuxiurv0417vr103t6pghin", "25-0000537")	600016	Beban Perlengkapan Kantor	Marcellino Christian	Serutan Pensil	3000	0
cmtuxiush041xvr10g6s7lug2	12 Dec 25	=HYPERLINK("http://localhost:3000/vouchers/cmtuxiurv0417vr103t6pghin", "25-0000537")	600016	Beban Perlengkapan Kantor	Marcellino Christian	Pensil	2000	0
cmtuxiusj041zvr10iegwlo6c	12 Dec 25	=HYPERLINK("http://localhost:3000/vouchers/cmtuxiurv0417vr103t6pghin", "25-0000537")	600016	Beban Perlengkapan Kantor	Marcellino Christian	Faber Castel Pulpen 12 Set	48000	0
cmtuxiusl0421vr10to5n8aza	12 Dec 25	=HYPERLINK("http://localhost:3000/vouchers/cmtuxiurv0417vr103t6pghin", "25-0000537")	600016	Beban Perlengkapan Kantor	Marcellino Christian	Tinta Printer Epson	106000	0
cmtuxiusn0423vr10z3ptllk9	12 Dec 25	=HYPERLINK("http://localhost:3000/vouchers/cmtuxiurv0417vr103t6pghin", "25-0000537")	181099	Piutang Lain-lain	Marcellino Christian	Parkir Gramedia	3000	0
cmtuxiusp0425vr107id4ouqi	12 Dec 25	=HYPERLINK("http://localhost:3000/vouchers/cmtuxiurv0417vr103t6pghin", "25-0000537")	600100	Keperluan Dapur	Marcellino Christian	Isi Ulang Aqua	21000	0
cmtuxiusr0427vr10c4ze2ql8	12 Dec 25	=HYPERLINK("http://localhost:3000/vouchers/cmtuxiurv0417vr103t6pghin", "25-0000537")	600100	Keperluan Dapur	Marcellino Christian	Susu	9000	0
cmtuxiust0429vr10r0se1fh5	12 Dec 25	=HYPERLINK("http://localhost:3000/vouchers/cmtuxiurv0417vr103t6pghin", "25-0000537")	600100	Keperluan Dapur	Marcellino Christian	Goodday Capucino	22000	0
cmtuxiusv042bvr10eh7mqaj7	12 Dec 25	=HYPERLINK("http://localhost:3000/vouchers/cmtuxiurv0417vr103t6pghin", "25-0000537")	600100	Keperluan Dapur	Marcellino Christian	Aqua Galon	21000	0
cmtuxiusw042dvr10qxo9si9y	12 Dec 25	=HYPERLINK("http://localhost:3000/vouchers/cmtuxiurv0417vr103t6pghin", "25-0000537")	600100	Keperluan Dapur	Marcellino Christian	Aqua Dus	50000	0
cmtuxiusz042fvr10u54bniao	12 Dec 25	=HYPERLINK("http://localhost:3000/vouchers/cmtuxiurv0417vr103t6pghin", "25-0000537")	181099	Piutang Lain-lain	Marcellino Christian	Parkir Wisma BCA	4000	0
cmtuxiut1042hvr10l4yvnhh0	12 Dec 25	=HYPERLINK("http://localhost:3000/vouchers/cmtuxiurv0417vr103t6pghin", "25-0000537")	181099	Piutang Lain-lain	Marcellino Christian	Bensin mas ende	25000	0
cmtuxiut2042jvr10013t0pz3	12 Dec 25	=HYPERLINK("http://localhost:3000/vouchers/cmtuxiurv0417vr103t6pghin", "25-0000537")	600100	Keperluan Dapur	Marcellino Christian	Teh Botol Kotak	46770	0
cmtuxiut4042lvr103vaskpgn	12 Dec 25	=HYPERLINK("http://localhost:3000/vouchers/cmtuxiurv0417vr103t6pghin", "25-0000537")	600100	Keperluan Dapur	Marcellino Christian	Hydro coco 250 ML 23 pcs	187090	0
cmtuxiut6042nvr10m7kwyyni	12 Dec 25	=HYPERLINK("http://localhost:3000/vouchers/cmtuxiurv0417vr103t6pghin", "25-0000537")	600100	Keperluan Dapur	Marcellino Christian	Hydro coco 500 ML 12 pcs	195600	0
cmtuxiut8042pvr10eq6dejdk	12 Dec 25	=HYPERLINK("http://localhost:3000/vouchers/cmtuxiurv0417vr103t6pghin", "25-0000537")	600100	Keperluan Dapur	Marcellino Christian	Cap Panda Jelly 5 Pcs	30570	0
cmtuxiut9042rvr10vnub0py6	12 Dec 25	=HYPERLINK("http://localhost:3000/vouchers/cmtuxiurv0417vr103t6pghin", "25-0000537")	600100	Keperluan Dapur	Marcellino Christian	Susu Milk Life Stroberi 10 pcs	29900	0
cmtuxiutb042tvr10fsdq0mdf	12 Dec 25	=HYPERLINK("http://localhost:3000/vouchers/cmtuxiurv0417vr103t6pghin", "25-0000537")	600100	Keperluan Dapur	Marcellino Christian	Susu Milk Life Coklat 10 pcs	29900	0
cmtuxiutd042vvr1050v0aerz	12 Dec 25	=HYPERLINK("http://localhost:3000/vouchers/cmtuxiurv0417vr103t6pghin", "25-0000537")	600100	Keperluan Dapur	Marcellino Christian	Popmie Soto 5 Pcs	17940	0
cmtuxiutf042xvr104qrykz37	12 Dec 25	=HYPERLINK("http://localhost:3000/vouchers/cmtuxiurv0417vr103t6pghin", "25-0000537")	100000	Kas	Marcellino Christian	Marcell - Pertanggung Jawaban KAs Kantor	0	1138820
cmtuxiutg042zvr10rb7d4xng	12 Dec 25	=HYPERLINK("http://localhost:3000/vouchers/cmtuxiurv0417vr103t6pghin", "25-0000537")	100000	Kas	Marcellino Christian	Marcell - Pengisian Petty Cash Kantor	1138820	0
cmtuxiuti0431vr1063qh6r88	12 Dec 25	=HYPERLINK("http://localhost:3000/vouchers/cmtuxiurv0417vr103t6pghin", "25-0000537")	100101	Bank BCA 4972579789	Marcellino Christian	Marcell - Pengisian Petty Cash Kantor	0	1138820
cmtuxiutm0435vr1066h38iy0	12 Dec 25	=HYPERLINK("http://localhost:3000/vouchers/cmtuxiutk0433vr10yhcf4pz7", "25-0000538")	130002	Pembelian Barang dagangan Food Tray	PT. Sumber Digital Media	Sumber Digital Media -Faktur No 25000807 - Faktur Pajak no 04002500415324837 - Pelunasan Food Tray 40.000 pcs	1405405384	0
cmtuxiutn0437vr1062qlygau	12 Dec 25	=HYPERLINK("http://localhost:3000/vouchers/cmtuxiutk0433vr10yhcf4pz7", "25-0000538")	220000	PPN Keluaran	PT. Sumber Digital Media	Sumber Digital Media -Faktur No 25000807 - Faktur Pajak no 04002500415324837 - Pelunasan Food Tray 40.000 pcs	154594616	0
cmtuxiutq0439vr10lk50nhet	12 Dec 25	=HYPERLINK("http://localhost:3000/vouchers/cmtuxiutk0433vr10yhcf4pz7", "25-0000538")	100101	Bank BCA 4972579789	PT. Sumber Digital Media	Sumber Digital Media -Faktur No 25000807 - Faktur Pajak no 04002500415324837 - Pelunasan Food Tray 40.000 pcs	0	1092000000
cmtuxiutr043bvr105gdgtcsl	12 Dec 25	=HYPERLINK("http://localhost:3000/vouchers/cmtuxiutk0433vr10yhcf4pz7", "25-0000538")	120002	Uang Muka Pembelian Barang dagangan Food Tray	PT. Sumber Digital Media	Sumber Digital Media -Faktur No 25000807 - Faktur Pajak no 04002500415324837 - Pelunasan Food Tray 40.000 pcs	0	468000000
cmtuxiutv043fvr106susfzn4	12 Dec 25	=HYPERLINK("http://localhost:3000/vouchers/cmtuxiutt043dvr10ezgef66e", "25-0000539")	720002	Beban Adm.Bank & Buku Cek/Giro	PT. Prima Mira Bersama ( Mandiri )	Biaya Adm Bulanan Bank Mandiri	10000	0
cmtuxiutx043hvr10e9tq9p8m	12 Dec 25	=HYPERLINK("http://localhost:3000/vouchers/cmtuxiutt043dvr10ezgef66e", "25-0000539")	100102	Bank Mandiri 1640007306519	PT. Prima Mira Bersama ( Mandiri )	Biaya Adm Bulanan Bank Mandiri	0	10000
cmtuxiuu1043lvr10pch4uyve	12 Dec 25	=HYPERLINK("http://localhost:3000/vouchers/cmtuxiutz043jvr106isrrwtr", "25-0000540")	110002	Piutang Yayasan Digdaya Tunas Nusantara	Adjustment	Yayasan Digdaya Tunas Nusantara - 03.PMB.INV.XII.2025 - Faktur Pajak 04002500449308573	853692758	0
cmtuxiuu3043nvr10bam1x1xp	12 Dec 25	=HYPERLINK("http://localhost:3000/vouchers/cmtuxiutz043jvr106isrrwtr", "25-0000540")	220000	PPN Keluaran	Adjustment	Yayasan Digdaya Tunas Nusantara - 03.PMB.INV.XII.2025 - Faktur Pajak 04002500449308573	0	84600183
cmtuxiuu4043pvr10ymqm7x5f	12 Dec 25	=HYPERLINK("http://localhost:3000/vouchers/cmtuxiutz043jvr106isrrwtr", "25-0000540")	400000	Penjualan	Adjustment	Yayasan Digdaya Tunas Nusantara - 03.PMB.INV.XII.2025 - Faktur Pajak 04002500449308573	0	769092575
cmtuxiuu6043rvr10ihromwlu	12 Dec 25	=HYPERLINK("http://localhost:3000/vouchers/cmtuxiutz043jvr106isrrwtr", "25-0000540")	500001	HPP Alat Dapur	Adjustment	Yayasan Digdaya Tunas Nusantara - 03.PMB.INV.XII.2025 - Faktur Pajak 04002500449308573 (voc 586)	283312437	0
cmtuxiuu8043tvr10tqdqc7tz	12 Dec 25	=HYPERLINK("http://localhost:3000/vouchers/cmtuxiutz043jvr106isrrwtr", "25-0000540")	500004	HPP Jasa Instalasi Alat Dapur	Adjustment	Yayasan Digdaya Tunas Nusantara - 03.PMB.INV.XII.2025 - Faktur Pajak 04002500449308573 (voc 586)	67575000	0
cmtuxiuua043vvr10zv2vsz3y	12 Dec 25	=HYPERLINK("http://localhost:3000/vouchers/cmtuxiutz043jvr106isrrwtr", "25-0000540")	500002	HPP Genzet	Adjustment	Yayasan Digdaya Tunas Nusantara - 03.PMB.INV.XII.2025 - Faktur Pajak 04002500449308573 (voc 476)	50000000	0
cmtuxiuuc043xvr10rl2k9oue	12 Dec 25	=HYPERLINK("http://localhost:3000/vouchers/cmtuxiutz043jvr106isrrwtr", "25-0000540")	500003	HPP Food Tray	Adjustment	Yayasan Digdaya Tunas Nusantara - 03.PMB.INV.XII.2025 - Faktur Pajak 04002500449308573 (voc 234)	105408000	0
cmtuxiuud043zvr10tm34qnyy	12 Dec 25	=HYPERLINK("http://localhost:3000/vouchers/cmtuxiutz043jvr106isrrwtr", "25-0000540")	130001	Pembelian Alat Alat Dapur	Adjustment	Yayasan Digdaya Tunas Nusantara - 03.PMB.INV.XII.2025 - Faktur Pajak 04002500449308573 (voc 586)	0	283312437
cmtuxiuuf0441vr10pjqygrhu	12 Dec 25	=HYPERLINK("http://localhost:3000/vouchers/cmtuxiutz043jvr106isrrwtr", "25-0000540")	150008	Jasa Instalasi Alat Dapur (PT Sankeindo)	Adjustment	Yayasan Digdaya Tunas Nusantara - 03.PMB.INV.XII.2025 - Faktur Pajak 04002500449308573 (voc 586)	0	67575000
cmtuxiuug0443vr10uwq756f2	12 Dec 25	=HYPERLINK("http://localhost:3000/vouchers/cmtuxiutz043jvr106isrrwtr", "25-0000540")	130005	Pembelian Barang dangangan Genzet	Adjustment	Yayasan Digdaya Tunas Nusantara - 03.PMB.INV.XII.2025 - Faktur Pajak 04002500449308573 (voc 476)	0	50000000
cmtuxiuui0445vr10h1p1svau	12 Dec 25	=HYPERLINK("http://localhost:3000/vouchers/cmtuxiutz043jvr106isrrwtr", "25-0000540")	500004	HPP Jasa Instalasi Alat Dapur	Adjustment	Yayasan Digdaya Tunas Nusantara - 03.PMB.INV.XII.2025 - Faktur Pajak 04002500449308573 (voc 234)	0	105408000
cmtuxiuum0449vr107o9nrxhz	12 Dec 25	=HYPERLINK("http://localhost:3000/vouchers/cmtuxiuul0447vr102n8xyqfh", "25-0000541")	500002	HPP Genzet	Adjustment	Yayasan Digdaya Tunas Nusantara - 04.PMB.INV.XII.2025 - Faktur Pajak 04002500449308573	853692758	0
cmtuxiuuo044bvr10cnp50g3g	12 Dec 25	=HYPERLINK("http://localhost:3000/vouchers/cmtuxiuul0447vr102n8xyqfh", "25-0000541")	500003	HPP Food Tray	Adjustment	Yayasan Digdaya Tunas Nusantara - 04.PMB.INV.XII.2025 - Faktur Pajak 04002500449308573	0	84600183
cmtuxiuuq044dvr10w1v56ryb	12 Dec 25	=HYPERLINK("http://localhost:3000/vouchers/cmtuxiuul0447vr102n8xyqfh", "25-0000541")	500003	HPP Food Tray	Adjustment	Yayasan Digdaya Tunas Nusantara - 04.PMB.INV.XII.2025 - Faktur Pajak 04002500449308573	0	769092575
cmtuxiuur044fvr10gcvk019z	12 Dec 25	=HYPERLINK("http://localhost:3000/vouchers/cmtuxiuul0447vr102n8xyqfh", "25-0000541")	130001	Pembelian Alat Alat Dapur	Adjustment	Yayasan Digdaya Tunas Nusantara - 04.PMB.INV.XII.2025 - Faktur Pajak 04002500449308573 (voc 586)	283312437	0
cmtuxiuut044hvr10gh1ux9p7	12 Dec 25	=HYPERLINK("http://localhost:3000/vouchers/cmtuxiuul0447vr102n8xyqfh", "25-0000541")	150008	Jasa Instalasi Alat Dapur (PT Sankeindo)	Adjustment	Yayasan Digdaya Tunas Nusantara - 04.PMB.INV.XII.2025 - Faktur Pajak 04002500449308573 (voc 586)	67575000	0
cmtuxiuuw044jvr10x2l82ih7	12 Dec 25	=HYPERLINK("http://localhost:3000/vouchers/cmtuxiuul0447vr102n8xyqfh", "25-0000541")	130005	Pembelian Barang dangangan Genzet	Adjustment	Yayasan Digdaya Tunas Nusantara - 04.PMB.INV.XII.2025 - Faktur Pajak 04002500449308573 (voc 476)	50000000	0
cmtuxiuuy044lvr10t2thp5ao	12 Dec 25	=HYPERLINK("http://localhost:3000/vouchers/cmtuxiuul0447vr102n8xyqfh", "25-0000541")	130002	Pembelian Barang dagangan Food Tray	Adjustment	Yayasan Digdaya Tunas Nusantara - 04.PMB.INV.XII.2025 - Faktur Pajak 04002500449308573 (voc 234)	105408000	0
cmtuxiuuz044nvr10zsdnpgrm	12 Dec 25	=HYPERLINK("http://localhost:3000/vouchers/cmtuxiuul0447vr102n8xyqfh", "25-0000541")	150004	Ongkos Kirim	Adjustment	Yayasan Digdaya Tunas Nusantara - 04.PMB.INV.XII.2025 - Faktur Pajak 04002500449308573 (ongkir food tray, voc 544)	1200000	0
cmtuxiuv1044pvr106or0s09f	12 Dec 25	=HYPERLINK("http://localhost:3000/vouchers/cmtuxiuul0447vr102n8xyqfh", "25-0000541")	130001	Pembelian Alat Alat Dapur	Adjustment	Yayasan Digdaya Tunas Nusantara - 04.PMB.INV.XII.2025 - Faktur Pajak 04002500449308573 (voc 586)	0	283312437
cmtuxiuv3044rvr10w4u93tli	12 Dec 25	=HYPERLINK("http://localhost:3000/vouchers/cmtuxiuul0447vr102n8xyqfh", "25-0000541")	150008	Jasa Instalasi Alat Dapur (PT Sankeindo)	Adjustment	Yayasan Digdaya Tunas Nusantara - 04.PMB.INV.XII.2025 - Faktur Pajak 04002500449308573 (voc 586)	0	67575000
cmtuxiuv5044tvr106qe2xdxk	12 Dec 25	=HYPERLINK("http://localhost:3000/vouchers/cmtuxiuul0447vr102n8xyqfh", "25-0000541")	400000	Penjualan	Adjustment	Yayasan Digdaya Tunas Nusantara - 04.PMB.INV.XII.2025 - Faktur Pajak 04002500449308573 (voc 476)	0	50000000
cmtuxiuv7044vvr105k7os6zm	12 Dec 25	=HYPERLINK("http://localhost:3000/vouchers/cmtuxiuul0447vr102n8xyqfh", "25-0000541")	500001	HPP Alat Dapur	Adjustment	Yayasan Digdaya Tunas Nusantara - 04.PMB.INV.XII.2025 - Faktur Pajak 04002500449308573 (voc 234)	0	105408000
cmtuxiuv8044xvr10x2lptobz	12 Dec 25	=HYPERLINK("http://localhost:3000/vouchers/cmtuxiuul0447vr102n8xyqfh", "25-0000541")	500004	HPP Jasa Instalasi Alat Dapur	Adjustment	Yayasan Digdaya Tunas Nusantara - 04.PMB.INV.XII.2025 - Faktur Pajak 04002500449308573 (ongkir food tray, voc 544)	0	1200000
cmtuxiuvc0451vr1008cvgp6q	12 Dec 25	=HYPERLINK("http://localhost:3000/vouchers/cmtuxiuva044zvr102pb6rxct", "25-0000542")	500002	HPP Genzet	Adjustment	Yayasan Digdaya Tunas Nusantara - 05.PMB.INV.XII.2025 - Faktur Pajak 04002500449308573	853692758	0
cmtuxiuve0453vr10z0q4whyx	12 Dec 25	=HYPERLINK("http://localhost:3000/vouchers/cmtuxiuva044zvr102pb6rxct", "25-0000542")	500003	HPP Food Tray	Adjustment	Yayasan Digdaya Tunas Nusantara - 05.PMB.INV.XII.2025 - Faktur Pajak 04002500449308573	0	84600183
cmtuxiuvg0455vr10wcyw7ngy	12 Dec 25	=HYPERLINK("http://localhost:3000/vouchers/cmtuxiuva044zvr102pb6rxct", "25-0000542")	500003	HPP Food Tray	Adjustment	Yayasan Digdaya Tunas Nusantara - 05.PMB.INV.XII.2025 - Faktur Pajak 04002500449308573	0	769092575
cmtuxiuvh0457vr10h6coougk	12 Dec 25	=HYPERLINK("http://localhost:3000/vouchers/cmtuxiuva044zvr102pb6rxct", "25-0000542")	130001	Pembelian Alat Alat Dapur	Adjustment	Yayasan Digdaya Tunas Nusantara - 05.PMB.INV.XII.2025 - Faktur Pajak 04002500449308573 (voc 586)	283312437	0
cmtuxiuvj0459vr1048ngwv7s	12 Dec 25	=HYPERLINK("http://localhost:3000/vouchers/cmtuxiuva044zvr102pb6rxct", "25-0000542")	150008	Jasa Instalasi Alat Dapur (PT Sankeindo)	Adjustment	Yayasan Digdaya Tunas Nusantara - 05PMB.INV.XII.2025 - Faktur Pajak 04002500449308573 (voc 586)	67575000	0
cmtuxiuvl045bvr10jme7thxm	12 Dec 25	=HYPERLINK("http://localhost:3000/vouchers/cmtuxiuva044zvr102pb6rxct", "25-0000542")	130005	Pembelian Barang dangangan Genzet	Adjustment	Yayasan Digdaya Tunas Nusantara - 05.PMB.INV.XII.2025 - Faktur Pajak 04002500449308573 (voc 476)	50000000	0
cmtuxiuvn045dvr10rtpe3h02	12 Dec 25	=HYPERLINK("http://localhost:3000/vouchers/cmtuxiuva044zvr102pb6rxct", "25-0000542")	130002	Pembelian Barang dagangan Food Tray	Adjustment	Yayasan Digdaya Tunas Nusantara - 05.PMB.INV.XII.2025 - Faktur Pajak 04002500449308573 (voc 234)	105408000	0
cmtuxiuvp045fvr10nqv203p9	12 Dec 25	=HYPERLINK("http://localhost:3000/vouchers/cmtuxiuva044zvr102pb6rxct", "25-0000542")	150004	Ongkos Kirim	Adjustment	Yayasan Digdaya Tunas Nusantara - 05.PMB.INV.XII.2025 - Faktur Pajak 04002500449308573 (ongkir food tray, voc 544)	1200000	0
cmtuxiuvq045hvr10w1tbyfdz	12 Dec 25	=HYPERLINK("http://localhost:3000/vouchers/cmtuxiuva044zvr102pb6rxct", "25-0000542")	110002	Piutang Yayasan Digdaya Tunas Nusantara	Adjustment	Yayasan Digdaya Tunas Nusantara - 05.PMB.INV.XII.2025 - Faktur Pajak 04002500449308573 (voc 586)	0	283312437
cmtuxiuvs045jvr105f6adn1n	12 Dec 25	=HYPERLINK("http://localhost:3000/vouchers/cmtuxiuva044zvr102pb6rxct", "25-0000542")	220000	PPN Keluaran	Adjustment	Yayasan Digdaya Tunas Nusantara - 05.PMB.INV.XII.2025 - Faktur Pajak 04002500449308573 (voc 586)	0	67575000
cmtuxiuvt045lvr10lt3zu5gw	12 Dec 25	=HYPERLINK("http://localhost:3000/vouchers/cmtuxiuva044zvr102pb6rxct", "25-0000542")	400000	Penjualan	Adjustment	Yayasan Digdaya Tunas Nusantara - 05.PMB.INV.XII.2025 - Faktur Pajak 04002500449308573 (voc 476)	0	50000000
cmtuxiuvv045nvr10cjuavr85	12 Dec 25	=HYPERLINK("http://localhost:3000/vouchers/cmtuxiuva044zvr102pb6rxct", "25-0000542")	500001	HPP Alat Dapur	Adjustment	Yayasan Digdaya Tunas Nusantara - 05.PMB.INV.XII.2025 - Faktur Pajak 04002500449308573 (voc 234)	0	105408000
cmtuxiuvx045pvr10avgyixpv	12 Dec 25	=HYPERLINK("http://localhost:3000/vouchers/cmtuxiuva044zvr102pb6rxct", "25-0000542")	500004	HPP Jasa Instalasi Alat Dapur	Adjustment	Yayasan Digdaya Tunas Nusantara - 05.PMB.INV.XII.2025 - Faktur Pajak 04002500449308573 (ongkir food tray, voc 544)	0	1200000
cmtuxiuw1045tvr103zpqa84r	12 Dec 25	=HYPERLINK("http://localhost:3000/vouchers/cmtuxiuvz045rvr10jw2whbi1", "25-0000543")	500002	HPP Genzet	Adjustment	Yayasan Digdaya Tunas Nusantara - 06.PMB.INV.XII.2025 - Faktur Pajak 04002500449308573	853692758	0
cmtuxiuw2045vvr108fvegif0	12 Dec 25	=HYPERLINK("http://localhost:3000/vouchers/cmtuxiuvz045rvr10jw2whbi1", "25-0000543")	500003	HPP Food Tray	Adjustment	Yayasan Digdaya Tunas Nusantara - 06.PMB.INV.XII.2025 - Faktur Pajak 04002500449308573	0	84600183
cmtuxiuw4045xvr10i02oawhi	12 Dec 25	=HYPERLINK("http://localhost:3000/vouchers/cmtuxiuvz045rvr10jw2whbi1", "25-0000543")	500003	HPP Food Tray	Adjustment	Yayasan Digdaya Tunas Nusantara - 06.PMB.INV.XII.2025 - Faktur Pajak 04002500449308573	0	769092575
cmtuxiuw5045zvr101e0pvsk1	12 Dec 25	=HYPERLINK("http://localhost:3000/vouchers/cmtuxiuvz045rvr10jw2whbi1", "25-0000543")	130001	Pembelian Alat Alat Dapur	Adjustment	Yayasan Digdaya Tunas Nusantara - 06.PMB.INV.XII.2025 - Faktur Pajak 04002500449308573 (voc 586)	283312437	0
cmtuxiuw80461vr10wxwzv22b	12 Dec 25	=HYPERLINK("http://localhost:3000/vouchers/cmtuxiuvz045rvr10jw2whbi1", "25-0000543")	150008	Jasa Instalasi Alat Dapur (PT Sankeindo)	Adjustment	Yayasan Digdaya Tunas Nusantara - 06.PMB.INV.XII.2025 - Faktur Pajak 04002500449308573 (voc 586)	67575000	0
cmtuxiuw90463vr10mo7efhvx	12 Dec 25	=HYPERLINK("http://localhost:3000/vouchers/cmtuxiuvz045rvr10jw2whbi1", "25-0000543")	130005	Pembelian Barang dangangan Genzet	Adjustment	Yayasan Digdaya Tunas Nusantara - 06.PMB.INV.XII.2025 - Faktur Pajak 04002500449308573 (voc 476)	50000000	0
cmtuxiuwb0465vr10ntcaiy9v	12 Dec 25	=HYPERLINK("http://localhost:3000/vouchers/cmtuxiuvz045rvr10jw2whbi1", "25-0000543")	130002	Pembelian Barang dagangan Food Tray	Adjustment	Yayasan Digdaya Tunas Nusantara - 06.PMB.INV.XII.2025 - Faktur Pajak 04002500449308573 (voc 234)	105408000	0
cmtuxiuwd0467vr10ey9ueg28	12 Dec 25	=HYPERLINK("http://localhost:3000/vouchers/cmtuxiuvz045rvr10jw2whbi1", "25-0000543")	150004	Ongkos Kirim	Adjustment	Yayasan Digdaya Tunas Nusantara - 06.PMB.INV.XII.2025 - Faktur Pajak 04002500449308573 (ongkir food tray, voc 544)	1200000	0
cmtuxiuwe0469vr10on9pg5n8	12 Dec 25	=HYPERLINK("http://localhost:3000/vouchers/cmtuxiuvz045rvr10jw2whbi1", "25-0000543")	110002	Piutang Yayasan Digdaya Tunas Nusantara	Adjustment	Yayasan Digdaya Tunas Nusantara - 06.PMB.INV.XII.2025 - Faktur Pajak 04002500449308573 (voc 586)	0	283312437
cmtuxiuwg046bvr102d9opsjv	12 Dec 25	=HYPERLINK("http://localhost:3000/vouchers/cmtuxiuvz045rvr10jw2whbi1", "25-0000543")	220000	PPN Keluaran	Adjustment	Yayasan Digdaya Tunas Nusantara - 06.PMB.INV.XII.2025 - Faktur Pajak 04002500449308573 (voc 586)	0	67575000
cmtuxiuwi046dvr10ckvg001e	12 Dec 25	=HYPERLINK("http://localhost:3000/vouchers/cmtuxiuvz045rvr10jw2whbi1", "25-0000543")	400000	Penjualan	Adjustment	Yayasan Digdaya Tunas Nusantara - 06.PMB.INV.XII.2025 - Faktur Pajak 04002500449308573 (voc 476)	0	50000000
cmtuxiuwj046fvr10s6lndzuk	12 Dec 25	=HYPERLINK("http://localhost:3000/vouchers/cmtuxiuvz045rvr10jw2whbi1", "25-0000543")	500001	HPP Alat Dapur	Adjustment	Yayasan Digdaya Tunas Nusantara - 06.PMB.INV.XII.2025 - Faktur Pajak 04002500449308573 (voc 234)	0	105408000
cmtuxiuwl046hvr105whj4gjr	12 Dec 25	=HYPERLINK("http://localhost:3000/vouchers/cmtuxiuvz045rvr10jw2whbi1", "25-0000543")	500004	HPP Jasa Instalasi Alat Dapur	Adjustment	Yayasan Digdaya Tunas Nusantara - 06.PMB.INV.XII.2025 - Faktur Pajak 04002500449308573 (ongkir food tray, voc 544)	0	1200000
cmtuxiuwp046lvr10fj5mqcf4	12 Dec 25	=HYPERLINK("http://localhost:3000/vouchers/cmtuxiuwn046jvr10lio9hk7g", "25-0000544")	500002	HPP Genzet	Adjustment	Yayasan Digdaya Tunas Nusantara - 07.PMB.INV.XII.2025 - Faktur Pajak 04002500449308573	853692758	0
cmtuxiuwr046nvr10piuv5uet	12 Dec 25	=HYPERLINK("http://localhost:3000/vouchers/cmtuxiuwn046jvr10lio9hk7g", "25-0000544")	500003	HPP Food Tray	Adjustment	Yayasan Digdaya Tunas Nusantara - 07.PMB.INV.XII.2025 - Faktur Pajak 04002500449308573	0	84600183
cmtuxiuws046pvr10qatmx4v2	12 Dec 25	=HYPERLINK("http://localhost:3000/vouchers/cmtuxiuwn046jvr10lio9hk7g", "25-0000544")	500003	HPP Food Tray	Adjustment	Yayasan Digdaya Tunas Nusantara - 07.PMB.INV.XII.2025 - Faktur Pajak 04002500449308573	0	769092575
cmtuxiuwu046rvr10ucbuasmg	12 Dec 25	=HYPERLINK("http://localhost:3000/vouchers/cmtuxiuwn046jvr10lio9hk7g", "25-0000544")	130001	Pembelian Alat Alat Dapur	Adjustment	Yayasan Digdaya Tunas Nusantara - 07.PMB.INV.XII.2025 - Faktur Pajak 04002500449308573 (voc 586)	283312437	0
cmtuxiuww046tvr10bh7kpcu7	12 Dec 25	=HYPERLINK("http://localhost:3000/vouchers/cmtuxiuwn046jvr10lio9hk7g", "25-0000544")	150008	Jasa Instalasi Alat Dapur (PT Sankeindo)	Adjustment	Yayasan Digdaya Tunas Nusantara - 07.PMB.INV.XII.2025 - Faktur Pajak 04002500449308573 (voc 586)	67575000	0
cmtuxiuwx046vvr10vsoa43h4	12 Dec 25	=HYPERLINK("http://localhost:3000/vouchers/cmtuxiuwn046jvr10lio9hk7g", "25-0000544")	130005	Pembelian Barang dangangan Genzet	Adjustment	Yayasan Digdaya Tunas Nusantara - 07.PMB.INV.XII.2025 - Faktur Pajak 04002500449308573 (voc 476)	50000000	0
cmtuxiuwz046xvr10e8gdmawo	12 Dec 25	=HYPERLINK("http://localhost:3000/vouchers/cmtuxiuwn046jvr10lio9hk7g", "25-0000544")	130002	Pembelian Barang dagangan Food Tray	Adjustment	Yayasan Digdaya Tunas Nusantara - 07.PMB.INV.XII.2025 - Faktur Pajak 04002500449308573 (voc 234)	105408000	0
cmtuxiux1046zvr10khl4c3xo	12 Dec 25	=HYPERLINK("http://localhost:3000/vouchers/cmtuxiuwn046jvr10lio9hk7g", "25-0000544")	150004	Ongkos Kirim	Adjustment	Yayasan Digdaya Tunas Nusantara - 07.PMB.INV.XII.2025 - Faktur Pajak 04002500449308573 (ongkir food tray, voc 544)	1200000	0
cmtuxiux30471vr10licnf3wy	12 Dec 25	=HYPERLINK("http://localhost:3000/vouchers/cmtuxiuwn046jvr10lio9hk7g", "25-0000544")	110000	Piutang Usaha CV Karya Makmur	Adjustment	Yayasan Digdaya Tunas Nusantara - 07.PMB.INV.XII.2025 - Faktur Pajak 04002500449308573 (voc 586)	0	283312437
cmtuxiux40473vr10igypk29b	12 Dec 25	=HYPERLINK("http://localhost:3000/vouchers/cmtuxiuwn046jvr10lio9hk7g", "25-0000544")	220000	PPN Keluaran	Adjustment	Yayasan Digdaya Tunas Nusantara - 07.PMB.INV.XII.2025 - Faktur Pajak 04002500449308573 (voc 586)	0	67575000
cmtuxiux60475vr10a4fnjahk	12 Dec 25	=HYPERLINK("http://localhost:3000/vouchers/cmtuxiuwn046jvr10lio9hk7g", "25-0000544")	400000	Penjualan	Adjustment	Yayasan Digdaya Tunas Nusantara - 07.PMB.INV.XII.2025 - Faktur Pajak 04002500449308573 (voc 476)	0	50000000
cmtuxiux80477vr10q8ygiaz5	12 Dec 25	=HYPERLINK("http://localhost:3000/vouchers/cmtuxiuwn046jvr10lio9hk7g", "25-0000544")	500001	HPP Alat Dapur	Adjustment	Yayasan Digdaya Tunas Nusantara - 07.PMB.INV.XII.2025 - Faktur Pajak 04002500449308573 (voc 234)	0	105408000
cmtuxiuxa0479vr10h9weeu55	12 Dec 25	=HYPERLINK("http://localhost:3000/vouchers/cmtuxiuwn046jvr10lio9hk7g", "25-0000544")	500004	HPP Jasa Instalasi Alat Dapur	Adjustment	Yayasan Digdaya Tunas Nusantara - 07.PMB.INV.XII.2025 - Faktur Pajak 04002500449308573 (ongkir food tray, voc 544)	0	1200000
cmtuxiuxe047dvr10yicq4hdw	12 Dec 25	=HYPERLINK("http://localhost:3000/vouchers/cmtuxiuxc047bvr10zwjky8xn", "25-0000545")	500002	HPP Genzet	Adjustment	CV Karya Makmur - 08/PMB/INV/XII/2025 - SPPG: Kel Beji, Kec Kedewan, Kab Bojonegoro	2214985057	0
cmtuxiuxg047fvr1024vt2puh	12 Dec 25	=HYPERLINK("http://localhost:3000/vouchers/cmtuxiuxc047bvr10zwjky8xn", "25-0000545")	500003	HPP Food Tray	Adjustment	CV Karya Makmur - 08/PMB/INV/XII/2025 - SPPG: Kel Beji, Kec Kedewan, Kab Bojonegoro	0	219503024
cmtuxiuxi047hvr109p6xinef	12 Dec 25	=HYPERLINK("http://localhost:3000/vouchers/cmtuxiuxc047bvr10zwjky8xn", "25-0000545")	500003	HPP Food Tray	Adjustment	CV Karya Makmur - 08/PMB/INV/XII/2025 - SPPG: Kel Beji, Kec Kedewan, Kab Bojonegoro	0	1995482033
cmtuxiuxk047jvr101kxn3u6g	12 Dec 25	=HYPERLINK("http://localhost:3000/vouchers/cmtuxiuxc047bvr10zwjky8xn", "25-0000545")	500005	HPP Modular Box	Adjustment	CV Karya Makmur - 08/PMB/INV/XII/2025 - (voc 586) - SPPG: Kel Beji, Kec Kedewan, Kab Bojonegoro	283312437	0
cmtuxiuxm047lvr109wumr60o	12 Dec 25	=HYPERLINK("http://localhost:3000/vouchers/cmtuxiuxc047bvr10zwjky8xn", "25-0000545")	500006	HPP Ongkos Pasang Modular	Adjustment	CV Karya Makmur - 08/PMB/INV/XII/2025 - (voc 586) - SPPG: Kel Beji, Kec Kedewan, Kab Bojonegoro	67575000	0
cmtuxiuxn047nvr108hjoqzn7	12 Dec 25	=HYPERLINK("http://localhost:3000/vouchers/cmtuxiuxc047bvr10zwjky8xn", "25-0000545")	500009	HPP Furniture	Adjustment	CV Karya Makmur - 08/PMB/INV/XII/2025 - (voc 476) - SPPG: Kel Beji, Kec Kedewan, Kab Bojonegoro	50000000	0
cmtuxiuxp047pvr10316i04gl	12 Dec 25	=HYPERLINK("http://localhost:3000/vouchers/cmtuxiuxc047bvr10zwjky8xn", "25-0000545")	500010	HPP AC dan Exhaust Fan	Adjustment	CV Karya Makmur - 08/PMB/INV/XII/2025 - (voc 234) - SPPG: Kel Beji, Kec Kedewan, Kab Bojonegoro	105408000	0
cmtuxiuxq047rvr104lnftpg7	12 Dec 25	=HYPERLINK("http://localhost:3000/vouchers/cmtuxiuxc047bvr10zwjky8xn", "25-0000545")	500011	HPP Jasa Pasang AC dan Exhaust Fan	Adjustment	CV Karya Makmur - 08/PMB/INV/XII/2025 - (ongkir food tray, voc 544) - SPPG: Kel Beji, Kec Kedewan, Kab Bojonegoro	1200000	0
cmtuxiuxs047tvr10bret4vqg	12 Dec 25	=HYPERLINK("http://localhost:3000/vouchers/cmtuxiuxc047bvr10zwjky8xn", "25-0000545")	500012	HPP Alat Listrik	Adjustment	CV Karya Makmur - 08/PMB/INV/XII/2025 - (Voc 138) - SPPG: Kel Beji, Kec Kedewan, Kab Bojonegoro	359851658	0
cmtuxiuxu047vvr102rnr1dxp	12 Dec 25	=HYPERLINK("http://localhost:3000/vouchers/cmtuxiuxc047bvr10zwjky8xn", "25-0000545")	500016	HPP Ongkos Kirim	Adjustment	CV Karya Makmur - 08/PMB/INV/XII/2025 - (Voc 378) - SPPG: Kel Beji, Kec Kedewan, Kab Bojonegoro	80000000	0
cmtuxiuxw047xvr10t1pyvi5z	12 Dec 25	=HYPERLINK("http://localhost:3000/vouchers/cmtuxiuxc047bvr10zwjky8xn", "25-0000545")	500017	HPP Material	Adjustment	CV Karya Makmur - 08/PMB/INV/XII/2025 - (Voc 572) - SPPG: Kel Beji, Kec Kedewan, Kab Bojonegoro	32750000	0
cmtuxiuxy047zvr10z2gtx9bx	12 Dec 25	=HYPERLINK("http://localhost:3000/vouchers/cmtuxiuxc047bvr10zwjky8xn", "25-0000545")	500018	HPP Biaya Langsir, Jaga Malam, ongkos bongkar	Adjustment	CV Karya Makmur - 08/PMB/INV/XII/2025 - (Voc 295 & 309) - SPPG: Kel Beji, Kec Kedewan, Kab Bojonegoro	36502292	0
cmtuxiuy00481vr10xrcmu9gq	12 Dec 25	=HYPERLINK("http://localhost:3000/vouchers/cmtuxiuxc047bvr10zwjky8xn", "25-0000545")	500013	HPP Biaya Pelabuhan	Adjustment	CV Karya Makmur - 08/PMB/INV/XII/2025 - (Voc 294) - SPPG: Kel Beji, Kec Kedewan, Kab Bojonegoro	3492905	0
cmtuxiuy10483vr10wb20ylad	12 Dec 25	=HYPERLINK("http://localhost:3000/vouchers/cmtuxiuxc047bvr10zwjky8xn", "25-0000545")	130001	Pembelian Alat Alat Dapur	Adjustment	CV Karya Makmur - 08/PMB/INV/XII/2025 - (Voc 339 & Voc 342) - SPPG: Kel Beji, Kec Kedewan, Kab Bojonegoro	17475216	0
cmtuxiuy30485vr10xkk4e61n	12 Dec 25	=HYPERLINK("http://localhost:3000/vouchers/cmtuxiuxc047bvr10zwjky8xn", "25-0000545")	150008	Jasa Instalasi Alat Dapur (PT Sankeindo)	Adjustment	CV Karya Makmur - 08/PMB/INV/XII/2025 - (Voc 587 & Voc 545) - SPPG: Kel Beji, Kec Kedewan, Kab Bojonegoro	1810000	0
cmtuxiuy50487vr10p0l2pdxv	12 Dec 25	=HYPERLINK("http://localhost:3000/vouchers/cmtuxiuxc047bvr10zwjky8xn", "25-0000545")	130005	Pembelian Barang dangangan Genzet	Adjustment	CV Karya Makmur - 08/PMB/INV/XII/2025 - (Voc 514, 186 & 149) - SPPG: Kel Beji, Kec Kedewan, Kab Bojonegoro	7821767	0
cmtuxiuy70489vr10gp2avrfs	12 Dec 25	=HYPERLINK("http://localhost:3000/vouchers/cmtuxiuxc047bvr10zwjky8xn", "25-0000545")	130002	Pembelian Barang dagangan Food Tray	Adjustment	CV Karya Makmur - 08/PMB/INV/XII/2025 - (Voc 128 & 187) - SPPG: Kel Beji, Kec Kedewan, Kab Bojonegoro	2790000	0
cmtuxiuy8048bvr10ntk9ce1i	12 Dec 25	=HYPERLINK("http://localhost:3000/vouchers/cmtuxiuxc047bvr10zwjky8xn", "25-0000545")	150004	Ongkos Kirim	Adjustment	CV Karya Makmur - 08/PMB/INV/XII/2025 - (Voc 138) - SPPG: Kel Beji, Kec Kedewan, Kab Bojonegoro	14914590	0
cmtuxiuya048dvr10om99t3z1	12 Dec 25	=HYPERLINK("http://localhost:3000/vouchers/cmtuxiuxc047bvr10zwjky8xn", "25-0000545")	130000	Pembelian Barang dagangan Modular	Adjustment	CV Karya Makmur - 08/PMB/INV/XII/2025 - (voc 586) - SPPG: Kel Beji, Kec Kedewan, Kab Bojonegoro	0	283312437
cmtuxiuyb048fvr10myi9yiz2	12 Dec 25	=HYPERLINK("http://localhost:3000/vouchers/cmtuxiuxc047bvr10zwjky8xn", "25-0000545")	150000	Ongkos Pasang Modular	Adjustment	CV Karya Makmur - 08/PMB/INV/XII/2025 - (voc 586) - SPPG: Kel Beji, Kec Kedewan, Kab Bojonegoro	0	67575000
cmtuxiuye048hvr10e8x053ox	12 Dec 25	=HYPERLINK("http://localhost:3000/vouchers/cmtuxiuxc047bvr10zwjky8xn", "25-0000545")	130004	Pembelian Barang dagangan Furniture	Adjustment	CV Karya Makmur - 08/PMB/INV/XII/2025 - (voc 476) - SPPG: Kel Beji, Kec Kedewan, Kab Bojonegoro	0	50000000
cmtuxiuyg048jvr10b5vrrffm	12 Dec 25	=HYPERLINK("http://localhost:3000/vouchers/cmtuxiuxc047bvr10zwjky8xn", "25-0000545")	130003	Pembelian Barang dagangan AC,Exhaust Fan	Adjustment	CV Karya Makmur - 08/PMB/INV/XII/2025 - (voc 234) - SPPG: Kel Beji, Kec Kedewan, Kab Bojonegoro	0	105408000
cmtuxiuyh048lvr10wasu1wrf	12 Dec 25	=HYPERLINK("http://localhost:3000/vouchers/cmtuxiuxc047bvr10zwjky8xn", "25-0000545")	150001	Ongkos Pasang AC dan Exhaust Fan ,jasa Instalasi Listrik	Adjustment	CV Karya Makmur - 08/PMB/INV/XII/2025 - (ongkir food tray, voc 544) - SPPG: Kel Beji, Kec Kedewan, Kab Bojonegoro	0	1200000
cmtuxiuyj048nvr1025mxf3o6	12 Dec 25	=HYPERLINK("http://localhost:3000/vouchers/cmtuxiuxc047bvr10zwjky8xn", "25-0000545")	140001	Pembelian Listrik	Adjustment	CV Karya Makmur - 08/PMB/INV/XII/2025 - (voc138) - SPPG: Kel Beji, Kec Kedewan, Kab Bojonegoro	0	359851658
cmtuxiuyk048pvr10b5jj50k0	12 Dec 25	=HYPERLINK("http://localhost:3000/vouchers/cmtuxiuxc047bvr10zwjky8xn", "25-0000545")	150004	Ongkos Kirim	Adjustment	CV Karya Makmur - 08/PMB/INV/XII/2025 - (Voc 378) - SPPG: Kel Beji, Kec Kedewan, Kab Bojonegoro	0	80000000
cmtuxiuym048rvr101h7g46fu	12 Dec 25	=HYPERLINK("http://localhost:3000/vouchers/cmtuxiuxc047bvr10zwjky8xn", "25-0000545")	140002	Pembelian Material	Adjustment	CV Karya Makmur - 08/PMB/INV/XII/2025 - (Voc 572) - SPPG: Kel Beji, Kec Kedewan, Kab Bojonegoro	0	32750000
cmtuxiuyo048tvr106zryw0f2	12 Dec 25	=HYPERLINK("http://localhost:3000/vouchers/cmtuxiuxc047bvr10zwjky8xn", "25-0000545")	150005	Biaya Langsir, Jaga Malam, ongkos bongkar	Adjustment	CV Karya Makmur - 08/PMB/INV/XII/2025 - (Voc 295 & 309) - SPPG: Kel Beji, Kec Kedewan, Kab Bojonegoro	0	36502292
cmtuxiuyq048vvr10fed71z2s	12 Dec 25	=HYPERLINK("http://localhost:3000/vouchers/cmtuxiuxc047bvr10zwjky8xn", "25-0000545")	140003	Reimbursment / Debit Note Biaya Pelabuhan	Adjustment	CV Karya Makmur - 08/PMB/INV/XII/2025 - (Voc 294) - SPPG: Kel Beji, Kec Kedewan, Kab Bojonegoro	0	3492905
cmtuxiuys048xvr101fmpwjvt	12 Dec 25	=HYPERLINK("http://localhost:3000/vouchers/cmtuxiuxc047bvr10zwjky8xn", "25-0000545")	110000	Piutang Usaha CV Karya Makmur	Adjustment	CV Karya Makmur - 08/PMB/INV/XII/2025 - (Voc 339 & Voc 342) - SPPG: Kel Beji, Kec Kedewan, Kab Bojonegoro	0	17475216
cmtuxiuyt048zvr10mx8grlfe	12 Dec 25	=HYPERLINK("http://localhost:3000/vouchers/cmtuxiuxc047bvr10zwjky8xn", "25-0000545")	220000	PPN Keluaran	Adjustment	CV Karya Makmur - 08/PMB/INV/XII/2025 - (Voc 587 & Voc 545) - SPPG: Kel Beji, Kec Kedewan, Kab Bojonegoro	0	1810000
cmtuxiuyv0491vr10h3zqpmtw	12 Dec 25	=HYPERLINK("http://localhost:3000/vouchers/cmtuxiuxc047bvr10zwjky8xn", "25-0000545")	400000	Penjualan	Adjustment	CV Karya Makmur - 08/PMB/INV/XII/2025 - (Voc 514, 186 & 149) - SPPG: Kel Beji, Kec Kedewan, Kab Bojonegoro	0	7821767
cmtuxiuyx0493vr10s93pq61a	12 Dec 25	=HYPERLINK("http://localhost:3000/vouchers/cmtuxiuxc047bvr10zwjky8xn", "25-0000545")	500001	HPP Alat Dapur	Adjustment	CV Karya Makmur - 08/PMB/INV/XII/2025 - (Voc 128 & 187) - SPPG: Kel Beji, Kec Kedewan, Kab Bojonegoro	0	2790000
cmtuxiuyz0495vr100f6j5bor	12 Dec 25	=HYPERLINK("http://localhost:3000/vouchers/cmtuxiuxc047bvr10zwjky8xn", "25-0000545")	500004	HPP Jasa Instalasi Alat Dapur	Adjustment	CV Karya Makmur - 08/PMB/INV/XII/2025 - (Voc 138) - SPPG: Kel Beji, Kec Kedewan, Kab Bojonegoro	0	14914590
cmtuxiuz20499vr10a8j37ytb	12 Dec 25	=HYPERLINK("http://localhost:3000/vouchers/cmtuxiuz00497vr10nmdx3zch", "25-0000546")	500002	HPP Genzet	Adjustment	CV Karya Makmur - 09/PMB/INV/XII/2025 - SPPG: Kel Sambeng, Kec Kasiman, Kab Bojonegoro	2214985057	0
cmtuxiuz4049bvr10xbioaoex	12 Dec 25	=HYPERLINK("http://localhost:3000/vouchers/cmtuxiuz00497vr10nmdx3zch", "25-0000546")	500003	HPP Food Tray	Adjustment	CV Karya Makmur - 09/PMB/INV/XII/2025 - SPPG: Kel Sambeng, Kec Kasiman, Kab Bojonegoro	0	219503024
cmtuxiuz6049dvr100wwcpf07	12 Dec 25	=HYPERLINK("http://localhost:3000/vouchers/cmtuxiuz00497vr10nmdx3zch", "25-0000546")	500003	HPP Food Tray	Adjustment	CV Karya Makmur - 09/PMB/INV/XII/2025 - SPPG: Kel Sambeng, Kec Kasiman, Kab Bojonegoro	0	1995482033
cmtuxiuz7049fvr102zwax1l4	12 Dec 25	=HYPERLINK("http://localhost:3000/vouchers/cmtuxiuz00497vr10nmdx3zch", "25-0000546")	500005	HPP Modular Box	Adjustment	CV Karya Makmur - 09/PMB/INV/XII/2025 - (voc 586) - SPPG: Kel Sambeng, Kec Kasiman, Kab Bojonegoro	283312438	0
cmtuxiuz9049hvr10e0k4q382	12 Dec 25	=HYPERLINK("http://localhost:3000/vouchers/cmtuxiuz00497vr10nmdx3zch", "25-0000546")	500006	HPP Ongkos Pasang Modular	Adjustment	CV Karya Makmur - 09/PMB/INV/XII/2025 - (voc 586) - SPPG: Kel Sambeng, Kec Kasiman, Kab Bojonegoro	67575000	0
cmtuxiuzb049jvr10fnn1biry	12 Dec 25	=HYPERLINK("http://localhost:3000/vouchers/cmtuxiuz00497vr10nmdx3zch", "25-0000546")	500009	HPP Furniture	Adjustment	CV Karya Makmur - 09/PMB/INV/XII/2025 - (voc 476) - SPPG: Kel Sambeng, Kec Kasiman, Kab Bojonegoro	50000000	0
cmtuxiuzc049lvr10hgf98wn0	12 Dec 25	=HYPERLINK("http://localhost:3000/vouchers/cmtuxiuz00497vr10nmdx3zch", "25-0000546")	500010	HPP AC dan Exhaust Fan	Adjustment	CV Karya Makmur - 09/PMB/INV/XII/2025 - (voc 234) - SPPG: Kel Sambeng, Kec Kasiman, Kab Bojonegoro	105408000	0
cmtuxiuze049nvr10kwf5mvfc	12 Dec 25	=HYPERLINK("http://localhost:3000/vouchers/cmtuxiuz00497vr10nmdx3zch", "25-0000546")	500011	HPP Jasa Pasang AC dan Exhaust Fan	Adjustment	CV Karya Makmur - 09/PMB/INV/XII/2025 - (ongkir food tray, voc 544) - SPPG: Kel Sambeng, Kec Kasiman, Kab Bojonegoro	1200000	0
cmtuxiuzg049pvr10rlylcmsx	12 Dec 25	=HYPERLINK("http://localhost:3000/vouchers/cmtuxiuz00497vr10nmdx3zch", "25-0000546")	500016	HPP Ongkos Kirim	Adjustment	CV Karya Makmur - 09/PMB/INV/XII/2025 - (Voc 139) - SPPG: Kel Sambeng, Kec Kasiman, Kab Bojonegoro	359851658	0
cmtuxiuzh049rvr104wxnd1ug	12 Dec 25	=HYPERLINK("http://localhost:3000/vouchers/cmtuxiuz00497vr10nmdx3zch", "25-0000546")	500017	HPP Material	Adjustment	CV Karya Makmur - 09/PMB/INV/XII/2025 - (Voc 379) - SPPG: Kel Sambeng, Kec Kasiman, Kab Bojonegoro	80000000	0
cmtuxiuzj049tvr10a58axf6c	12 Dec 25	=HYPERLINK("http://localhost:3000/vouchers/cmtuxiuz00497vr10nmdx3zch", "25-0000546")	500018	HPP Biaya Langsir, Jaga Malam, ongkos bongkar	Adjustment	CV Karya Makmur - 09/PMB/INV/XII/2025 - (Voc 572) - SPPG: Kel Sambeng, Kec Kasiman, Kab Bojonegoro	32750000	0
cmtuxiuzl049vvr10d1s8kqfi	12 Dec 25	=HYPERLINK("http://localhost:3000/vouchers/cmtuxiuz00497vr10nmdx3zch", "25-0000546")	500013	HPP Biaya Pelabuhan	Adjustment	CV Karya Makmur - 09/PMB/INV/XII/2025 - (Voc 295 & 309) - SPPG: Kel Sambeng, Kec Kasiman, Kab Bojonegoro	36502292	0
cmtuxiuzn049xvr10ego2pvm4	12 Dec 25	=HYPERLINK("http://localhost:3000/vouchers/cmtuxiuz00497vr10nmdx3zch", "25-0000546")	130001	Pembelian Alat Alat Dapur	Adjustment	CV Karya Makmur - 09/PMB/INV/XII/2025 - (Voc 294) - SPPG: Kel Sambeng, Kec Kasiman, Kab Bojonegoro	3492905	0
cmtuxiuzp049zvr10ctaf3lqn	12 Dec 25	=HYPERLINK("http://localhost:3000/vouchers/cmtuxiuz00497vr10nmdx3zch", "25-0000546")	150008	Jasa Instalasi Alat Dapur (PT Sankeindo)	Adjustment	CV Karya Makmur - 09/PMB/INV/XII/2025 - (Voc 545) - SPPG: Kel Sambeng, Kec Kasiman, Kab Bojonegoro	1500000	0
cmtuxiuzq04a1vr10cfvse0ic	12 Dec 25	=HYPERLINK("http://localhost:3000/vouchers/cmtuxiuz00497vr10nmdx3zch", "25-0000546")	130005	Pembelian Barang dangangan Genzet	Adjustment	CV Karya Makmur - 09/PMB/INV/XII/2025 - (Voc 514, 186 & 149) - SPPG: Kel Sambeng, Kec Kasiman, Kab Bojonegoro	8456767	0
cmtuxiuzs04a3vr10prhu4ueb	12 Dec 25	=HYPERLINK("http://localhost:3000/vouchers/cmtuxiuz00497vr10nmdx3zch", "25-0000546")	130002	Pembelian Barang dagangan Food Tray	Adjustment	CV Karya Makmur - 09/PMB/INV/XII/2025 - (Voc 128 & 187) - SPPG: Kel Sambeng, Kec Kasiman, Kab Bojonegoro	2190000	0
cmtuxiuzu04a5vr10yhx79m39	12 Dec 25	=HYPERLINK("http://localhost:3000/vouchers/cmtuxiuz00497vr10nmdx3zch", "25-0000546")	150004	Ongkos Kirim	Adjustment	CV Karya Makmur - 09/PMB/INV/XII/2025 - (Voc 139) - SPPG: Kel Sambeng, Kec Kasiman, Kab Bojonegoro	13699370	0
cmtuxiuzv04a7vr103a8kc6tn	12 Dec 25	=HYPERLINK("http://localhost:3000/vouchers/cmtuxiuz00497vr10nmdx3zch", "25-0000546")	130000	Pembelian Barang dagangan Modular	Adjustment	CV Karya Makmur - 09/PMB/INV/XII/2025 - (voc 586) - SPPG: Kel Sambeng, Kec Kasiman, Kab Bojonegoro	0	283312438
cmtuxiuzx04a9vr102x2zpoxh	12 Dec 25	=HYPERLINK("http://localhost:3000/vouchers/cmtuxiuz00497vr10nmdx3zch", "25-0000546")	150000	Ongkos Pasang Modular	Adjustment	CV Karya Makmur - 09/PMB/INV/XII/2025 - (voc 586) - SPPG: Kel Sambeng, Kec Kasiman, Kab Bojonegoro	0	67575000
cmtuxiuzz04abvr10l4y8p4i8	12 Dec 25	=HYPERLINK("http://localhost:3000/vouchers/cmtuxiuz00497vr10nmdx3zch", "25-0000546")	130004	Pembelian Barang dagangan Furniture	Adjustment	CV Karya Makmur - 09/PMB/INV/XII/2025 - (voc 476) - SPPG: Kel Sambeng, Kec Kasiman, Kab Bojonegoro	0	50000000
cmtuxiv0004advr10qnply9u6	12 Dec 25	=HYPERLINK("http://localhost:3000/vouchers/cmtuxiuz00497vr10nmdx3zch", "25-0000546")	130003	Pembelian Barang dagangan AC,Exhaust Fan	Adjustment	CV Karya Makmur - 09/PMB/INV/XII/2025 - (voc 234) - SPPG: Kel Sambeng, Kec Kasiman, Kab Bojonegoro	0	105408000
cmtuxiv0204afvr107dz2zoks	12 Dec 25	=HYPERLINK("http://localhost:3000/vouchers/cmtuxiuz00497vr10nmdx3zch", "25-0000546")	150001	Ongkos Pasang AC dan Exhaust Fan ,jasa Instalasi Listrik	Adjustment	CV Karya Makmur - 09/PMB/INV/XII/2025 - (ongkir food tray, voc 544) - SPPG: Kel Sambeng, Kec Kasiman, Kab Bojonegoro	0	1200000
cmtuxiv0404ahvr10vces12ej	12 Dec 25	=HYPERLINK("http://localhost:3000/vouchers/cmtuxiuz00497vr10nmdx3zch", "25-0000546")	150004	Ongkos Kirim	Adjustment	CV Karya Makmur - 09/PMB/INV/XII/2025 - (voc 139) - SPPG: Kel Sambeng, Kec Kasiman, Kab Bojonegoro	0	359851658
cmtuxiv0604ajvr10e5l4gtn1	12 Dec 25	=HYPERLINK("http://localhost:3000/vouchers/cmtuxiuz00497vr10nmdx3zch", "25-0000546")	140002	Pembelian Material	Adjustment	CV Karya Makmur - 09/PMB/INV/XII/2025 - (Voc 379) - SPPG: Kel Sambeng, Kec Kasiman, Kab Bojonegoro	0	80000000
cmtuxiv0704alvr1035fjjkik	12 Dec 25	=HYPERLINK("http://localhost:3000/vouchers/cmtuxiuz00497vr10nmdx3zch", "25-0000546")	150005	Biaya Langsir, Jaga Malam, ongkos bongkar	Adjustment	CV Karya Makmur - 09/PMB/INV/XII/2025 - (Voc 572) - SPPG: Kel Sambeng, Kec Kasiman, Kab Bojonegoro	0	32750000
cmtuxiv0904anvr10gmhen3cx	12 Dec 25	=HYPERLINK("http://localhost:3000/vouchers/cmtuxiuz00497vr10nmdx3zch", "25-0000546")	140003	Reimbursment / Debit Note Biaya Pelabuhan	Adjustment	CV Karya Makmur - 09/PMB/INV/XII/2025 - (Voc 295 & 309) - SPPG: Kel Sambeng, Kec Kasiman, Kab Bojonegoro	0	36502292
cmtuxiv0b04apvr10npaswopn	12 Dec 25	=HYPERLINK("http://localhost:3000/vouchers/cmtuxiuz00497vr10nmdx3zch", "25-0000546")	110004	Piutang CV. Mustika Karya	Adjustment	CV Karya Makmur - 09/PMB/INV/XII/2025 - (Voc 294) - SPPG: Kel Sambeng, Kec Kasiman, Kab Bojonegoro	0	3492905
cmtuxiv0d04arvr10h0gqd1eb	12 Dec 25	=HYPERLINK("http://localhost:3000/vouchers/cmtuxiuz00497vr10nmdx3zch", "25-0000546")	220000	PPN Keluaran	Adjustment	CV Karya Makmur - 09/PMB/INV/XII/2025 - (Voc 545) - SPPG: Kel Sambeng, Kec Kasiman, Kab Bojonegoro	0	1500000
cmtuxiv0e04atvr10ffwsafpn	12 Dec 25	=HYPERLINK("http://localhost:3000/vouchers/cmtuxiuz00497vr10nmdx3zch", "25-0000546")	400000	Penjualan	Adjustment	CV Karya Makmur - 09/PMB/INV/XII/2025 - (Voc 514, 186 & 149) - SPPG: Kel Sambeng, Kec Kasiman, Kab Bojonegoro	0	8456767
cmtuxiv0g04avvr10eszc0fci	12 Dec 25	=HYPERLINK("http://localhost:3000/vouchers/cmtuxiuz00497vr10nmdx3zch", "25-0000546")	500001	HPP Alat Dapur	Adjustment	CV Karya Makmur - 09/PMB/INV/XII/2025 - (Voc 128 & 187) - SPPG: Kel Sambeng, Kec Kasiman, Kab Bojonegoro	0	2190000
cmtuxiv0i04axvr10pwngg3d6	12 Dec 25	=HYPERLINK("http://localhost:3000/vouchers/cmtuxiuz00497vr10nmdx3zch", "25-0000546")	500004	HPP Jasa Instalasi Alat Dapur	Adjustment	CV Karya Makmur - 09/PMB/INV/XII/2025 - (Voc 139) - SPPG: Kel Sambeng, Kec Kasiman, Kab Bojonegoro	0	13699370
cmtuxiv0m04b1vr10s0j3ixgk	12 Dec 25	=HYPERLINK("http://localhost:3000/vouchers/cmtuxiv0k04azvr10qg8a2av9", "25-0000547")	500002	HPP Genzet	Adjustment	CV Mustika Karya - 10/PMB/INV/XII/2025 - SPPG: Kel Ngumpak Dalem, Kec Dander, Kab Bojonegoro	2214985057	0
cmtuxiv0o04b3vr10xsg64u63	12 Dec 25	=HYPERLINK("http://localhost:3000/vouchers/cmtuxiv0k04azvr10qg8a2av9", "25-0000547")	500003	HPP Food Tray	Adjustment	CV Mustika Karya - 10/PMB/INV/XII/2025 - SPPG: Kel Ngumpak Dalem, Kec Dander, Kab Bojonegoro	0	219503024
cmtuxiv0p04b5vr107q47ehvj	12 Dec 25	=HYPERLINK("http://localhost:3000/vouchers/cmtuxiv0k04azvr10qg8a2av9", "25-0000547")	500003	HPP Food Tray	Adjustment	CV Mustika Karya - 10/PMB/INV/XII/2025 - SPPG: Kel Ngumpak Dalem, Kec Dander, Kab Bojonegoro	0	1995482033
cmtuxiv0r04b7vr10ne2jzxcn	12 Dec 25	=HYPERLINK("http://localhost:3000/vouchers/cmtuxiv0k04azvr10qg8a2av9", "25-0000547")	500005	HPP Modular Box	Adjustment	CV Mustika Karya - 10/PMB/INV/XII/2025 - (voc 586) - SPPG: Kel Ngumpak Dalem, Kec Dander, Kab Bojonegoro	283312438	0
cmtuxiv0t04b9vr10kj5w6se2	12 Dec 25	=HYPERLINK("http://localhost:3000/vouchers/cmtuxiv0k04azvr10qg8a2av9", "25-0000547")	500006	HPP Ongkos Pasang Modular	Adjustment	CV Mustika Karya - 10/PMB/INV/XII/2025 - (voc 586) - SPPG: Kel Ngumpak Dalem, Kec Dander, Kab Bojonegoro	67575000	0
cmtuxiv0u04bbvr10enr4g78r	12 Dec 25	=HYPERLINK("http://localhost:3000/vouchers/cmtuxiv0k04azvr10qg8a2av9", "25-0000547")	500009	HPP Furniture	Adjustment	CV Mustika Karya - 10/PMB/INV/XII/2025 - (voc 476) - SPPG: Kel Ngumpak Dalem, Kec Dander, Kab Bojonegoro	50000000	0
cmtuxiv0w04bdvr109w9ohrh9	12 Dec 25	=HYPERLINK("http://localhost:3000/vouchers/cmtuxiv0k04azvr10qg8a2av9", "25-0000547")	500010	HPP AC dan Exhaust Fan	Adjustment	CV Mustika Karya - 10/PMB/INV/XII/2025 - (voc 234) - SPPG: Kel Ngumpak Dalem, Kec Dander, Kab Bojonegoro	105408000	0
cmtuxiv0y04bfvr10xg6brwfy	12 Dec 25	=HYPERLINK("http://localhost:3000/vouchers/cmtuxiv0k04azvr10qg8a2av9", "25-0000547")	500011	HPP Jasa Pasang AC dan Exhaust Fan	Adjustment	CV Mustika Karya - 10/PMB/INV/XII/2025 - (voc 544) - SPPG: Kel Ngumpak Dalem, Kec Dander, Kab Bojonegoro	1200000	0
cmtuxiv1004bhvr10pluow3vg	12 Dec 25	=HYPERLINK("http://localhost:3000/vouchers/cmtuxiv0k04azvr10qg8a2av9", "25-0000547")	500012	HPP Alat Listrik	Adjustment	CV Mustika Karya - 10/PMB/INV/XII/2025 - (voc 139) - SPPG: Kel Ngumpak Dalem, Kec Dander, Kab Bojonegoro	359851658	0
cmtuxiv1104bjvr10ec676r7e	12 Dec 25	=HYPERLINK("http://localhost:3000/vouchers/cmtuxiv0k04azvr10qg8a2av9", "25-0000547")	500016	HPP Ongkos Kirim	Adjustment	CV Mustika Karya - 10/PMB/INV/XII/2025 - (voc 380) - SPPG: Kel Ngumpak Dalem, Kec Dander, Kab Bojonegoro	80000000	0
cmtuxiv1304blvr10ilxv5cbq	12 Dec 25	=HYPERLINK("http://localhost:3000/vouchers/cmtuxiv0k04azvr10qg8a2av9", "25-0000547")	500017	HPP Material	Adjustment	CV Mustika Karya - 10/PMB/INV/XII/2025 - (voc 572) - SPPG: Kel Ngumpak Dalem, Kec Dander, Kab Bojonegoro	32750000	0
cmtuxiv1504bnvr10yr2d17gg	12 Dec 25	=HYPERLINK("http://localhost:3000/vouchers/cmtuxiv0k04azvr10qg8a2av9", "25-0000547")	500018	HPP Biaya Langsir, Jaga Malam, ongkos bongkar	Adjustment	CV Mustika Karya - 10/PMB/INV/XII/2025 - (Voc 295 & 309) - SPPG: Kel Ngumpak Dalem, Kec Dander, Kab Bojonegoro	36502292	0
cmtuxiv1604bpvr1044bkfmdm	12 Dec 25	=HYPERLINK("http://localhost:3000/vouchers/cmtuxiv0k04azvr10qg8a2av9", "25-0000547")	500013	HPP Biaya Pelabuhan	Adjustment	CV Mustika Karya - 10/PMB/INV/XII/2025 - (Voc 559) - SPPG: Kel Ngumpak Dalem, Kec Dander, Kab Bojonegoro	3935585	0
cmtuxiv1804brvr10jw2qihz0	12 Dec 25	=HYPERLINK("http://localhost:3000/vouchers/cmtuxiv0k04azvr10qg8a2av9", "25-0000547")	130001	Pembelian Alat Alat Dapur	Adjustment	CV Mustika Karya - 10/PMB/INV/XII/2025 - (Voc 535 & 541) - SPPG: Kel Ngumpak Dalem, Kec Dander, Kab Bojonegoro	17200838	0
cmtuxiv1a04btvr104swiodx4	12 Dec 25	=HYPERLINK("http://localhost:3000/vouchers/cmtuxiv0k04azvr10qg8a2av9", "25-0000547")	150008	Jasa Instalasi Alat Dapur (PT Sankeindo)	Adjustment	CV Mustika Karya - 10/PMB/INV/XII/2025 - (voc 543, 545) - SPPG: Kel Ngumpak Dalem, Kec Dander, Kab Bojonegoro	1763334	0
cmtuxiv1c04bvvr10vrl3zaw2	12 Dec 25	=HYPERLINK("http://localhost:3000/vouchers/cmtuxiv0k04azvr10qg8a2av9", "25-0000547")	130005	Pembelian Barang dangangan Genzet	Adjustment	CV Mustika Karya - 10/PMB/INV/XII/2025 - (Voc 514, 186, 408, 149 & 278) - SPPG: Kel Ngumpak Dalem, Kec Dander, Kab Bojonegoro	31385911	0
cmtuxiv1d04bxvr10kjk53iju	12 Dec 25	=HYPERLINK("http://localhost:3000/vouchers/cmtuxiv0k04azvr10qg8a2av9", "25-0000547")	130002	Pembelian Barang dagangan Food Tray	Adjustment	CV Mustika Karya - 10/PMB/INV/XII/2025 - (Voc 4 & 256) - SPPG: Kel Ngumpak Dalem, Kec Dander, Kab Bojonegoro	2020000	0
cmtuxiv1f04bzvr101amnnoj5	12 Dec 25	=HYPERLINK("http://localhost:3000/vouchers/cmtuxiv0k04azvr10qg8a2av9", "25-0000547")	150004	Ongkos Kirim	Adjustment	CV Mustika Karya - 10/PMB/INV/XII/2025 - (Voc 139) - SPPG: Kel Ngumpak Dalem, Kec Dander, Kab Bojonegoro	13699370	0
cmtuxiv1h04c1vr10qzgpp1ge	12 Dec 25	=HYPERLINK("http://localhost:3000/vouchers/cmtuxiv0k04azvr10qg8a2av9", "25-0000547")	130000	Pembelian Barang dagangan Modular	Adjustment	CV Mustika Karya - 10/PMB/INV/XII/2025 - (voc 586) - SPPG: Kel Ngumpak Dalem, Kec Dander, Kab Bojonegoro	0	283312438
cmtuxiv1j04c3vr10kttran4f	12 Dec 25	=HYPERLINK("http://localhost:3000/vouchers/cmtuxiv0k04azvr10qg8a2av9", "25-0000547")	150000	Ongkos Pasang Modular	Adjustment	CV Mustika Karya - 10/PMB/INV/XII/2025 - (voc 586) - SPPG: Kel Ngumpak Dalem, Kec Dander, Kab Bojonegoro	0	67575000
cmtuxiv1l04c5vr10147jfoqr	12 Dec 25	=HYPERLINK("http://localhost:3000/vouchers/cmtuxiv0k04azvr10qg8a2av9", "25-0000547")	130004	Pembelian Barang dagangan Furniture	Adjustment	CV Mustika Karya - 10/PMB/INV/XII/2025 - (voc 476) - SPPG: Kel Ngumpak Dalem, Kec Dander, Kab Bojonegoro	0	50000000
cmtuxiv1m04c7vr108q7287a4	12 Dec 25	=HYPERLINK("http://localhost:3000/vouchers/cmtuxiv0k04azvr10qg8a2av9", "25-0000547")	130003	Pembelian Barang dagangan AC,Exhaust Fan	Adjustment	CV Mustika Karya - 10/PMB/INV/XII/2025 - (voc 234) - SPPG: Kel Ngumpak Dalem, Kec Dander, Kab Bojonegoro	0	105408000
cmtuxiv1o04c9vr10yfyn22by	12 Dec 25	=HYPERLINK("http://localhost:3000/vouchers/cmtuxiv0k04azvr10qg8a2av9", "25-0000547")	150001	Ongkos Pasang AC dan Exhaust Fan ,jasa Instalasi Listrik	Adjustment	CV Mustika Karya - 10/PMB/INV/XII/2025 - (voc 544) - SPPG: Kel Ngumpak Dalem, Kec Dander, Kab Bojonegoro	0	1200000
cmtuxiv1q04cbvr10tmd7x6ck	12 Dec 25	=HYPERLINK("http://localhost:3000/vouchers/cmtuxiv0k04azvr10qg8a2av9", "25-0000547")	140001	Pembelian Listrik	Adjustment	CV Mustika Karya - 10/PMB/INV/XII/2025 - (voc 139) - SPPG: Kel Ngumpak Dalem, Kec Dander, Kab Bojonegoro	0	359851658
cmtuxiv1s04cdvr10vs22thdv	12 Dec 25	=HYPERLINK("http://localhost:3000/vouchers/cmtuxiv0k04azvr10qg8a2av9", "25-0000547")	150004	Ongkos Kirim	Adjustment	CV Mustika Karya - 10/PMB/INV/XII/2025 - (voc 380) - SPPG: Kel Ngumpak Dalem, Kec Dander, Kab Bojonegoro	0	80000000
cmtuxiv1t04cfvr10jy97xty7	12 Dec 25	=HYPERLINK("http://localhost:3000/vouchers/cmtuxiv0k04azvr10qg8a2av9", "25-0000547")	140002	Pembelian Material	Adjustment	CV Mustika Karya - 10/PMB/INV/XII/2025 - (voc 572) - SPPG: Kel Ngumpak Dalem, Kec Dander, Kab Bojonegoro	0	32750000
cmtuxiv1w04chvr109ldiaew0	12 Dec 25	=HYPERLINK("http://localhost:3000/vouchers/cmtuxiv0k04azvr10qg8a2av9", "25-0000547")	150005	Biaya Langsir, Jaga Malam, ongkos bongkar	Adjustment	CV Mustika Karya - 10/PMB/INV/XII/2025 - (Voc 295 & 309) - SPPG: Kel Ngumpak Dalem, Kec Dander, Kab Bojonegoro	0	36502292
cmtuxiv2004cjvr10uhqo6zth	12 Dec 25	=HYPERLINK("http://localhost:3000/vouchers/cmtuxiv0k04azvr10qg8a2av9", "25-0000547")	140003	Reimbursment / Debit Note Biaya Pelabuhan	Adjustment	CV Mustika Karya - 10/PMB/INV/XII/2025 - (Voc 559) - SPPG: Kel Ngumpak Dalem, Kec Dander, Kab Bojonegoro	0	3935585
cmtuxiv2204clvr1095j1doiw	12 Dec 25	=HYPERLINK("http://localhost:3000/vouchers/cmtuxiv0k04azvr10qg8a2av9", "25-0000547")	110004	Piutang CV. Mustika Karya	Adjustment	CV Mustika Karya - 10/PMB/INV/XII/2025 - (Voc 535 & 541) - SPPG: Kel Ngumpak Dalem, Kec Dander, Kab Bojonegoro	0	17200838
cmtuxiv2404cnvr10cj0oo5bb	12 Dec 25	=HYPERLINK("http://localhost:3000/vouchers/cmtuxiv0k04azvr10qg8a2av9", "25-0000547")	220000	PPN Keluaran	Adjustment	CV Mustika Karya - 10/PMB/INV/XII/2025 - (voc 543, 545) - SPPG: Kel Ngumpak Dalem, Kec Dander, Kab Bojonegoro	0	1763334
cmtuxiv2504cpvr10fbaecoux	12 Dec 25	=HYPERLINK("http://localhost:3000/vouchers/cmtuxiv0k04azvr10qg8a2av9", "25-0000547")	400000	Penjualan	Adjustment	CV Mustika Karya - 10/PMB/INV/XII/2025 - (Voc 514, 186, 408, 149 & 278) - SPPG: Kel Ngumpak Dalem, Kec Dander, Kab Bojonegoro	0	31385911
cmtuxiv2704crvr1023t8c77n	12 Dec 25	=HYPERLINK("http://localhost:3000/vouchers/cmtuxiv0k04azvr10qg8a2av9", "25-0000547")	500001	HPP Alat Dapur	Adjustment	CV Mustika Karya - 10/PMB/INV/XII/2025 - (Voc 4 & 256) - SPPG: Kel Ngumpak Dalem, Kec Dander, Kab Bojonegoro	0	2020000
cmtuxiv2904ctvr104rz78xok	12 Dec 25	=HYPERLINK("http://localhost:3000/vouchers/cmtuxiv0k04azvr10qg8a2av9", "25-0000547")	500004	HPP Jasa Instalasi Alat Dapur	Adjustment	CV Mustika Karya - 10/PMB/INV/XII/2025 - (Voc 139) - SPPG: Kel Ngumpak Dalem, Kec Dander, Kab Bojonegoro	0	13699370
cmtuxiv2b04cvvr10xnxc67n0	12 Dec 25	=HYPERLINK("http://localhost:3000/vouchers/cmtuxiv0k04azvr10qg8a2av9", "25-0000547")	500002	HPP Genzet	Adjustment	CV Mustika Karya - 11/PMB/INV/XII/2025 - SPPG: Kel Sekar, Kec Sekar, Kab Bojonegoro	2214985057	0
cmtuxiv2e04czvr106vw0kdb2	12 Dec 25	=HYPERLINK("http://localhost:3000/vouchers/cmtuxiv2c04cxvr10b50g74g1", "25-0000548")	500003	HPP Food Tray	Adjustment	CV Mustika Karya - 11/PMB/INV/XII/2025 - SPPG: Kel Sekar, Kec Sekar, Kab Bojonegoro	0	219503024
cmtuxiv2g04d1vr10ujb3q8rp	12 Dec 25	=HYPERLINK("http://localhost:3000/vouchers/cmtuxiv2c04cxvr10b50g74g1", "25-0000548")	500003	HPP Food Tray	Adjustment	CV Mustika Karya - 11/PMB/INV/XII/2025 - SPPG: Kel Sekar, Kec Sekar, Kab Bojonegoro	0	1995482033
cmtuxiv2i04d3vr10jef4pcj4	12 Dec 25	=HYPERLINK("http://localhost:3000/vouchers/cmtuxiv2c04cxvr10b50g74g1", "25-0000548")	500005	HPP Modular Box	Adjustment	CV Mustika Karya - 11/PMB/INV/XII/2025 - (Voc 586) - SPPG: Kel Sekar, Kec Sekar, Kab Bojonegoro	283312438	0
cmtuxiv2j04d5vr10ygj87f7x	12 Dec 25	=HYPERLINK("http://localhost:3000/vouchers/cmtuxiv2c04cxvr10b50g74g1", "25-0000548")	500006	HPP Ongkos Pasang Modular	Adjustment	CV Mustika Karya - 11/PMB/INV/XII/2025 - (Voc 586) - SPPG: Kel Sekar, Kec Sekar, Kab Bojonegoro	67575000	0
cmtuxiv2l04d7vr104fy75pg9	12 Dec 25	=HYPERLINK("http://localhost:3000/vouchers/cmtuxiv2c04cxvr10b50g74g1", "25-0000548")	500009	HPP Furniture	Adjustment	CV Mustika Karya - 11/PMB/INV/XII/2025 - (Voc 476) - SPPG: Kel Sekar, Kec Sekar, Kab Bojonegoro	50000000	0
cmtuxiv2n04d9vr10kma4hbjf	12 Dec 25	=HYPERLINK("http://localhost:3000/vouchers/cmtuxiv2c04cxvr10b50g74g1", "25-0000548")	500010	HPP AC dan Exhaust Fan	Adjustment	CV Mustika Karya - 11/PMB/INV/XII/2025 - (Voc 456) - SPPG: Kel Sekar, Kec Sekar, Kab Bojonegoro	105405404	0
cmtuxiv2o04dbvr10iyp5v0r8	12 Dec 25	=HYPERLINK("http://localhost:3000/vouchers/cmtuxiv2c04cxvr10b50g74g1", "25-0000548")	500011	HPP Jasa Pasang AC dan Exhaust Fan	Adjustment	CV Mustika Karya - 11/PMB/INV/XII/2025 - (Voc 544) - SPPG: Kel Sekar, Kec Sekar, Kab Bojonegoro	1200000	0
cmtuxiv2q04ddvr10bdu9mzj3	12 Dec 25	=HYPERLINK("http://localhost:3000/vouchers/cmtuxiv2c04cxvr10b50g74g1", "25-0000548")	500016	HPP Ongkos Kirim	Adjustment	CV Mustika Karya - 11/PMB/INV/XII/2025 - (Voc 139) - SPPG: Kel Sekar, Kec Sekar, Kab Bojonegoro	359851658	0
cmtuxiv2s04dfvr1008zuumo8	12 Dec 25	=HYPERLINK("http://localhost:3000/vouchers/cmtuxiv2c04cxvr10b50g74g1", "25-0000548")	500017	HPP Material	Adjustment	CV Mustika Karya - 11/PMB/INV/XII/2025 - (Voc 396) - SPPG: Kel Sekar, Kec Sekar, Kab Bojonegoro	80000000	0
cmtuxiv2t04dhvr10t722adak	12 Dec 25	=HYPERLINK("http://localhost:3000/vouchers/cmtuxiv2c04cxvr10b50g74g1", "25-0000548")	500013	HPP Biaya Pelabuhan	Adjustment	CV Mustika Karya - 11/PMB/INV/XII/2025 - (Voc 572) - SPPG: Kel Sekar, Kec Sekar, Kab Bojonegoro	32750000	0
cmtuxiv2v04djvr10nyrng9j2	12 Dec 25	=HYPERLINK("http://localhost:3000/vouchers/cmtuxiv2c04cxvr10b50g74g1", "25-0000548")	130001	Pembelian Alat Alat Dapur	Adjustment	CV Mustika Karya - 11/PMB/INV/XII/2025 - (Voc 295 & 309) - SPPG: Kel Sekar, Kec Sekar, Kab Bojonegoro	36502292	0
cmtuxiv2x04dlvr10g385cgng	12 Dec 25	=HYPERLINK("http://localhost:3000/vouchers/cmtuxiv2c04cxvr10b50g74g1", "25-0000548")	150008	Jasa Instalasi Alat Dapur (PT Sankeindo)	Adjustment	CV Mustika Karya - 11/PMB/INV/XII/2025 - (Voc 294) - SPPG: Kel Sekar, Kec Sekar, Kab Bojonegoro	3492905	0
cmtuxiv2z04dnvr10lf2sauf8	12 Dec 25	=HYPERLINK("http://localhost:3000/vouchers/cmtuxiv2c04cxvr10b50g74g1", "25-0000548")	130005	Pembelian Barang dangangan Genzet	Adjustment	CV Mustika Karya - 11/PMB/INV/XII/2025 - (Voc 545) - SPPG: Kel Sekar, Kec Sekar, Kab Bojonegoro	1500000	0
cmtuxiv3004dpvr10guwor4hp	12 Dec 25	=HYPERLINK("http://localhost:3000/vouchers/cmtuxiv2c04cxvr10b50g74g1", "25-0000548")	130002	Pembelian Barang dagangan Food Tray	Adjustment	CV Mustika Karya - 11/PMB/INV/XII/2025 - (Voc 514, 408, 186 & 149) - SPPG: Kel Sekar, Kec Sekar, Kab Bojonegoro	3806750	0
cmtuxiv3204drvr10ksuqgaqc	12 Dec 25	=HYPERLINK("http://localhost:3000/vouchers/cmtuxiv2c04cxvr10b50g74g1", "25-0000548")	150004	Ongkos Kirim	Adjustment	CV Mustika Karya - 11/PMB/INV/XII/2025 - (Voc 461 & 462) - SPPG: Kel Sekar, Kec Sekar, Kab Bojonegoro	20057408	0
cmtuxiv3404dtvr10vcujj67x	12 Dec 25	=HYPERLINK("http://localhost:3000/vouchers/cmtuxiv2c04cxvr10b50g74g1", "25-0000548")	130000	Pembelian Barang dagangan Modular	Adjustment	CV Mustika Karya - 11/PMB/INV/XII/2025 - (Voc 586) - SPPG: Kel Sekar, Kec Sekar, Kab Bojonegoro	0	283312438
cmtuxiv3604dvvr10685fs2mo	12 Dec 25	=HYPERLINK("http://localhost:3000/vouchers/cmtuxiv2c04cxvr10b50g74g1", "25-0000548")	150000	Ongkos Pasang Modular	Adjustment	CV Mustika Karya - 11/PMB/INV/XII/2025 - (Voc 586) - SPPG: Kel Sekar, Kec Sekar, Kab Bojonegoro	0	67575000
cmtuxiv3704dxvr10s086kk9k	12 Dec 25	=HYPERLINK("http://localhost:3000/vouchers/cmtuxiv2c04cxvr10b50g74g1", "25-0000548")	130004	Pembelian Barang dagangan Furniture	Adjustment	CV Mustika Karya - 11/PMB/INV/XII/2025 - (Voc 476) - SPPG: Kel Sekar, Kec Sekar, Kab Bojonegoro	0	50000000
cmtuxiv3904dzvr10qjfguwzs	12 Dec 25	=HYPERLINK("http://localhost:3000/vouchers/cmtuxiv2c04cxvr10b50g74g1", "25-0000548")	130003	Pembelian Barang dagangan AC,Exhaust Fan	Adjustment	CV Mustika Karya - 11/PMB/INV/XII/2025 - (Voc 456) - SPPG: Kel Sekar, Kec Sekar, Kab Bojonegoro	0	105405404
cmtuxiv3a04e1vr10s9lcshb6	12 Dec 25	=HYPERLINK("http://localhost:3000/vouchers/cmtuxiv2c04cxvr10b50g74g1", "25-0000548")	150001	Ongkos Pasang AC dan Exhaust Fan ,jasa Instalasi Listrik	Adjustment	CV Mustika Karya - 11/PMB/INV/XII/2025 - (Voc 544) - SPPG: Kel Sekar, Kec Sekar, Kab Bojonegoro	0	1200000
cmtuxiv3c04e3vr10g19xssoa	12 Dec 25	=HYPERLINK("http://localhost:3000/vouchers/cmtuxiv2c04cxvr10b50g74g1", "25-0000548")	150004	Ongkos Kirim	Adjustment	CV Mustika Karya - 11/PMB/INV/XII/2025 - (Voc 139) - SPPG: Kel Sekar, Kec Sekar, Kab Bojonegoro	0	359851658
cmtuxiv3e04e5vr107zx3r7c6	12 Dec 25	=HYPERLINK("http://localhost:3000/vouchers/cmtuxiv2c04cxvr10b50g74g1", "25-0000548")	140002	Pembelian Material	Adjustment	CV Mustika Karya - 11/PMB/INV/XII/2025 - (Voc 396) - SPPG: Kel Sekar, Kec Sekar, Kab Bojonegoro	0	80000000
cmtuxiv3g04e7vr10ohb4zou8	12 Dec 25	=HYPERLINK("http://localhost:3000/vouchers/cmtuxiv2c04cxvr10b50g74g1", "25-0000548")	150003	Jasa Custom Clearance/Dokumen	Adjustment	CV Mustika Karya - 11/PMB/INV/XII/2025 - (Voc 572) - SPPG: Kel Sekar, Kec Sekar, Kab Bojonegoro	0	32750000
cmtuxiv3i04e9vr104yaexiyj	12 Dec 25	=HYPERLINK("http://localhost:3000/vouchers/cmtuxiv2c04cxvr10b50g74g1", "25-0000548")	140003	Reimbursment / Debit Note Biaya Pelabuhan	Adjustment	CV Mustika Karya - 11/PMB/INV/XII/2025 - (Voc 295 & 309) - SPPG: Kel Sekar, Kec Sekar, Kab Bojonegoro	0	36502292
cmtuxiv3j04ebvr10kkxwoxmo	12 Dec 25	=HYPERLINK("http://localhost:3000/vouchers/cmtuxiv2c04cxvr10b50g74g1", "25-0000548")	110003	Piutang CV. Rizka Abadi	Adjustment	CV Mustika Karya - 11/PMB/INV/XII/2025 - (Voc 294) - SPPG: Kel Sekar, Kec Sekar, Kab Bojonegoro	0	3492905
cmtuxiv3l04edvr1063co4180	12 Dec 25	=HYPERLINK("http://localhost:3000/vouchers/cmtuxiv2c04cxvr10b50g74g1", "25-0000548")	220000	PPN Keluaran	Adjustment	CV Mustika Karya - 11/PMB/INV/XII/2025 - (Voc 545) - SPPG: Kel Sekar, Kec Sekar, Kab Bojonegoro	0	1500000
cmtuxiv3n04efvr10ykd8hqfz	12 Dec 25	=HYPERLINK("http://localhost:3000/vouchers/cmtuxiv2c04cxvr10b50g74g1", "25-0000548")	400000	Penjualan	Adjustment	CV Mustika Karya - 11/PMB/INV/XII/2025 - (Voc 514, 408, 186 & 149) - SPPG: Kel Sekar, Kec Sekar, Kab Bojonegoro	0	3806750
cmtuxiv3p04ehvr10jxf5xfyh	12 Dec 25	=HYPERLINK("http://localhost:3000/vouchers/cmtuxiv2c04cxvr10b50g74g1", "25-0000548")	500001	HPP Alat Dapur	Adjustment	CV Mustika Karya - 11/PMB/INV/XII/2025 - (Voc 461) - SPPG: Kel Sekar, Kec Sekar, Kab Bojonegoro	0	7575000
cmtuxiv3r04ejvr104jocrlqo	12 Dec 25	=HYPERLINK("http://localhost:3000/vouchers/cmtuxiv2c04cxvr10b50g74g1", "25-0000548")	500004	HPP Jasa Instalasi Alat Dapur	Adjustment	CV Mustika Karya - 11/PMB/INV/XII/2025 - (Voc 462) - SPPG: Kel Sekar, Kec Sekar, Kab Bojonegoro	0	12482408
cmtuxiv3u04envr109kuz0wp1	12 Dec 25	=HYPERLINK("http://localhost:3000/vouchers/cmtuxiv3s04elvr10p7nz7pnc", "25-0000549")	500002	HPP Genzet	Adjustment	CV Rizka Abadi - 12/PMB/INV/XII/2025 - SPPG: Kel Kepoh Kidul, Kec Kidung Adem, Kab Bojonegoro	2214985057	0
cmtuxiv3w04epvr10a8zudqpr	12 Dec 25	=HYPERLINK("http://localhost:3000/vouchers/cmtuxiv3s04elvr10p7nz7pnc", "25-0000549")	500003	HPP Food Tray	Adjustment	CV Rizka Abadi - 12/PMB/INV/XII/2025 - SPPG: Kel Kepoh Kidul, Kec Kidung Adem, Kab Bojonegoro	0	219503024
cmtuxiv3x04ervr10hvgohfvr	12 Dec 25	=HYPERLINK("http://localhost:3000/vouchers/cmtuxiv3s04elvr10p7nz7pnc", "25-0000549")	500003	HPP Food Tray	Adjustment	CV Rizka Abadi - 12/PMB/INV/XII/2025 - SPPG: Kel Kepoh Kidul, Kec Kidung Adem, Kab Bojonegoro	0	1995482033
cmtuxiv3z04etvr10wbl2vtgj	12 Dec 25	=HYPERLINK("http://localhost:3000/vouchers/cmtuxiv3s04elvr10p7nz7pnc", "25-0000549")	500005	HPP Modular Box	Adjustment	CV Rizka Abadi - 12/PMB/INV/XII/2025 - (Voc 586) - SPPG: Kel Kepoh Kidul, Kec Kidung Adem, Kab Bojonegoro	283312438	0
cmtuxiv4104evvr10q9so0lrd	12 Dec 25	=HYPERLINK("http://localhost:3000/vouchers/cmtuxiv3s04elvr10p7nz7pnc", "25-0000549")	500006	HPP Ongkos Pasang Modular	Adjustment	CV Rizka Abadi - 12/PMB/INV/XII/2025 - (Voc 586) - SPPG: Kel Kepoh Kidul, Kec Kidung Adem, Kab Bojonegoro	67575000	0
cmtuxiv4304exvr10cw66igpi	12 Dec 25	=HYPERLINK("http://localhost:3000/vouchers/cmtuxiv3s04elvr10p7nz7pnc", "25-0000549")	500009	HPP Furniture	Adjustment	CV Rizka Abadi - 12/PMB/INV/XII/2025 - (Voc 476) - SPPG: Kel Kepoh Kidul, Kec Kidung Adem, Kab Bojonegoro	50000000	0
cmtuxiv4504ezvr10ay0ewyqh	12 Dec 25	=HYPERLINK("http://localhost:3000/vouchers/cmtuxiv3s04elvr10p7nz7pnc", "25-0000549")	500010	HPP AC dan Exhaust Fan	Adjustment	CV Rizka Abadi - 12/PMB/INV/XII/2025 - (Voc 456) - SPPG: Kel Kepoh Kidul, Kec Kidung Adem, Kab Bojonegoro	105405404	0
cmtuxiv4604f1vr10hl2wm4ie	12 Dec 25	=HYPERLINK("http://localhost:3000/vouchers/cmtuxiv3s04elvr10p7nz7pnc", "25-0000549")	500011	HPP Jasa Pasang AC dan Exhaust Fan	Adjustment	CV Rizka Abadi - 12/PMB/INV/XII/2025 - (Voc 544) - SPPG: Kel Kepoh Kidul, Kec Kidung Adem, Kab Bojonegoro	1200000	0
cmtuxiv4804f3vr10bcwapwjl	12 Dec 25	=HYPERLINK("http://localhost:3000/vouchers/cmtuxiv3s04elvr10p7nz7pnc", "25-0000549")	500015	HPP Jasa Penarikan Kabel	Adjustment	CV Rizka Abadi - 12/PMB/INV/XII/2025 - (Voc 139) - SPPG: Kel Kepoh Kidul, Kec Kidung Adem, Kab Bojonegoro	359851658	0
cmtuxiv4a04f5vr100u0ga1vg	12 Dec 25	=HYPERLINK("http://localhost:3000/vouchers/cmtuxiv3s04elvr10p7nz7pnc", "25-0000549")	500012	HPP Alat Listrik	Adjustment	CV Rizka Abadi - 12/PMB/INV/XII/2025 - (Voc 397) - SPPG: Kel Kepoh Kidul, Kec Kidung Adem, Kab Bojonegoro	80000000	0
cmtuxiv4c04f7vr10j702ozwd	12 Dec 25	=HYPERLINK("http://localhost:3000/vouchers/cmtuxiv3s04elvr10p7nz7pnc", "25-0000549")	500016	HPP Ongkos Kirim	Adjustment	CV Rizka Abadi - 12/PMB/INV/XII/2025 - (Voc 572) - SPPG: Kel Kepoh Kidul, Kec Kidung Adem, Kab Bojonegoro	32750000	0
cmtuxiv4d04f9vr10hkswy3ip	12 Dec 25	=HYPERLINK("http://localhost:3000/vouchers/cmtuxiv3s04elvr10p7nz7pnc", "25-0000549")	500017	HPP Material	Adjustment	CV Rizka Abadi - 12/PMB/INV/XII/2025 - (Voc 295 & 309) - SPPG: Kel Kepoh Kidul, Kec Kidung Adem, Kab Bojonegoro	36502292	0
cmtuxiv4f04fbvr10ti3agy5b	12 Dec 25	=HYPERLINK("http://localhost:3000/vouchers/cmtuxiv3s04elvr10p7nz7pnc", "25-0000549")	500013	HPP Biaya Pelabuhan	Adjustment	CV Rizka Abadi - 12/PMB/INV/XII/2025 - (Voc 294) - SPPG: Kel Kepoh Kidul, Kec Kidung Adem, Kab Bojonegoro	3492905	0
cmtuxiv4h04fdvr109ffpha3u	12 Dec 25	=HYPERLINK("http://localhost:3000/vouchers/cmtuxiv3s04elvr10p7nz7pnc", "25-0000549")	500019	HPP Biaya Perbaikan Proyek	Adjustment	CV Rizka Abadi - 12/PMB/INV/XII/2025 - (Voc 556) - SPPG: Kel Kepoh Kidul, Kec Kidung Adem, Kab Bojonegoro	1960360	0
cmtuxiv4j04ffvr10eckbu411	12 Dec 25	=HYPERLINK("http://localhost:3000/vouchers/cmtuxiv3s04elvr10p7nz7pnc", "25-0000549")	130001	Pembelian Alat Alat Dapur	Adjustment	CV Rizka Abadi - 12/PMB/INV/XII/2025 - (Voc 557) - SPPG: Kel Kepoh Kidul, Kec Kidung Adem, Kab Bojonegoro	3842342	0
cmtuxiv4k04fhvr10zpv12aby	12 Dec 25	=HYPERLINK("http://localhost:3000/vouchers/cmtuxiv3s04elvr10p7nz7pnc", "25-0000549")	150008	Jasa Instalasi Alat Dapur (PT Sankeindo)	Adjustment	CV Rizka Abadi - 12/PMB/INV/XII/2025 - (Voc 545) - SPPG: Kel Kepoh Kidul, Kec Kidung Adem, Kab Bojonegoro	1500000	0
cmtuxiv4m04fjvr10ftvadjl1	12 Dec 25	=HYPERLINK("http://localhost:3000/vouchers/cmtuxiv3s04elvr10p7nz7pnc", "25-0000549")	130005	Pembelian Barang dangangan Genzet	Adjustment	CV Rizka Abadi - 12/PMB/INV/XII/2025 - (Voc 298, 350, 182, 291, 271, 293 & 149) - SPPG: Kel Kepoh Kidul, Kec Kidung Adem, Kab Bojonegoro	54826251	0
cmtuxiv4o04flvr10v77p0khk	12 Dec 25	=HYPERLINK("http://localhost:3000/vouchers/cmtuxiv3s04elvr10p7nz7pnc", "25-0000549")	130002	Pembelian Barang dagangan Food Tray	Adjustment	CV Rizka Abadi - 12/PMB/INV/XII/2025 - (Voc 461 & 462) - SPPG: Kel Kepoh Kidul, Kec Kidung Adem, Kab Bojonegoro	11887478	0
cmtuxiv4p04fnvr102u9zv90m	12 Dec 25	=HYPERLINK("http://localhost:3000/vouchers/cmtuxiv3s04elvr10p7nz7pnc", "25-0000549")	150004	Ongkos Kirim	Adjustment	CV Rizka Abadi - 12/PMB/INV/XII/2025 - (Voc 291) - SPPG: Kel Kepoh Kidul, Kec Kidung Adem, Kab Bojonegoro	20000000	0
cmtuxiv4r04fpvr10s4pnsy44	12 Dec 25	=HYPERLINK("http://localhost:3000/vouchers/cmtuxiv3s04elvr10p7nz7pnc", "25-0000549")	130000	Pembelian Barang dagangan Modular	Adjustment	CV Rizka Abadi - 12/PMB/INV/XII/2025 - (Voc 586) - SPPG: Kel Kepoh Kidul, Kec Kidung Adem, Kab Bojonegoro	0	283312438
cmtuxiv4t04frvr10pt475kws	12 Dec 25	=HYPERLINK("http://localhost:3000/vouchers/cmtuxiv3s04elvr10p7nz7pnc", "25-0000549")	150000	Ongkos Pasang Modular	Adjustment	CV Rizka Abadi - 12/PMB/INV/XII/2025 - (Voc 586) - SPPG: Kel Kepoh Kidul, Kec Kidung Adem, Kab Bojonegoro	0	67575000
cmtuxiv4v04ftvr101pjict88	12 Dec 25	=HYPERLINK("http://localhost:3000/vouchers/cmtuxiv3s04elvr10p7nz7pnc", "25-0000549")	130004	Pembelian Barang dagangan Furniture	Adjustment	CV Rizka Abadi - 12/PMB/INV/XII/2025 - (Voc 476) - SPPG: Kel Kepoh Kidul, Kec Kidung Adem, Kab Bojonegoro	0	50000000
cmtuxiv4x04fvvr101hbo6vn1	12 Dec 25	=HYPERLINK("http://localhost:3000/vouchers/cmtuxiv3s04elvr10p7nz7pnc", "25-0000549")	130003	Pembelian Barang dagangan AC,Exhaust Fan	Adjustment	CV Rizka Abadi - 12/PMB/INV/XII/2025 - (Voc 456) - SPPG: Kel Kepoh Kidul, Kec Kidung Adem, Kab Bojonegoro	0	105405404
cmtuxiv4y04fxvr100w5lhdxl	12 Dec 25	=HYPERLINK("http://localhost:3000/vouchers/cmtuxiv3s04elvr10p7nz7pnc", "25-0000549")	150001	Ongkos Pasang AC dan Exhaust Fan ,jasa Instalasi Listrik	Adjustment	CV Rizka Abadi - 12/PMB/INV/XII/2025 - (Voc 544) - SPPG: Kel Kepoh Kidul, Kec Kidung Adem, Kab Bojonegoro	0	1200000
cmtuxiv5004fzvr10cegogv5l	12 Dec 25	=HYPERLINK("http://localhost:3000/vouchers/cmtuxiv3s04elvr10p7nz7pnc", "25-0000549")	150001	Ongkos Pasang AC dan Exhaust Fan ,jasa Instalasi Listrik	Adjustment	CV Rizka Abadi - 12/PMB/INV/XII/2025 - (Voc 139) - SPPG: Kel Kepoh Kidul, Kec Kidung Adem, Kab Bojonegoro	0	359851658
cmtuxiv5204g1vr10wro0gil5	12 Dec 25	=HYPERLINK("http://localhost:3000/vouchers/cmtuxiv3s04elvr10p7nz7pnc", "25-0000549")	140001	Pembelian Listrik	Adjustment	CV Rizka Abadi - 12/PMB/INV/XII/2025 - (Voc 397) - SPPG: Kel Kepoh Kidul, Kec Kidung Adem, Kab Bojonegoro	0	80000000
cmtuxiv5404g3vr10jiskilgh	12 Dec 25	=HYPERLINK("http://localhost:3000/vouchers/cmtuxiv3s04elvr10p7nz7pnc", "25-0000549")	150004	Ongkos Kirim	Adjustment	CV Rizka Abadi - 12/PMB/INV/XII/2025 - (Voc 572) - SPPG: Kel Kepoh Kidul, Kec Kidung Adem, Kab Bojonegoro	0	32750000
cmtuxiv5504g5vr10zhngfcnt	12 Dec 25	=HYPERLINK("http://localhost:3000/vouchers/cmtuxiv3s04elvr10p7nz7pnc", "25-0000549")	140002	Pembelian Material	Adjustment	CV Rizka Abadi - 12/PMB/INV/XII/2025 - (Voc 295 & 309) - SPPG: Kel Kepoh Kidul, Kec Kidung Adem, Kab Bojonegoro	0	36502292
cmtuxiv5704g7vr109b6m35ct	12 Dec 25	=HYPERLINK("http://localhost:3000/vouchers/cmtuxiv3s04elvr10p7nz7pnc", "25-0000549")	150003	Jasa Custom Clearance/Dokumen	Adjustment	CV Rizka Abadi - 12/PMB/INV/XII/2025 - (Voc 294) - SPPG: Kel Kepoh Kidul, Kec Kidung Adem, Kab Bojonegoro	0	3492905
cmtuxiv5904g9vr10iksy3f5y	12 Dec 25	=HYPERLINK("http://localhost:3000/vouchers/cmtuxiv3s04elvr10p7nz7pnc", "25-0000549")	140003	Reimbursment / Debit Note Biaya Pelabuhan	Adjustment	CV Rizka Abadi - 12/PMB/INV/XII/2025 - (Voc 556) - SPPG: Kel Kepoh Kidul, Kec Kidung Adem, Kab Bojonegoro	0	1960360
cmtuxiv5a04gbvr1049uiqdcp	12 Dec 25	=HYPERLINK("http://localhost:3000/vouchers/cmtuxiv3s04elvr10p7nz7pnc", "25-0000549")	150009	Biaya Perbaikan Proyek	Adjustment	CV Rizka Abadi - 12/PMB/INV/XII/2025 - (Voc 557) - SPPG: Kel Kepoh Kidul, Kec Kidung Adem, Kab Bojonegoro	0	3842342
cmtuxiv5c04gdvr10j4ay3ego	12 Dec 25	=HYPERLINK("http://localhost:3000/vouchers/cmtuxiv3s04elvr10p7nz7pnc", "25-0000549")	110003	Piutang CV. Rizka Abadi	Adjustment	CV Rizka Abadi - 12/PMB/INV/XII/2025 - (Voc 545) - SPPG: Kel Kepoh Kidul, Kec Kidung Adem, Kab Bojonegoro	0	1500000
cmtuxiv5e04gfvr10xuuitla7	12 Dec 25	=HYPERLINK("http://localhost:3000/vouchers/cmtuxiv3s04elvr10p7nz7pnc", "25-0000549")	220000	PPN Keluaran	Adjustment	CV Rizka Abadi - 12/PMB/INV/XII/2025 - (Voc 298, 350, 182, 291, 271, 293 & 149) - SPPG: Kel Kepoh Kidul, Kec Kidung Adem, Kab Bojonegoro	0	54826251
cmtuxiv5g04ghvr10oyr8wn0o	12 Dec 25	=HYPERLINK("http://localhost:3000/vouchers/cmtuxiv3s04elvr10p7nz7pnc", "25-0000549")	400000	Penjualan	Adjustment	CV Rizka Abadi - 12/PMB/INV/XII/2025 - (Voc 461) - SPPG: Kel Kepoh Kidul, Kec Kidung Adem, Kab Bojonegoro	0	7575000
cmtuxiv5h04gjvr10jyv4l8ew	12 Dec 25	=HYPERLINK("http://localhost:3000/vouchers/cmtuxiv3s04elvr10p7nz7pnc", "25-0000549")	500001	HPP Alat Dapur	Adjustment	CV Rizka Abadi - 12/PMB/INV/XII/2025 - (Voc 462) - SPPG: Kel Kepoh Kidul, Kec Kidung Adem, Kab Bojonegoro	0	4312478
cmtuxiv5j04glvr10qpqblrmi	12 Dec 25	=HYPERLINK("http://localhost:3000/vouchers/cmtuxiv3s04elvr10p7nz7pnc", "25-0000549")	500004	HPP Jasa Instalasi Alat Dapur	Adjustment	CV Rizka Abadi - 12/PMB/INV/XII/2025 - (Voc 291) - SPPG: Kel Kepoh Kidul, Kec Kidung Adem, Kab Bojonegoro	0	20000000
cmtuxiv5n04gpvr10flahiygn	12 Dec 25	=HYPERLINK("http://localhost:3000/vouchers/cmtuxiv5l04gnvr10uib6nov9", "25-0000550")	500002	HPP Genzet	Adjustment	CV Rizka Abadi - 13/PMB/INV/XII/2025 - SPPG: Kel Wedi, Kec Kapas, Kab Bojonegoro	2214985057	0
cmtuxiv5p04grvr10o41vpenz	12 Dec 25	=HYPERLINK("http://localhost:3000/vouchers/cmtuxiv5l04gnvr10uib6nov9", "25-0000550")	500003	HPP Food Tray	Adjustment	CV Rizka Abadi - 13/PMB/INV/XII/2025 - SPPG: Kel Wedi, Kec Kapas, Kab Bojonegoro	0	219503024
cmtuxiv5q04gtvr10natg28nj	12 Dec 25	=HYPERLINK("http://localhost:3000/vouchers/cmtuxiv5l04gnvr10uib6nov9", "25-0000550")	500003	HPP Food Tray	Adjustment	CV Rizka Abadi - 13/PMB/INV/XII/2025 - SPPG: Kel Wedi, Kec Kapas, Kab Bojonegoro	0	1995482033
cmtuxiv5s04gvvr101uxtwqzt	12 Dec 25	=HYPERLINK("http://localhost:3000/vouchers/cmtuxiv5l04gnvr10uib6nov9", "25-0000550")	500005	HPP Modular Box	Adjustment	CV Rizka Abadi - 13/PMB/INV/XII/2025 - (Voc 586) - SPPG: Kel Wedi, Kec Kapas, Kab Bojonegoro	283312438	0
cmtuxiv5t04gxvr107yfmg1u1	12 Dec 25	=HYPERLINK("http://localhost:3000/vouchers/cmtuxiv5l04gnvr10uib6nov9", "25-0000550")	500006	HPP Ongkos Pasang Modular	Adjustment	CV Rizka Abadi - 13/PMB/INV/XII/2025 - (Voc 586) - SPPG: Kel Wedi, Kec Kapas, Kab Bojonegoro	67575000	0
cmtuxiv5v04gzvr10qdnw5eqp	12 Dec 25	=HYPERLINK("http://localhost:3000/vouchers/cmtuxiv5l04gnvr10uib6nov9", "25-0000550")	500009	HPP Furniture	Adjustment	CV Rizka Abadi - 13/PMB/INV/XII/2025 - (Voc 476) - SPPG: Kel Wedi, Kec Kapas, Kab Bojonegoro	50000000	0
cmtuxiv5x04h1vr106rnb12p0	12 Dec 25	=HYPERLINK("http://localhost:3000/vouchers/cmtuxiv5l04gnvr10uib6nov9", "25-0000550")	500010	HPP AC dan Exhaust Fan	Adjustment	CV Rizka Abadi - 13/PMB/INV/XII/2025 - (Voc 456) - SPPG: Kel Wedi, Kec Kapas, Kab Bojonegoro	105405404	0
cmtuxiv5z04h3vr10fj9vhapz	12 Dec 25	=HYPERLINK("http://localhost:3000/vouchers/cmtuxiv5l04gnvr10uib6nov9", "25-0000550")	500011	HPP Jasa Pasang AC dan Exhaust Fan	Adjustment	CV Rizka Abadi - 13/PMB/INV/XII/2025 - (Voc 544) - SPPG: Kel Wedi, Kec Kapas, Kab Bojonegoro	1200000	0
cmtuxiv6004h5vr10spj398yc	12 Dec 25	=HYPERLINK("http://localhost:3000/vouchers/cmtuxiv5l04gnvr10uib6nov9", "25-0000550")	500016	HPP Ongkos Kirim	Adjustment	CV Rizka Abadi - 13/PMB/INV/XII/2025 - (Voc 139) - SPPG: Kel Wedi, Kec Kapas, Kab Bojonegoro	359851658	0
cmtuxiv6204h7vr1014v45oxg	12 Dec 25	=HYPERLINK("http://localhost:3000/vouchers/cmtuxiv5l04gnvr10uib6nov9", "25-0000550")	500017	HPP Material	Adjustment	CV Rizka Abadi - 13/PMB/INV/XII/2025 - (Voc 423) - SPPG: Kel Wedi, Kec Kapas, Kab Bojonegoro	80000000	0
cmtuxiv6404h9vr10dh9as15s	12 Dec 25	=HYPERLINK("http://localhost:3000/vouchers/cmtuxiv5l04gnvr10uib6nov9", "25-0000550")	500013	HPP Biaya Pelabuhan	Adjustment	CV Rizka Abadi - 13/PMB/INV/XII/2025 - (Voc 572) - SPPG: Kel Wedi, Kec Kapas, Kab Bojonegoro	32750000	0
cmtuxiv6504hbvr10pr9oxy0h	12 Dec 25	=HYPERLINK("http://localhost:3000/vouchers/cmtuxiv5l04gnvr10uib6nov9", "25-0000550")	130001	Pembelian Alat Alat Dapur	Adjustment	CV Rizka Abadi - 13/PMB/INV/XII/2025 - (Voc 295 & 309) - SPPG: Kel Wedi, Kec Kapas, Kab Bojonegoro	36502292	0
cmtuxiv6704hdvr1019dz8jzy	12 Dec 25	=HYPERLINK("http://localhost:3000/vouchers/cmtuxiv5l04gnvr10uib6nov9", "25-0000550")	150008	Jasa Instalasi Alat Dapur (PT Sankeindo)	Adjustment	CV Rizka Abadi - 13/PMB/INV/XII/2025 - (Voc 294) - SPPG: Kel Wedi, Kec Kapas, Kab Bojonegoro	3492905	0
cmtuxiv6904hfvr10yjj833qs	12 Dec 25	=HYPERLINK("http://localhost:3000/vouchers/cmtuxiv5l04gnvr10uib6nov9", "25-0000550")	130005	Pembelian Barang dangangan Genzet	Adjustment	CV Rizka Abadi - 13/PMB/INV/XII/2025 - (Voc 545) - SPPG: Kel Wedi, Kec Kapas, Kab Bojonegoro	1500000	0
cmtuxiv6b04hhvr100k58nibh	12 Dec 25	=HYPERLINK("http://localhost:3000/vouchers/cmtuxiv5l04gnvr10uib6nov9", "25-0000550")	130002	Pembelian Barang dagangan Food Tray	Adjustment	CV Rizka Abadi - 13/PMB/INV/XII/2025 - (Voc 514, 149 & 278) - SPPG: Kel Wedi, Kec Kapas, Kab Bojonegoro	27970912	0
cmtuxiv6c04hjvr1066i9o5m1	12 Dec 25	=HYPERLINK("http://localhost:3000/vouchers/cmtuxiv5l04gnvr10uib6nov9", "25-0000550")	150004	Ongkos Kirim	Adjustment	CV Rizka Abadi - 13/PMB/INV/XII/2025 - (Voc 351 & 352) - SPPG: Kel Wedi, Kec Kapas, Kab Bojonegoro	11702283	0
cmtuxiv6e04hlvr1036hsmwy2	12 Dec 25	=HYPERLINK("http://localhost:3000/vouchers/cmtuxiv5l04gnvr10uib6nov9", "25-0000550")	130000	Pembelian Barang dagangan Modular	Adjustment	CV Rizka Abadi - 13/PMB/INV/XII/2025 - (Voc 586) - SPPG: Kel Wedi, Kec Kapas, Kab Bojonegoro	0	283312438
cmtuxiv6f04hnvr10gbnjh21o	12 Dec 25	=HYPERLINK("http://localhost:3000/vouchers/cmtuxiv5l04gnvr10uib6nov9", "25-0000550")	150000	Ongkos Pasang Modular	Adjustment	CV Rizka Abadi - 13/PMB/INV/XII/2025 - (Voc 586) - SPPG: Kel Wedi, Kec Kapas, Kab Bojonegoro	0	67575000
cmtuxiv6h04hpvr10x3vhrkap	12 Dec 25	=HYPERLINK("http://localhost:3000/vouchers/cmtuxiv5l04gnvr10uib6nov9", "25-0000550")	130004	Pembelian Barang dagangan Furniture	Adjustment	CV Rizka Abadi - 13/PMB/INV/XII/2025 - (Voc 476) - SPPG: Kel Wedi, Kec Kapas, Kab Bojonegoro	0	50000000
cmtuxiv6j04hrvr10g6mlhlfj	12 Dec 25	=HYPERLINK("http://localhost:3000/vouchers/cmtuxiv5l04gnvr10uib6nov9", "25-0000550")	130003	Pembelian Barang dagangan AC,Exhaust Fan	Adjustment	CV Rizka Abadi - 13/PMB/INV/XII/2025 - (Voc 456) - SPPG: Kel Wedi, Kec Kapas, Kab Bojonegoro	0	105405404
cmtuxiv6l04htvr105xyldwj9	12 Dec 25	=HYPERLINK("http://localhost:3000/vouchers/cmtuxiv5l04gnvr10uib6nov9", "25-0000550")	150001	Ongkos Pasang AC dan Exhaust Fan ,jasa Instalasi Listrik	Adjustment	CV Rizka Abadi - 13/PMB/INV/XII/2025 - (Voc 544) - SPPG: Kel Wedi, Kec Kapas, Kab Bojonegoro	0	1200000
cmtuxiv6n04hvvr10t4lp5pzw	12 Dec 25	=HYPERLINK("http://localhost:3000/vouchers/cmtuxiv5l04gnvr10uib6nov9", "25-0000550")	150004	Ongkos Kirim	Adjustment	CV Rizka Abadi - 13/PMB/INV/XII/2025 - (Voc 139) - SPPG: Kel Wedi, Kec Kapas, Kab Bojonegoro	0	359851658
cmtuxiv6p04hxvr10dc56ewhf	12 Dec 25	=HYPERLINK("http://localhost:3000/vouchers/cmtuxiv5l04gnvr10uib6nov9", "25-0000550")	140002	Pembelian Material	Adjustment	CV Rizka Abadi - 13/PMB/INV/XII/2025 - (Voc 423) - SPPG: Kel Wedi, Kec Kapas, Kab Bojonegoro	0	80000000
cmtuxiv6r04hzvr109f3y8r59	12 Dec 25	=HYPERLINK("http://localhost:3000/vouchers/cmtuxiv5l04gnvr10uib6nov9", "25-0000550")	150003	Jasa Custom Clearance/Dokumen	Adjustment	CV Rizka Abadi - 13/PMB/INV/XII/2025 - (Voc 572) - SPPG: Kel Wedi, Kec Kapas, Kab Bojonegoro	0	32750000
cmtuxiv6t04i1vr101739cgu3	12 Dec 25	=HYPERLINK("http://localhost:3000/vouchers/cmtuxiv5l04gnvr10uib6nov9", "25-0000550")	140003	Reimbursment / Debit Note Biaya Pelabuhan	Adjustment	CV Rizka Abadi - 13/PMB/INV/XII/2025 - (Voc 295 & 309) - SPPG: Kel Wedi, Kec Kapas, Kab Bojonegoro	0	36502292
cmtuxiv6u04i3vr10582za7ul	12 Dec 25	=HYPERLINK("http://localhost:3000/vouchers/cmtuxiv5l04gnvr10uib6nov9", "25-0000550")	110001	Piutang Usaha CV Sartika	Adjustment	CV Rizka Abadi - 13/PMB/INV/XII/2025 - (Voc 294) - SPPG: Kel Wedi, Kec Kapas, Kab Bojonegoro	0	3492905
cmtuxiv6w04i5vr1081s4an1s	12 Dec 25	=HYPERLINK("http://localhost:3000/vouchers/cmtuxiv5l04gnvr10uib6nov9", "25-0000550")	220000	PPN Keluaran	Adjustment	CV Rizka Abadi - 13/PMB/INV/XII/2025 - (Voc 545) - SPPG: Kel Wedi, Kec Kapas, Kab Bojonegoro	0	1500000
cmtuxiv6x04i7vr10q9gjmxlt	12 Dec 25	=HYPERLINK("http://localhost:3000/vouchers/cmtuxiv5l04gnvr10uib6nov9", "25-0000550")	400000	Penjualan	Adjustment	CV Rizka Abadi - 13/PMB/INV/XII/2025 - (Voc 514, 149 & 278) - SPPG: Kel Wedi, Kec Kapas, Kab Bojonegoro	0	27970912
cmtuxiv6z04i9vr10frwn6d99	12 Dec 25	=HYPERLINK("http://localhost:3000/vouchers/cmtuxiv5l04gnvr10uib6nov9", "25-0000550")	500001	HPP Alat Dapur	Adjustment	CV Rizka Abadi - 13/PMB/INV/XII/2025 - (Voc 351) - SPPG: Kel Wedi, Kec Kapas, Kab Bojonegoro	0	7575000
cmtuxiv7104ibvr10wd31fiz0	12 Dec 25	=HYPERLINK("http://localhost:3000/vouchers/cmtuxiv5l04gnvr10uib6nov9", "25-0000550")	500004	HPP Jasa Instalasi Alat Dapur	Adjustment	CV Rizka Abadi - 13/PMB/INV/XII/2025 - (Voc 352) - SPPG: Kel Wedi, Kec Kapas, Kab Bojonegoro	0	4127283
cmtuxiv7404ifvr10xlgrm9hp	12 Dec 25	=HYPERLINK("http://localhost:3000/vouchers/cmtuxiv7304idvr10nthaar4l", "25-0000551")	500002	HPP Genzet	Adjustment	CV Sartika - 14/PMB/INV/XII/2025 - SPPG: Kel Penidon, Kec Plumpang, Kab Tuban	2214985057	0
cmtuxiv7604ihvr10vh1uz5lv	12 Dec 25	=HYPERLINK("http://localhost:3000/vouchers/cmtuxiv7304idvr10nthaar4l", "25-0000551")	500003	HPP Food Tray	Adjustment	CV Sartika - 14/PMB/INV/XII/2025 - SPPG: Kel Penidon, Kec Plumpang, Kab Tuban	0	219503024
cmtuxiv7704ijvr10s3ebqpdc	12 Dec 25	=HYPERLINK("http://localhost:3000/vouchers/cmtuxiv7304idvr10nthaar4l", "25-0000551")	500003	HPP Food Tray	Adjustment	CV Sartika - 14/PMB/INV/XII/2025 - SPPG: Kel Penidon, Kec Plumpang, Kab Tuban	0	1995482033
cmtuxiv7904ilvr10tm837p1y	12 Dec 25	=HYPERLINK("http://localhost:3000/vouchers/cmtuxiv7304idvr10nthaar4l", "25-0000551")	500005	HPP Modular Box	Adjustment	CV Sartika - 14/PMB/INV/XII/2025 - (Voc 586) - SPPG: Kel Penidon, Kec Plumpang, Kab Tuban	283312438	0
cmtuxiv7b04invr1010v4ni1m	12 Dec 25	=HYPERLINK("http://localhost:3000/vouchers/cmtuxiv7304idvr10nthaar4l", "25-0000551")	500006	HPP Ongkos Pasang Modular	Adjustment	CV Sartika - 14/PMB/INV/XII/2025 - (Voc 586) - SPPG: Kel Penidon, Kec Plumpang, Kab Tuban	67575000	0
cmtuxiv7d04ipvr10sc2tjx5f	12 Dec 25	=HYPERLINK("http://localhost:3000/vouchers/cmtuxiv7304idvr10nthaar4l", "25-0000551")	500009	HPP Furniture	Adjustment	CV Sartika - 14/PMB/INV/XII/2025 - (Voc 476) - SPPG: Kel Penidon, Kec Plumpang, Kab Tuban	50000000	0
cmtuxiv7f04irvr10zpit9crk	12 Dec 25	=HYPERLINK("http://localhost:3000/vouchers/cmtuxiv7304idvr10nthaar4l", "25-0000551")	500010	HPP AC dan Exhaust Fan	Adjustment	CV Sartika - 14/PMB/INV/XII/2025 - (Voc 456) - SPPG: Kel Penidon, Kec Plumpang, Kab Tuban	105405404	0
cmtuxiv7g04itvr10hth325v8	12 Dec 25	=HYPERLINK("http://localhost:3000/vouchers/cmtuxiv7304idvr10nthaar4l", "25-0000551")	500011	HPP Jasa Pasang AC dan Exhaust Fan	Adjustment	CV Sartika - 14/PMB/INV/XII/2025 - (Voc 544) - SPPG: Kel Penidon, Kec Plumpang, Kab Tuban	1200000	0
cmtuxiv7i04ivvr10y81l50u2	12 Dec 25	=HYPERLINK("http://localhost:3000/vouchers/cmtuxiv7304idvr10nthaar4l", "25-0000551")	500012	HPP Alat Listrik	Adjustment	CV Sartika - 14/PMB/INV/XII/2025 - (Voc 237) - SPPG: Kel Penidon, Kec Plumpang, Kab Tuban	361563845	0
cmtuxiv7j04ixvr10y2yf4x77	12 Dec 25	=HYPERLINK("http://localhost:3000/vouchers/cmtuxiv7304idvr10nthaar4l", "25-0000551")	500016	HPP Ongkos Kirim	Adjustment	CV Sartika - 14/PMB/INV/XII/2025 - (Voc 391) - SPPG: Kel Penidon, Kec Plumpang, Kab Tuban	80000000	0
cmtuxiv7l04izvr10mef73lok	12 Dec 25	=HYPERLINK("http://localhost:3000/vouchers/cmtuxiv7304idvr10nthaar4l", "25-0000551")	500017	HPP Material	Adjustment	CV Sartika - 14/PMB/INV/XII/2025 - (Voc 572) - SPPG: Kel Penidon, Kec Plumpang, Kab Tuban	32750000	0
cmtuxiv7n04j1vr10210fufy1	12 Dec 25	=HYPERLINK("http://localhost:3000/vouchers/cmtuxiv7304idvr10nthaar4l", "25-0000551")	500018	HPP Biaya Langsir, Jaga Malam, ongkos bongkar	Adjustment	CV Sartika - 14/PMB/INV/XII/2025 - (Voc 399) - SPPG: Kel Penidon, Kec Plumpang, Kab Tuban	32937477	0
cmtuxiv7p04j3vr10zr4zoqrz	12 Dec 25	=HYPERLINK("http://localhost:3000/vouchers/cmtuxiv7304idvr10nthaar4l", "25-0000551")	500013	HPP Biaya Pelabuhan	Adjustment	CV Sartika - 14/PMB/INV/XII/2025 - (Voc 400) - SPPG: Kel Penidon, Kec Plumpang, Kab Tuban	3935585	0
cmtuxiv7q04j5vr10fucednxy	12 Dec 25	=HYPERLINK("http://localhost:3000/vouchers/cmtuxiv7304idvr10nthaar4l", "25-0000551")	130001	Pembelian Alat Alat Dapur	Adjustment	CV Sartika - 14/PMB/INV/XII/2025 - (Voc 535 & 541) - SPPG: Kel Penidon, Kec Plumpang, Kab Tuban	17200838	0
cmtuxiv7s04j7vr10wo8ckaes	12 Dec 25	=HYPERLINK("http://localhost:3000/vouchers/cmtuxiv7304idvr10nthaar4l", "25-0000551")	150008	Jasa Instalasi Alat Dapur (PT Sankeindo)	Adjustment	CV Sartika - 14/PMB/INV/XII/2025 - (Voc 543) - SPPG: Kel Penidon, Kec Plumpang, Kab Tuban	263333	0
cmtuxiv7t04j9vr10le44vmsr	12 Dec 25	=HYPERLINK("http://localhost:3000/vouchers/cmtuxiv7304idvr10nthaar4l", "25-0000551")	130005	Pembelian Barang dangangan Genzet	Adjustment	CV Sartika - 14/PMB/INV/XII/2025 - (Voc 514 & 186) - SPPG: Kel Penidon, Kec Plumpang, Kab Tuban	5505266	0
cmtuxiv7v04jbvr10bv96pxfy	12 Dec 25	=HYPERLINK("http://localhost:3000/vouchers/cmtuxiv7304idvr10nthaar4l", "25-0000551")	130002	Pembelian Barang dagangan Food Tray	Adjustment	CV Sartika - 14/PMB/INV/XII/2025 - (Voc 84, 128, 158 & 243) - SPPG: Kel Penidon, Kec Plumpang, Kab Tuban	4050000	0
cmtuxiv7x04jdvr10e0dvdhrr	12 Dec 25	=HYPERLINK("http://localhost:3000/vouchers/cmtuxiv7304idvr10nthaar4l", "25-0000551")	150004	Ongkos Kirim	Adjustment	CV Sartika - 14/PMB/INV/XII/2025 - (Voc 139) - SPPG: Kel Penidon, Kec Plumpang, Kab Tuban	13699370	0
cmtuxiv7z04jfvr10v5m6298b	12 Dec 25	=HYPERLINK("http://localhost:3000/vouchers/cmtuxiv7304idvr10nthaar4l", "25-0000551")	130000	Pembelian Barang dagangan Modular	Adjustment	CV Sartika - 14/PMB/INV/XII/2025 - (Voc 586) - SPPG: Kel Penidon, Kec Plumpang, Kab Tuban	0	283312438
cmtuxiv8004jhvr10zuqi4co4	12 Dec 25	=HYPERLINK("http://localhost:3000/vouchers/cmtuxiv7304idvr10nthaar4l", "25-0000551")	150000	Ongkos Pasang Modular	Adjustment	CV Sartika - 14/PMB/INV/XII/2025 - (Voc 586) - SPPG: Kel Penidon, Kec Plumpang, Kab Tuban	0	67575000
cmtuxiv8204jjvr1002wuaodz	12 Dec 25	=HYPERLINK("http://localhost:3000/vouchers/cmtuxiv7304idvr10nthaar4l", "25-0000551")	130004	Pembelian Barang dagangan Furniture	Adjustment	CV Sartika - 14/PMB/INV/XII/2025 - (Voc 476) - SPPG: Kel Penidon, Kec Plumpang, Kab Tuban	0	50000000
cmtuxiv8304jlvr10l9wofh4k	12 Dec 25	=HYPERLINK("http://localhost:3000/vouchers/cmtuxiv7304idvr10nthaar4l", "25-0000551")	130003	Pembelian Barang dagangan AC,Exhaust Fan	Adjustment	CV Sartika - 14/PMB/INV/XII/2025 - (Voc 456) - SPPG: Kel Penidon, Kec Plumpang, Kab Tuban	0	105405404
cmtuxiv8504jnvr10s4ylkm1z	12 Dec 25	=HYPERLINK("http://localhost:3000/vouchers/cmtuxiv7304idvr10nthaar4l", "25-0000551")	150001	Ongkos Pasang AC dan Exhaust Fan ,jasa Instalasi Listrik	Adjustment	CV Sartika - 14/PMB/INV/XII/2025 - (Voc 544) - SPPG: Kel Penidon, Kec Plumpang, Kab Tuban	0	1200000
cmtuxiv8704jpvr10xrn4rlxe	12 Dec 25	=HYPERLINK("http://localhost:3000/vouchers/cmtuxiv7304idvr10nthaar4l", "25-0000551")	140001	Pembelian Listrik	Adjustment	CV Sartika - 14/PMB/INV/XII/2025 - (Voc 237) - SPPG: Kel Penidon, Kec Plumpang, Kab Tuban	0	361563845
cmtuxiv8904jrvr10plhe0ppu	12 Dec 25	=HYPERLINK("http://localhost:3000/vouchers/cmtuxiv7304idvr10nthaar4l", "25-0000551")	150004	Ongkos Kirim	Adjustment	CV Sartika - 14/PMB/INV/XII/2025 - (Voc 391) - SPPG: Kel Penidon, Kec Plumpang, Kab Tuban	0	80000000
cmtuxiv8a04jtvr1014b46rtz	12 Dec 25	=HYPERLINK("http://localhost:3000/vouchers/cmtuxiv7304idvr10nthaar4l", "25-0000551")	140002	Pembelian Material	Adjustment	CV Sartika - 14/PMB/INV/XII/2025 - (Voc 572) - SPPG: Kel Penidon, Kec Plumpang, Kab Tuban	0	32750000
cmtuxiv8c04jvvr10rhb3fd4c	12 Dec 25	=HYPERLINK("http://localhost:3000/vouchers/cmtuxiv7304idvr10nthaar4l", "25-0000551")	150005	Biaya Langsir, Jaga Malam, ongkos bongkar	Adjustment	CV Sartika - 14/PMB/INV/XII/2025 - (Voc 399) - SPPG: Kel Penidon, Kec Plumpang, Kab Tuban	0	32937477
cmtuxiv8e04jxvr10so04g2h6	12 Dec 25	=HYPERLINK("http://localhost:3000/vouchers/cmtuxiv7304idvr10nthaar4l", "25-0000551")	140003	Reimbursment / Debit Note Biaya Pelabuhan	Adjustment	CV Sartika - 14/PMB/INV/XII/2025 - (Voc 400) - SPPG: Kel Penidon, Kec Plumpang, Kab Tuban	0	3935585
cmtuxiv8g04jzvr10og8husf9	12 Dec 25	=HYPERLINK("http://localhost:3000/vouchers/cmtuxiv7304idvr10nthaar4l", "25-0000551")	110001	Piutang Usaha CV Sartika	Adjustment	CV Sartika - 14/PMB/INV/XII/2025 - (Voc 535 & 541) - SPPG: Kel Penidon, Kec Plumpang, Kab Tuban	0	17200838
cmtuxiv8h04k1vr10rpc4x5xx	12 Dec 25	=HYPERLINK("http://localhost:3000/vouchers/cmtuxiv7304idvr10nthaar4l", "25-0000551")	220000	PPN Keluaran	Adjustment	CV Sartika - 14/PMB/INV/XII/2025 - (Voc 543) - SPPG: Kel Penidon, Kec Plumpang, Kab Tuban	0	263333
cmtuxiv8j04k3vr10bgg9hdwb	12 Dec 25	=HYPERLINK("http://localhost:3000/vouchers/cmtuxiv7304idvr10nthaar4l", "25-0000551")	400000	Penjualan	Adjustment	CV Sartika - 14/PMB/INV/XII/2025 - (Voc 514 & 186) - SPPG: Kel Penidon, Kec Plumpang, Kab Tuban	0	5505266
cmtuxiv8l04k5vr10bo4flr73	12 Dec 25	=HYPERLINK("http://localhost:3000/vouchers/cmtuxiv7304idvr10nthaar4l", "25-0000551")	150005	Biaya Langsir, Jaga Malam, ongkos bongkar	Adjustment	CV Sartika - 14/PMB/INV/XII/2025 - (Voc 84, 128, 158 & 243) - SPPG: Kel Penidon, Kec Plumpang, Kab Tuban	0	4050000
cmtuxiv8m04k7vr10uublezl7	12 Dec 25	=HYPERLINK("http://localhost:3000/vouchers/cmtuxiv7304idvr10nthaar4l", "25-0000551")	140003	Reimbursment / Debit Note Biaya Pelabuhan	Adjustment	CV Sartika - 14/PMB/INV/XII/2025 - (Voc 139) - SPPG: Kel Penidon, Kec Plumpang, Kab Tuban	0	13699370
cmtuxiv8q04kbvr10zwbf78lq	12 Dec 25	=HYPERLINK("http://localhost:3000/vouchers/cmtuxiv8o04k9vr100f155jxl", "25-0000552")	110001	Piutang Usaha CV Sartika	Adjustment	CV Sartika - 15/PMB/INV/XII/2025 - SPPG: Kel Sambonggede, Kec Merakurak, Kab Tuban	2214985057	0
cmtuxiv8s04kdvr1027zn4oro	12 Dec 25	=HYPERLINK("http://localhost:3000/vouchers/cmtuxiv8o04k9vr100f155jxl", "25-0000552")	220000	PPN Keluaran	Adjustment	CV Sartika - 15/PMB/INV/XII/2025 - SPPG: Kel Sambonggede, Kec Merakurak, Kab Tuban	0	219503024
cmtuxiv8u04kfvr10cbz0w0kh	12 Dec 25	=HYPERLINK("http://localhost:3000/vouchers/cmtuxiv8o04k9vr100f155jxl", "25-0000552")	400000	Penjualan	Adjustment	CV Sartika - 15/PMB/INV/XII/2025 - SPPG: Kel Sambonggede, Kec Merakurak, Kab Tuban	0	1995482033
cmtuxiv8v04khvr10n1ycy3pc	12 Dec 25	=HYPERLINK("http://localhost:3000/vouchers/cmtuxiv8o04k9vr100f155jxl", "25-0000552")	500001	HPP Alat Dapur	Adjustment	CV Sartika - 15/PMB/INV/XII/2025 - (Voc 586) - SPPG: Kel Sambonggede, Kec Merakurak, Kab Tuban	283312438	0
cmtuxiv8x04kjvr10jzd4u9ya	12 Dec 25	=HYPERLINK("http://localhost:3000/vouchers/cmtuxiv8o04k9vr100f155jxl", "25-0000552")	500004	HPP Jasa Instalasi Alat Dapur	Adjustment	CV Sartika - 15/PMB/INV/XII/2025 - (Voc 586) - SPPG: Kel Sambonggede, Kec Merakurak, Kab Tuban	67575000	0
cmtuxiv8z04klvr10wdauznuj	12 Dec 25	=HYPERLINK("http://localhost:3000/vouchers/cmtuxiv8o04k9vr100f155jxl", "25-0000552")	500002	HPP Genzet	Adjustment	CV Sartika - 15/PMB/INV/XII/2025 - (Voc 476) - SPPG: Kel Sambonggede, Kec Merakurak, Kab Tuban	50000000	0
cmtuxiv9104knvr10g02kuwdf	12 Dec 25	=HYPERLINK("http://localhost:3000/vouchers/cmtuxiv8o04k9vr100f155jxl", "25-0000552")	500003	HPP Food Tray	Adjustment	CV Sartika - 15/PMB/INV/XII/2025 - (Voc 456) - SPPG: Kel Sambonggede, Kec Merakurak, Kab Tuban	105405404	0
cmtuxiv9204kpvr102k9fzr7u	12 Dec 25	=HYPERLINK("http://localhost:3000/vouchers/cmtuxiv8o04k9vr100f155jxl", "25-0000552")	500003	HPP Food Tray	Adjustment	CV Sartika - 15/PMB/INV/XII/2025 - (Voc 544) - SPPG: Kel Sambonggede, Kec Merakurak, Kab Tuban	1200000	0
cmtuxiv9404krvr10r8i2k28m	12 Dec 25	=HYPERLINK("http://localhost:3000/vouchers/cmtuxiv8o04k9vr100f155jxl", "25-0000552")	500005	HPP Modular Box	Adjustment	CV Sartika - 15/PMB/INV/XII/2025 - (Voc 237) - SPPG: Kel Sambonggede, Kec Merakurak, Kab Tuban	361563845	0
cmtuxiv9504ktvr10c26uayjn	12 Dec 25	=HYPERLINK("http://localhost:3000/vouchers/cmtuxiv8o04k9vr100f155jxl", "25-0000552")	500006	HPP Ongkos Pasang Modular	Adjustment	CV Sartika - 15/PMB/INV/XII/2025 - (Voc 392) - SPPG: Kel Sambonggede, Kec Merakurak, Kab Tuban	80000000	0
cmtuxiv9704kvvr10kvd8w228	12 Dec 25	=HYPERLINK("http://localhost:3000/vouchers/cmtuxiv8o04k9vr100f155jxl", "25-0000552")	500007	HPP Tambahan Pekerjaan Modular	Adjustment	CV Sartika - 15/PMB/INV/XII/2025 - (Voc 509) - SPPG: Kel Sambonggede, Kec Merakurak, Kab Tuban	15000000	0
cmtuxiv9904kxvr1007jrb07b	12 Dec 25	=HYPERLINK("http://localhost:3000/vouchers/cmtuxiv8o04k9vr100f155jxl", "25-0000552")	500009	HPP Furniture	Adjustment	CV Sartika - 15/PMB/INV/XII/2025 - (Voc 572) - SPPG: Kel Sambonggede, Kec Merakurak, Kab Tuban	32750000	0
cmtuxiv9b04kzvr1093x2fiqm	12 Dec 25	=HYPERLINK("http://localhost:3000/vouchers/cmtuxiv8o04k9vr100f155jxl", "25-0000552")	500010	HPP AC dan Exhaust Fan	Adjustment	CV Sartika - 15/PMB/INV/XII/2025 - (Voc 399) - SPPG: Kel Sambonggede, Kec Merakurak, Kab Tuban	32937477	0
cmtuxiv9c04l1vr10mbqq3gbc	12 Dec 25	=HYPERLINK("http://localhost:3000/vouchers/cmtuxiv8o04k9vr100f155jxl", "25-0000552")	500011	HPP Jasa Pasang AC dan Exhaust Fan	Adjustment	CV Sartika - 15/PMB/INV/XII/2025 - (Voc 400) - SPPG: Kel Sambonggede, Kec Merakurak, Kab Tuban	3935585	0
cmtuxiv9e04l3vr101q273j32	12 Dec 25	=HYPERLINK("http://localhost:3000/vouchers/cmtuxiv8o04k9vr100f155jxl", "25-0000552")	500017	HPP Material	Adjustment	CV Sartika - 15/PMB/INV/XII/2025 - (Voc 286, 272, 222, 227, 271 & 293) - SPPG: Kel Sambonggede, Kec Merakurak, Kab Tuban	33492066	0
cmtuxiv9f04l5vr10nszdqqlu	12 Dec 25	=HYPERLINK("http://localhost:3000/vouchers/cmtuxiv8o04k9vr100f155jxl", "25-0000552")	500013	HPP Biaya Pelabuhan	Adjustment	CV Sartika - 15/PMB/INV/XII/2025 - (Voc 139) - SPPG: Kel Sambonggede, Kec Merakurak, Kab Tuban	13699370	0
cmtuxiv9h04l7vr10rhgri46m	12 Dec 25	=HYPERLINK("http://localhost:3000/vouchers/cmtuxiv8o04k9vr100f155jxl", "25-0000552")	130001	Pembelian Alat Alat Dapur	Adjustment	CV Sartika - 15/PMB/INV/XII/2025 - (Voc 586) - SPPG: Kel Sambonggede, Kec Merakurak, Kab Tuban	0	283312438
cmtuxiv9j04l9vr10rdlaobqc	12 Dec 25	=HYPERLINK("http://localhost:3000/vouchers/cmtuxiv8o04k9vr100f155jxl", "25-0000552")	150008	Jasa Instalasi Alat Dapur (PT Sankeindo)	Adjustment	CV Sartika - 15/PMB/INV/XII/2025 - (Voc 586) - SPPG: Kel Sambonggede, Kec Merakurak, Kab Tuban	0	67575000
cmtuxiv9l04lbvr10zcxx5c8g	12 Dec 25	=HYPERLINK("http://localhost:3000/vouchers/cmtuxiv8o04k9vr100f155jxl", "25-0000552")	130005	Pembelian Barang dangangan Genzet	Adjustment	CV Sartika - 15/PMB/INV/XII/2025 - (Voc 476) - SPPG: Kel Sambonggede, Kec Merakurak, Kab Tuban	0	50000000
cmtuxiv9m04ldvr1065d7ae7g	12 Dec 25	=HYPERLINK("http://localhost:3000/vouchers/cmtuxiv8o04k9vr100f155jxl", "25-0000552")	130002	Pembelian Barang dagangan Food Tray	Adjustment	CV Sartika - 15/PMB/INV/XII/2025 - (Voc 456) - SPPG: Kel Sambonggede, Kec Merakurak, Kab Tuban	0	105405404
cmtuxiv9o04lfvr101xhuf9z2	12 Dec 25	=HYPERLINK("http://localhost:3000/vouchers/cmtuxiv8o04k9vr100f155jxl", "25-0000552")	150004	Ongkos Kirim	Adjustment	CV Sartika - 15/PMB/INV/XII/2025 - (Voc 544) - SPPG: Kel Sambonggede, Kec Merakurak, Kab Tuban	0	1200000
cmtuxiv9q04lhvr10al3j1upa	12 Dec 25	=HYPERLINK("http://localhost:3000/vouchers/cmtuxiv8o04k9vr100f155jxl", "25-0000552")	130000	Pembelian Barang dagangan Modular	Adjustment	CV Sartika - 15/PMB/INV/XII/2025 - (Voc 237) - SPPG: Kel Sambonggede, Kec Merakurak, Kab Tuban	0	361563845
cmtuxiv9s04ljvr10p98k6iga	12 Dec 25	=HYPERLINK("http://localhost:3000/vouchers/cmtuxiv8o04k9vr100f155jxl", "25-0000552")	150000	Ongkos Pasang Modular	Adjustment	CV Sartika - 15/PMB/INV/XII/2025 - (Voc 392) - SPPG: Kel Sambonggede, Kec Merakurak, Kab Tuban	0	80000000
cmtuxiv9u04llvr10bp71pifl	12 Dec 25	=HYPERLINK("http://localhost:3000/vouchers/cmtuxiv8o04k9vr100f155jxl", "25-0000552")	150000	Ongkos Pasang Modular	Adjustment	CV Sartika - 15/PMB/INV/XII/2025 - (Voc 509) - SPPG: Kel Sambonggede, Kec Merakurak, Kab Tuban	0	15000000
cmtuxiv9v04lnvr107lupyiuq	12 Dec 25	=HYPERLINK("http://localhost:3000/vouchers/cmtuxiv8o04k9vr100f155jxl", "25-0000552")	130004	Pembelian Barang dagangan Furniture	Adjustment	CV Sartika - 15/PMB/INV/XII/2025 - (Voc 572) - SPPG: Kel Sambonggede, Kec Merakurak, Kab Tuban	0	32750000
cmtuxiv9x04lpvr109byh8jck	12 Dec 25	=HYPERLINK("http://localhost:3000/vouchers/cmtuxiv8o04k9vr100f155jxl", "25-0000552")	130003	Pembelian Barang dagangan AC,Exhaust Fan	Adjustment	CV Sartika - 15/PMB/INV/XII/2025 - (Voc 399) - SPPG: Kel Sambonggede, Kec Merakurak, Kab Tuban	0	32937477
cmtuxiv9z04lrvr10jwa2y5l5	12 Dec 25	=HYPERLINK("http://localhost:3000/vouchers/cmtuxiv8o04k9vr100f155jxl", "25-0000552")	150001	Ongkos Pasang AC dan Exhaust Fan ,jasa Instalasi Listrik	Adjustment	CV Sartika - 15/PMB/INV/XII/2025 - (Voc 400) - SPPG: Kel Sambonggede, Kec Merakurak, Kab Tuban	0	3935585
cmtuxiva004ltvr1074qcds1s	12 Dec 25	=HYPERLINK("http://localhost:3000/vouchers/cmtuxiv8o04k9vr100f155jxl", "25-0000552")	140002	Pembelian Material	Adjustment	CV Sartika - 15/PMB/INV/XII/2025 - (Voc 286, 272, 222, 227, 271 & 293) - SPPG: Kel Sambonggede, Kec Merakurak, Kab Tuban	0	33492066
cmtuxiva204lvvr10pu6p4l84	12 Dec 25	=HYPERLINK("http://localhost:3000/vouchers/cmtuxiv8o04k9vr100f155jxl", "25-0000552")	140003	Reimbursment / Debit Note Biaya Pelabuhan	Adjustment	CV Sartika - 15/PMB/INV/XII/2025 - (Voc 139) - SPPG: Kel Sambonggede, Kec Merakurak, Kab Tuban	0	13699370
cmtuxiva604lzvr10fw3dt2x2	12 Dec 25	=HYPERLINK("http://localhost:3000/vouchers/cmtuxiva404lxvr10of2k0cxf", "25-0000553")	110000	Piutang Usaha CV Karya Makmur	Adjustment	CV Karya Makmur - 16/PMB/INV/XII/2025 - SPPG: Kel Cobanblimbing, Kec Wonorejo, Kab Pasuruan	2214985057	0
cmtuxiva804m1vr10lkultn4a	12 Dec 25	=HYPERLINK("http://localhost:3000/vouchers/cmtuxiva404lxvr10of2k0cxf", "25-0000553")	220000	PPN Keluaran	Adjustment	CV Karya Makmur - 16/PMB/INV/XII/2025 - SPPG: Kel Cobanblimbing, Kec Wonorejo, Kab Pasuruan	0	219503024
cmtuxiva904m3vr10ue8sas7v	12 Dec 25	=HYPERLINK("http://localhost:3000/vouchers/cmtuxiva404lxvr10of2k0cxf", "25-0000553")	400000	Penjualan	Adjustment	CV Karya Makmur - 16/PMB/INV/XII/2025 - SPPG: Kel Cobanblimbing, Kec Wonorejo, Kab Pasuruan	0	1995482033
cmtuxivab04m5vr10i7mp71rg	12 Dec 25	=HYPERLINK("http://localhost:3000/vouchers/cmtuxiva404lxvr10of2k0cxf", "25-0000553")	500001	HPP Alat Dapur	Adjustment	CV Karya Makmur - 16/PMB/INV/XII/2025 - (Voc 586) - SPPG: Kel Cobanblimbing, Kec Wonorejo, Kab Pasuruan	283312438	0
cmtuxivad04m7vr10f4fpfg5s	12 Dec 25	=HYPERLINK("http://localhost:3000/vouchers/cmtuxiva404lxvr10of2k0cxf", "25-0000553")	500004	HPP Jasa Instalasi Alat Dapur	Adjustment	CV Karya Makmur - 16/PMB/INV/XII/2025 - (Voc 586) - SPPG: Kel Cobanblimbing, Kec Wonorejo, Kab Pasuruan	67575000	0
cmtuxivaf04m9vr10yzbwqqlk	12 Dec 25	=HYPERLINK("http://localhost:3000/vouchers/cmtuxiva404lxvr10of2k0cxf", "25-0000553")	500002	HPP Genzet	Adjustment	CV Karya Makmur - 16/PMB/INV/XII/2025 - (Voc 476) - SPPG: Kel Cobanblimbing, Kec Wonorejo, Kab Pasuruan	50000000	0
cmtuxivag04mbvr106sk5pii7	12 Dec 25	=HYPERLINK("http://localhost:3000/vouchers/cmtuxiva404lxvr10of2k0cxf", "25-0000553")	500003	HPP Food Tray	Adjustment	CV Karya Makmur - 16/PMB/INV/XII/2025 - (Voc 456) - SPPG: Kel Cobanblimbing, Kec Wonorejo, Kab Pasuruan	105405404	0
cmtuxivai04mdvr107nqei2kv	12 Dec 25	=HYPERLINK("http://localhost:3000/vouchers/cmtuxiva404lxvr10of2k0cxf", "25-0000553")	500003	HPP Food Tray	Adjustment	CV Karya Makmur - 16/PMB/INV/XII/2025 - (Voc 544) - SPPG: Kel Cobanblimbing, Kec Wonorejo, Kab Pasuruan	1200000	0
cmtuxivaj04mfvr101ix9kllu	12 Dec 25	=HYPERLINK("http://localhost:3000/vouchers/cmtuxiva404lxvr10of2k0cxf", "25-0000553")	500005	HPP Modular Box	Adjustment	CV Karya Makmur - 16/PMB/INV/XII/2025 - (Voc 237) - SPPG: Kel Cobanblimbing, Kec Wonorejo, Kab Pasuruan	356438170	0
cmtuxival04mhvr10ak4i9822	12 Dec 25	=HYPERLINK("http://localhost:3000/vouchers/cmtuxiva404lxvr10of2k0cxf", "25-0000553")	500006	HPP Ongkos Pasang Modular	Adjustment	CV Karya Makmur - 16/PMB/INV/XII/2025 -(Voc 393) - SPPG: Kel Cobanblimbing, Kec Wonorejo, Kab Pasuruan	80000000	0
cmtuxivan04mjvr10rb6q4vxm	12 Dec 25	=HYPERLINK("http://localhost:3000/vouchers/cmtuxiva404lxvr10of2k0cxf", "25-0000553")	500009	HPP Furniture	Adjustment	CV Karya Makmur - 16/PMB/INV/XII/2025 - (Voc 572) - SPPG: Kel Cobanblimbing, Kec Wonorejo, Kab Pasuruan	32750000	0
cmtuxivap04mlvr10l8sb6wfg	12 Dec 25	=HYPERLINK("http://localhost:3000/vouchers/cmtuxiva404lxvr10of2k0cxf", "25-0000553")	500010	HPP AC dan Exhaust Fan	Adjustment	CV Karya Makmur - 16/PMB/INV/XII/2025 - (Voc 399) - SPPG: Kel Cobanblimbing, Kec Wonorejo, Kab Pasuruan	32937477	0
cmtuxivar04mnvr10ftlbhjbv	12 Dec 25	=HYPERLINK("http://localhost:3000/vouchers/cmtuxiva404lxvr10of2k0cxf", "25-0000553")	500011	HPP Jasa Pasang AC dan Exhaust Fan	Adjustment	CV Karya Makmur - 16/PMB/INV/XII/2025 - (Voc 400) - SPPG: Kel Cobanblimbing, Kec Wonorejo, Kab Pasuruan	3935585	0
cmtuxivas04mpvr10u28yug3p	12 Dec 25	=HYPERLINK("http://localhost:3000/vouchers/cmtuxiva404lxvr10of2k0cxf", "25-0000553")	500012	HPP Alat Listrik	Adjustment	CV Karya Makmur - 16/PMB/INV/XII/2025 - (Voc 338 & 341) - SPPG: Kel Cobanblimbing, Kec Wonorejo, Kab Pasuruan	17475216	0
cmtuxivau04mrvr105zykcufh	12 Dec 25	=HYPERLINK("http://localhost:3000/vouchers/cmtuxiva404lxvr10of2k0cxf", "25-0000553")	500017	HPP Material	Adjustment	CV Karya Makmur - 16/PMB/INV/XII/2025 - (Voc 514) - SPPG: Kel Cobanblimbing, Kec Wonorejo, Kab Pasuruan	1753500	0
cmtuxivav04mtvr10aczuj42z	12 Dec 25	=HYPERLINK("http://localhost:3000/vouchers/cmtuxiva404lxvr10of2k0cxf", "25-0000553")	500013	HPP Biaya Pelabuhan	Adjustment	CV Karya Makmur - 16/PMB/INV/XII/2025 - (Voc 237) - SPPG: Kel Cobanblimbing, Kec Wonorejo, Kab Pasuruan	11113478	0
cmtuxivay04mvvr103ac4fil3	12 Dec 25	=HYPERLINK("http://localhost:3000/vouchers/cmtuxiva404lxvr10of2k0cxf", "25-0000553")	130001	Pembelian Alat Alat Dapur	Adjustment	CV Karya Makmur - 16/PMB/INV/XII/2025 - (Voc 586) - SPPG: Kel Cobanblimbing, Kec Wonorejo, Kab Pasuruan	0	283312438
cmtuxivaz04mxvr10lepdgrb3	12 Dec 25	=HYPERLINK("http://localhost:3000/vouchers/cmtuxiva404lxvr10of2k0cxf", "25-0000553")	150008	Jasa Instalasi Alat Dapur (PT Sankeindo)	Adjustment	CV Karya Makmur - 16/PMB/INV/XII/2025 - (Voc 586) - SPPG: Kel Cobanblimbing, Kec Wonorejo, Kab Pasuruan	0	67575000
cmtuxivb104mzvr10ucnep6jy	12 Dec 25	=HYPERLINK("http://localhost:3000/vouchers/cmtuxiva404lxvr10of2k0cxf", "25-0000553")	130005	Pembelian Barang dangangan Genzet	Adjustment	CV Karya Makmur - 16/PMB/INV/XII/2025 - (Voc 476) - SPPG: Kel Cobanblimbing, Kec Wonorejo, Kab Pasuruan	0	50000000
cmtuxivb304n1vr10b1mqfkaj	12 Dec 25	=HYPERLINK("http://localhost:3000/vouchers/cmtuxiva404lxvr10of2k0cxf", "25-0000553")	130002	Pembelian Barang dagangan Food Tray	Adjustment	CV Karya Makmur - 16/PMB/INV/XII/2025 - (Voc 456) - SPPG: Kel Cobanblimbing, Kec Wonorejo, Kab Pasuruan	0	105405404
cmtuxivb404n3vr1069gyyuai	12 Dec 25	=HYPERLINK("http://localhost:3000/vouchers/cmtuxiva404lxvr10of2k0cxf", "25-0000553")	150004	Ongkos Kirim	Adjustment	CV Karya Makmur - 16/PMB/INV/XII/2025 - (Voc 544) - SPPG: Kel Cobanblimbing, Kec Wonorejo, Kab Pasuruan	0	1200000
cmtuxivb604n5vr10rmv1tbrm	12 Dec 25	=HYPERLINK("http://localhost:3000/vouchers/cmtuxiva404lxvr10of2k0cxf", "25-0000553")	130000	Pembelian Barang dagangan Modular	Adjustment	CV Karya Makmur - 16/PMB/INV/XII/2025 - (Voc 237) - SPPG: Kel Cobanblimbing, Kec Wonorejo, Kab Pasuruan	0	356438170
cmtuxivb804n7vr10vt9abuts	12 Dec 25	=HYPERLINK("http://localhost:3000/vouchers/cmtuxiva404lxvr10of2k0cxf", "25-0000553")	150000	Ongkos Pasang Modular	Adjustment	CV Karya Makmur - 16/PMB/INV/XII/2025 -(Voc 393) - SPPG: Kel Cobanblimbing, Kec Wonorejo, Kab Pasuruan	0	80000000
cmtuxivba04n9vr103xpjueae	12 Dec 25	=HYPERLINK("http://localhost:3000/vouchers/cmtuxiva404lxvr10of2k0cxf", "25-0000553")	130004	Pembelian Barang dagangan Furniture	Adjustment	CV Karya Makmur - 16/PMB/INV/XII/2025 - (Voc 572) - SPPG: Kel Cobanblimbing, Kec Wonorejo, Kab Pasuruan	0	32750000
cmtuxivbb04nbvr10nofq7a55	12 Dec 25	=HYPERLINK("http://localhost:3000/vouchers/cmtuxiva404lxvr10of2k0cxf", "25-0000553")	130003	Pembelian Barang dagangan AC,Exhaust Fan	Adjustment	CV Karya Makmur - 16/PMB/INV/XII/2025 - (Voc 399) - SPPG: Kel Cobanblimbing, Kec Wonorejo, Kab Pasuruan	0	32937477
cmtuxivbd04ndvr10i6jdw365	12 Dec 25	=HYPERLINK("http://localhost:3000/vouchers/cmtuxiva404lxvr10of2k0cxf", "25-0000553")	150001	Ongkos Pasang AC dan Exhaust Fan ,jasa Instalasi Listrik	Adjustment	CV Karya Makmur - 16/PMB/INV/XII/2025 - (Voc 400) - SPPG: Kel Cobanblimbing, Kec Wonorejo, Kab Pasuruan	0	3935585
cmtuxivbe04nfvr10yvf9ll12	12 Dec 25	=HYPERLINK("http://localhost:3000/vouchers/cmtuxiva404lxvr10of2k0cxf", "25-0000553")	140001	Pembelian Listrik	Adjustment	CV Karya Makmur - 16/PMB/INV/XII/2025 - (Voc 338 & 341) - SPPG: Kel Cobanblimbing, Kec Wonorejo, Kab Pasuruan	0	17475216
cmtuxivbg04nhvr10ihqirtve	12 Dec 25	=HYPERLINK("http://localhost:3000/vouchers/cmtuxiva404lxvr10of2k0cxf", "25-0000553")	140002	Pembelian Material	Adjustment	CV Karya Makmur - 16/PMB/INV/XII/2025 - (Voc 514) - SPPG: Kel Cobanblimbing, Kec Wonorejo, Kab Pasuruan	0	1753500
cmtuxivbi04njvr10ma5r5k7i	12 Dec 25	=HYPERLINK("http://localhost:3000/vouchers/cmtuxiva404lxvr10of2k0cxf", "25-0000553")	140003	Reimbursment / Debit Note Biaya Pelabuhan	Adjustment	CV Karya Makmur - 16/PMB/INV/XII/2025 - (Voc 237) - SPPG: Kel Cobanblimbing, Kec Wonorejo, Kab Pasuruan	0	11113478
cmtuxivbl04nnvr10khb24uwb	12 Dec 25	=HYPERLINK("http://localhost:3000/vouchers/cmtuxivbj04nlvr108lnewibi", "25-0000554")	110000	Piutang Usaha CV Karya Makmur	Adjustment	CV Karya Makmur - 17/PMB/INV/XII/2025 - SPPG: Kel Sumberdawesari, Kec Grati, Kab Pasuruan	2214985057	0
cmtuxivbn04npvr10l85kecr8	12 Dec 25	=HYPERLINK("http://localhost:3000/vouchers/cmtuxivbj04nlvr108lnewibi", "25-0000554")	220000	PPN Keluaran	Adjustment	CV Karya Makmur - 17/PMB/INV/XII/2025 - SPPG: Kel Sumberdawesari, Kec Grati, Kab Pasuruan	0	219503024
cmtuxivbo04nrvr10igg32qaz	12 Dec 25	=HYPERLINK("http://localhost:3000/vouchers/cmtuxivbj04nlvr108lnewibi", "25-0000554")	400000	Penjualan	Adjustment	CV Karya Makmur - 17/PMB/INV/XII/2025 - SPPG: Kel Sumberdawesari, Kec Grati, Kab Pasuruan	0	1995482033
cmtuxivbq04ntvr10kj0l57ic	12 Dec 25	=HYPERLINK("http://localhost:3000/vouchers/cmtuxivbj04nlvr108lnewibi", "25-0000554")	500001	HPP Alat Dapur	Adjustment	CV Karya Makmur - 17/PMB/INV/XII/2025 - (Voc 586) - SPPG: Kel Sumberdawesari, Kec Grati, Kab Pasuruan	283312437	0
cmtuxivbs04nvvr10oxz69rsf	12 Dec 25	=HYPERLINK("http://localhost:3000/vouchers/cmtuxivbj04nlvr108lnewibi", "25-0000554")	500004	HPP Jasa Instalasi Alat Dapur	Adjustment	CV Karya Makmur - 17/PMB/INV/XII/2025 - (Voc 586) - SPPG: Kel Sumberdawesari, Kec Grati, Kab Pasuruan	67575000	0
cmtuxivbu04nxvr102fiz7zuk	12 Dec 25	=HYPERLINK("http://localhost:3000/vouchers/cmtuxivbj04nlvr108lnewibi", "25-0000554")	500002	HPP Genzet	Adjustment	CV Karya Makmur - 17/PMB/INV/XII/2025 - (Voc 476) - SPPG: Kel Sumberdawesari, Kec Grati, Kab Pasuruan	50000000	0
cmtuxivbv04nzvr104ago2cy2	12 Dec 25	=HYPERLINK("http://localhost:3000/vouchers/cmtuxivbj04nlvr108lnewibi", "25-0000554")	500003	HPP Food Tray	Adjustment	CV Karya Makmur - 17/PMB/INV/XII/2025 - (Voc 456) - SPPG: Kel Sumberdawesari, Kec Grati, Kab Pasuruan	105405404	0
cmtuxivbx04o1vr10o48j49fd	12 Dec 25	=HYPERLINK("http://localhost:3000/vouchers/cmtuxivbj04nlvr108lnewibi", "25-0000554")	500003	HPP Food Tray	Adjustment	CV Karya Makmur - 17/PMB/INV/XII/2025 - (Voc 544) - SPPG: Kel Sumberdawesari, Kec Grati, Kab Pasuruan	1200000	0
cmtuxivby04o3vr100v1x7gv9	12 Dec 25	=HYPERLINK("http://localhost:3000/vouchers/cmtuxivbj04nlvr108lnewibi", "25-0000554")	500005	HPP Modular Box	Adjustment	CV Karya Makmur - 17/PMB/INV/XII/2025 - (Voc 237) - SPPG: Kel Sumberdawesari, Kec Grati, Kab Pasuruan	356438170	0
cmtuxivc004o5vr106otj5l2j	12 Dec 25	=HYPERLINK("http://localhost:3000/vouchers/cmtuxivbj04nlvr108lnewibi", "25-0000554")	500006	HPP Ongkos Pasang Modular	Adjustment	CV Karya Makmur - 17/PMB/INV/XII/2025 - (Voc 394) - SPPG: Kel Sumberdawesari, Kec Grati, Kab Pasuruan	80000000	0
cmtuxivc204o7vr10y44ctsyk	12 Dec 25	=HYPERLINK("http://localhost:3000/vouchers/cmtuxivbj04nlvr108lnewibi", "25-0000554")	500009	HPP Furniture	Adjustment	CV Karya Makmur - 17/PMB/INV/XII/2025 - (Voc 572) - SPPG: Kel Sumberdawesari, Kec Grati, Kab Pasuruan	32750000	0
cmtuxivc304o9vr101z0fisc4	12 Dec 25	=HYPERLINK("http://localhost:3000/vouchers/cmtuxivbj04nlvr108lnewibi", "25-0000554")	500010	HPP AC dan Exhaust Fan	Adjustment	CV Karya Makmur - 17/PMB/INV/XII/2025 - (Voc 399) - SPPG: Kel Sumberdawesari, Kec Grati, Kab Pasuruan	32937477	0
cmtuxivc504obvr105kkaavvs	12 Dec 25	=HYPERLINK("http://localhost:3000/vouchers/cmtuxivbj04nlvr108lnewibi", "25-0000554")	500011	HPP Jasa Pasang AC dan Exhaust Fan	Adjustment	CV Karya Makmur - 17/PMB/INV/XII/2025 - (Voc 402) - SPPG: Kel Sumberdawesari, Kec Grati, Kab Pasuruan	3935586	0
cmtuxivc604odvr10lbv2rmr0	12 Dec 25	=HYPERLINK("http://localhost:3000/vouchers/cmtuxivbj04nlvr108lnewibi", "25-0000554")	500012	HPP Alat Listrik	Adjustment	CV Karya Makmur - 17/PMB/INV/XII/2025 - (Voc 289) - SPPG: Kel Sumberdawesari, Kec Grati, Kab Pasuruan	21148500	0
cmtuxivc804ofvr102u00vb6b	12 Dec 25	=HYPERLINK("http://localhost:3000/vouchers/cmtuxivbj04nlvr108lnewibi", "25-0000554")	500013	HPP Biaya Pelabuhan	Adjustment	CV Karya Makmur - 17/PMB/INV/XII/2025 - (Voc 237) - SPPG: Kel Sumberdawesari, Kec Grati, Kab Pasuruan	11113478	0
cmtuxivca04ohvr1044238033	12 Dec 25	=HYPERLINK("http://localhost:3000/vouchers/cmtuxivbj04nlvr108lnewibi", "25-0000554")	130001	Pembelian Alat Alat Dapur	Adjustment	CV Karya Makmur - 17/PMB/INV/XII/2025 - (Voc 586) - SPPG: Kel Sumberdawesari, Kec Grati, Kab Pasuruan	0	283312437
cmtuxivcc04ojvr10we9wkkg7	12 Dec 25	=HYPERLINK("http://localhost:3000/vouchers/cmtuxivbj04nlvr108lnewibi", "25-0000554")	150008	Jasa Instalasi Alat Dapur (PT Sankeindo)	Adjustment	CV Karya Makmur - 17/PMB/INV/XII/2025 - (Voc 586) - SPPG: Kel Sumberdawesari, Kec Grati, Kab Pasuruan	0	67575000
cmtuxivcd04olvr10bsily88b	12 Dec 25	=HYPERLINK("http://localhost:3000/vouchers/cmtuxivbj04nlvr108lnewibi", "25-0000554")	130005	Pembelian Barang dangangan Genzet	Adjustment	CV Karya Makmur - 17/PMB/INV/XII/2025 - (Voc 476) - SPPG: Kel Sumberdawesari, Kec Grati, Kab Pasuruan	0	50000000
cmtuxivcf04onvr10j3dpchbk	12 Dec 25	=HYPERLINK("http://localhost:3000/vouchers/cmtuxivbj04nlvr108lnewibi", "25-0000554")	130002	Pembelian Barang dagangan Food Tray	Adjustment	CV Karya Makmur - 17/PMB/INV/XII/2025 - (Voc 456) - SPPG: Kel Sumberdawesari, Kec Grati, Kab Pasuruan	0	105405404
cmtuxivch04opvr10lbf2zbb7	12 Dec 25	=HYPERLINK("http://localhost:3000/vouchers/cmtuxivbj04nlvr108lnewibi", "25-0000554")	150004	Ongkos Kirim	Adjustment	CV Karya Makmur - 17/PMB/INV/XII/2025 - (Voc 544) - SPPG: Kel Sumberdawesari, Kec Grati, Kab Pasuruan	0	1200000
cmtuxivck04orvr10knecsi4a	12 Dec 25	=HYPERLINK("http://localhost:3000/vouchers/cmtuxivbj04nlvr108lnewibi", "25-0000554")	130000	Pembelian Barang dagangan Modular	Adjustment	CV Karya Makmur - 17/PMB/INV/XII/2025 - (Voc 237) - SPPG: Kel Sumberdawesari, Kec Grati, Kab Pasuruan	0	356438170
cmtuxivco04otvr1013o3voyn	12 Dec 25	=HYPERLINK("http://localhost:3000/vouchers/cmtuxivbj04nlvr108lnewibi", "25-0000554")	150000	Ongkos Pasang Modular	Adjustment	CV Karya Makmur - 17/PMB/INV/XII/2025 - (Voc 394) - SPPG: Kel Sumberdawesari, Kec Grati, Kab Pasuruan	0	80000000
cmtuxivcr04ovvr10h6mle497	12 Dec 25	=HYPERLINK("http://localhost:3000/vouchers/cmtuxivbj04nlvr108lnewibi", "25-0000554")	130004	Pembelian Barang dagangan Furniture	Adjustment	CV Karya Makmur - 17/PMB/INV/XII/2025 - (Voc 572) - SPPG: Kel Sumberdawesari, Kec Grati, Kab Pasuruan	0	32750000
cmtuxivcu04oxvr10zpt8slz4	12 Dec 25	=HYPERLINK("http://localhost:3000/vouchers/cmtuxivbj04nlvr108lnewibi", "25-0000554")	130003	Pembelian Barang dagangan AC,Exhaust Fan	Adjustment	CV Karya Makmur - 17/PMB/INV/XII/2025 - (Voc 399) - SPPG: Kel Sumberdawesari, Kec Grati, Kab Pasuruan	0	32937477
cmtuxivcw04ozvr109kejvk62	12 Dec 25	=HYPERLINK("http://localhost:3000/vouchers/cmtuxivbj04nlvr108lnewibi", "25-0000554")	150001	Ongkos Pasang AC dan Exhaust Fan ,jasa Instalasi Listrik	Adjustment	CV Karya Makmur - 17/PMB/INV/XII/2025 - (Voc 402) - SPPG: Kel Sumberdawesari, Kec Grati, Kab Pasuruan	0	3935586
cmtuxivcz04p1vr1032dxbvfb	12 Dec 25	=HYPERLINK("http://localhost:3000/vouchers/cmtuxivbj04nlvr108lnewibi", "25-0000554")	140001	Pembelian Listrik	Adjustment	CV Karya Makmur - 17/PMB/INV/XII/2025 - (Voc 289) - SPPG: Kel Sumberdawesari, Kec Grati, Kab Pasuruan	0	21148500
cmtuxivd204p3vr101vs3s2pb	12 Dec 25	=HYPERLINK("http://localhost:3000/vouchers/cmtuxivbj04nlvr108lnewibi", "25-0000554")	140003	Reimbursment / Debit Note Biaya Pelabuhan	Adjustment	CV Karya Makmur - 17/PMB/INV/XII/2025 - (Voc 237) - SPPG: Kel Sumberdawesari, Kec Grati, Kab Pasuruan	0	11113478
cmtuxivd604p7vr106me102ph	12 Dec 25	=HYPERLINK("http://localhost:3000/vouchers/cmtuxivd404p5vr10034q7t99", "25-0000555")	110001	Piutang Usaha CV Sartika	Adjustment	CV Sartika - 18/PMB/INV/XII/2025 - SPPG: Kel Kalirejo, Kec Bangil, Kab Pasuruan	2214985057	0
cmtuxivd804p9vr10tuonwjvx	12 Dec 25	=HYPERLINK("http://localhost:3000/vouchers/cmtuxivd404p5vr10034q7t99", "25-0000555")	220000	PPN Keluaran	Adjustment	CV Sartika - 18/PMB/INV/XII/2025 - SPPG: Kel Kalirejo, Kec Bangil, Kab Pasuruan	0	219503024
cmtuxivd904pbvr10azrozgtp	12 Dec 25	=HYPERLINK("http://localhost:3000/vouchers/cmtuxivd404p5vr10034q7t99", "25-0000555")	400000	Penjualan	Adjustment	CV Sartika - 18/PMB/INV/XII/2025 - SPPG: Kel Kalirejo, Kec Bangil, Kab Pasuruan	0	1995482033
cmtuxivdb04pdvr101ul04sqn	12 Dec 25	=HYPERLINK("http://localhost:3000/vouchers/cmtuxivd404p5vr10034q7t99", "25-0000555")	500001	HPP Alat Dapur	Adjustment	CV Sartika - 18/PMB/INV/XII/2025 - (Voc 586) - SPPG: Kel Kalirejo, Kec Bangil, Kab Pasuruan	283312437	0
cmtuxivdc04pfvr1086wj6ebb	12 Dec 25	=HYPERLINK("http://localhost:3000/vouchers/cmtuxivd404p5vr10034q7t99", "25-0000555")	500004	HPP Jasa Instalasi Alat Dapur	Adjustment	CV Sartika - 18/PMB/INV/XII/2025 - (Voc 586) - SPPG: Kel Kalirejo, Kec Bangil, Kab Pasuruan	67575000	0
cmtuxivde04phvr10xh3qjb4z	12 Dec 25	=HYPERLINK("http://localhost:3000/vouchers/cmtuxivd404p5vr10034q7t99", "25-0000555")	500002	HPP Genzet	Adjustment	CV Sartika - 18/PMB/INV/XII/2025 - (Voc 476) - SPPG: Kel Kalirejo, Kec Bangil, Kab Pasuruan	50000000	0
cmtuxivdg04pjvr107hgxtw1h	12 Dec 25	=HYPERLINK("http://localhost:3000/vouchers/cmtuxivd404p5vr10034q7t99", "25-0000555")	500003	HPP Food Tray	Adjustment	CV Sartika - 18/PMB/INV/XII/2025 - (Voc 456) - SPPG: Kel Kalirejo, Kec Bangil, Kab Pasuruan	105405404	0
cmtuxivdi04plvr10o0dul9tf	12 Dec 25	=HYPERLINK("http://localhost:3000/vouchers/cmtuxivd404p5vr10034q7t99", "25-0000555")	500003	HPP Food Tray	Adjustment	CV Sartika - 18/PMB/INV/XII/2025 - (Voc 544) - SPPG: Kel Kalirejo, Kec Bangil, Kab Pasuruan	1200000	0
cmtuxivdk04pnvr10fn00ul14	12 Dec 25	=HYPERLINK("http://localhost:3000/vouchers/cmtuxivd404p5vr10034q7t99", "25-0000555")	500005	HPP Modular Box	Adjustment	CV Sartika - 18/PMB/INV/XII/2025 - (Voc 237) - SPPG: Kel Kalirejo, Kec Bangil, Kab Pasuruan	356438170	0
cmtuxivdl04ppvr1089uuh8qe	12 Dec 25	=HYPERLINK("http://localhost:3000/vouchers/cmtuxivd404p5vr10034q7t99", "25-0000555")	500006	HPP Ongkos Pasang Modular	Adjustment	CV Sartika - 18/PMB/INV/XII/2025 - (Voc 395) - SPPG: Kel Kalirejo, Kec Bangil, Kab Pasuruan	80000000	0
cmtuxivdn04prvr10i6usn2es	12 Dec 25	=HYPERLINK("http://localhost:3000/vouchers/cmtuxivd404p5vr10034q7t99", "25-0000555")	500007	HPP Tambahan Pekerjaan Modular	Adjustment	CV Sartika - 18/PMB/INV/XII/2025 - (Voc 538) - SPPG: Kel Kalirejo, Kec Bangil, Kab Pasuruan	2000000	0
cmtuxivdp04ptvr104fpmrt6m	12 Dec 25	=HYPERLINK("http://localhost:3000/vouchers/cmtuxivd404p5vr10034q7t99", "25-0000555")	500009	HPP Furniture	Adjustment	CV Sartika - 18/PMB/INV/XII/2025 - (Voc 572) - SPPG: Kel Kalirejo, Kec Bangil, Kab Pasuruan	32750000	0
cmtuxivdq04pvvr10crrpkhcn	12 Dec 25	=HYPERLINK("http://localhost:3000/vouchers/cmtuxivd404p5vr10034q7t99", "25-0000555")	500010	HPP AC dan Exhaust Fan	Adjustment	CV Sartika - 18/PMB/INV/XII/2025 - (Voc 399) - SPPG: Kel Kalirejo, Kec Bangil, Kab Pasuruan	32937477	0
cmtuxivds04pxvr10in20mcth	12 Dec 25	=HYPERLINK("http://localhost:3000/vouchers/cmtuxivd404p5vr10034q7t99", "25-0000555")	500011	HPP Jasa Pasang AC dan Exhaust Fan	Adjustment	CV Sartika - 18/PMB/INV/XII/2025 - (Voc 400) - SPPG: Kel Kalirejo, Kec Bangil, Kab Pasuruan	3935585	0
cmtuxivdt04pzvr10e71noa9y	12 Dec 25	=HYPERLINK("http://localhost:3000/vouchers/cmtuxivd404p5vr10034q7t99", "25-0000555")	500012	HPP Alat Listrik	Adjustment	CV Sartika - 18/PMB/INV/XII/2025 - (Voc 317 & 367) - SPPG: Kel Kalirejo, Kec Bangil, Kab Pasuruan	19682100	0
cmtuxivdv04q1vr10d4ubvvm4	12 Dec 25	=HYPERLINK("http://localhost:3000/vouchers/cmtuxivd404p5vr10034q7t99", "25-0000555")	500013	HPP Biaya Pelabuhan	Adjustment	CV Sartika - 18/PMB/INV/XII/2025 - (Voc 237) - SPPG: Kel Kalirejo, Kec Bangil, Kab Pasuruan	11113477	0
cmtuxivdx04q3vr10fwdq9mci	12 Dec 25	=HYPERLINK("http://localhost:3000/vouchers/cmtuxivd404p5vr10034q7t99", "25-0000555")	130001	Pembelian Alat Alat Dapur	Adjustment	CV Sartika - 18/PMB/INV/XII/2025 - (Voc 586) - SPPG: Kel Kalirejo, Kec Bangil, Kab Pasuruan	0	283312437
cmtuxivdz04q5vr10bis1b93k	12 Dec 25	=HYPERLINK("http://localhost:3000/vouchers/cmtuxivd404p5vr10034q7t99", "25-0000555")	150008	Jasa Instalasi Alat Dapur (PT Sankeindo)	Adjustment	CV Sartika - 18/PMB/INV/XII/2025 - (Voc 586) - SPPG: Kel Kalirejo, Kec Bangil, Kab Pasuruan	0	67575000
cmtuxive104q7vr10i70cntrt	12 Dec 25	=HYPERLINK("http://localhost:3000/vouchers/cmtuxivd404p5vr10034q7t99", "25-0000555")	130005	Pembelian Barang dangangan Genzet	Adjustment	CV Sartika - 18/PMB/INV/XII/2025 - (Voc 476) - SPPG: Kel Kalirejo, Kec Bangil, Kab Pasuruan	0	50000000
cmtuxive204q9vr105od9fl95	12 Dec 25	=HYPERLINK("http://localhost:3000/vouchers/cmtuxivd404p5vr10034q7t99", "25-0000555")	130002	Pembelian Barang dagangan Food Tray	Adjustment	CV Sartika - 18/PMB/INV/XII/2025 - (Voc 456) - SPPG: Kel Kalirejo, Kec Bangil, Kab Pasuruan	0	105405404
cmtuxive404qbvr10fl96abc2	12 Dec 25	=HYPERLINK("http://localhost:3000/vouchers/cmtuxivd404p5vr10034q7t99", "25-0000555")	150004	Ongkos Kirim	Adjustment	CV Sartika - 18/PMB/INV/XII/2025 - (Voc 544) - SPPG: Kel Kalirejo, Kec Bangil, Kab Pasuruan	0	1200000
cmtuxive504qdvr105m7h1048	12 Dec 25	=HYPERLINK("http://localhost:3000/vouchers/cmtuxivd404p5vr10034q7t99", "25-0000555")	130000	Pembelian Barang dagangan Modular	Adjustment	CV Sartika - 18/PMB/INV/XII/2025 - (Voc 237) - SPPG: Kel Kalirejo, Kec Bangil, Kab Pasuruan	0	356438170
cmtuxive704qfvr10q2en0s1f	12 Dec 25	=HYPERLINK("http://localhost:3000/vouchers/cmtuxivd404p5vr10034q7t99", "25-0000555")	150000	Ongkos Pasang Modular	Adjustment	CV Sartika - 18/PMB/INV/XII/2025 - (Voc 395) - SPPG: Kel Kalirejo, Kec Bangil, Kab Pasuruan	0	80000000
cmtuxive904qhvr10ei14n6k7	12 Dec 25	=HYPERLINK("http://localhost:3000/vouchers/cmtuxivd404p5vr10034q7t99", "25-0000555")	150000	Ongkos Pasang Modular	Adjustment	CV Sartika - 18/PMB/INV/XII/2025 - (Voc 538) - SPPG: Kel Kalirejo, Kec Bangil, Kab Pasuruan	0	2000000
cmtuxiveb04qjvr10xnzzzgzk	12 Dec 25	=HYPERLINK("http://localhost:3000/vouchers/cmtuxivd404p5vr10034q7t99", "25-0000555")	130004	Pembelian Barang dagangan Furniture	Adjustment	CV Sartika - 18/PMB/INV/XII/2025 - (Voc 572) - SPPG: Kel Kalirejo, Kec Bangil, Kab Pasuruan	0	32750000
cmtuxived04qlvr10w006dart	12 Dec 25	=HYPERLINK("http://localhost:3000/vouchers/cmtuxivd404p5vr10034q7t99", "25-0000555")	130003	Pembelian Barang dagangan AC,Exhaust Fan	Adjustment	CV Sartika - 18/PMB/INV/XII/2025 - (Voc 399) - SPPG: Kel Kalirejo, Kec Bangil, Kab Pasuruan	0	32937477
cmtuxivef04qnvr10sqyq9g7i	12 Dec 25	=HYPERLINK("http://localhost:3000/vouchers/cmtuxivd404p5vr10034q7t99", "25-0000555")	150001	Ongkos Pasang AC dan Exhaust Fan ,jasa Instalasi Listrik	Adjustment	CV Sartika - 18/PMB/INV/XII/2025 - (Voc 400) - SPPG: Kel Kalirejo, Kec Bangil, Kab Pasuruan	0	3935585
cmtuxiveh04qpvr10vzka070g	12 Dec 25	=HYPERLINK("http://localhost:3000/vouchers/cmtuxivd404p5vr10034q7t99", "25-0000555")	140001	Pembelian Listrik	Adjustment	CV Sartika - 18/PMB/INV/XII/2025 - (Voc 317 & 367) - SPPG: Kel Kalirejo, Kec Bangil, Kab Pasuruan	0	19682100
cmtuxivej04qrvr10elccboo6	12 Dec 25	=HYPERLINK("http://localhost:3000/vouchers/cmtuxivd404p5vr10034q7t99", "25-0000555")	140003	Reimbursment / Debit Note Biaya Pelabuhan	Adjustment	CV Sartika - 18/PMB/INV/XII/2025 - (Voc 237) - SPPG: Kel Kalirejo, Kec Bangil, Kab Pasuruan	0	11113477
cmtuxiven04qvvr10e28s3u08	13 Dec 25	=HYPERLINK("http://localhost:3000/vouchers/cmtuxivel04qtvr10jdik2p1d", "25-0000556")	140001	Pembelian Listrik	PT. Pionir Elektrik Indonesia	PT. Pionir Elektrik Indonesia - INV/941/PEI/DES/2025 - Pembelian Alat Listrik untuk daerah 1 Paket Tuban dan 2 Paket Bojonegoro	33713514	0
cmtuxivep04qxvr10uzu4l76q	13 Dec 25	=HYPERLINK("http://localhost:3000/vouchers/cmtuxivel04qtvr10jdik2p1d", "25-0000556")	220000	PPN Keluaran	PT. Pionir Elektrik Indonesia	PT. Pionir Elektrik Indonesia - INV/941/PEI/DES/2025 - Pembelian Alat Listrik untuk daerah 1 Paket Tuban dan 2 Paket Bojonegoro	3708486	0
cmtuxiveq04qzvr10w0nr47rt	13 Dec 25	=HYPERLINK("http://localhost:3000/vouchers/cmtuxivel04qtvr10jdik2p1d", "25-0000556")	210011	Hutang Dagang Pembelian Alat Alat Listrik (PT. Pionir Elektrik Indonesia)	PT. Pionir Elektrik Indonesia	PT. Pionir Elektrik Indonesia - INV/941/PEI/DES/2025 - Pembelian Alat Listrik untuk daerah 1 Paket Tuban dan 2 Paket Bojonegoro	0	37422000
cmtuxiveu04r3vr10b1c23iov	13 Dec 25	=HYPERLINK("http://localhost:3000/vouchers/cmtuxives04r1vr10qigw86dr", "25-0000557")	140001	Pembelian Listrik	CV. Pionir Elektrik Jakarta	CV. Pionir Elektrik Jakarta - PO no 68/PO/PMB/X/2025 - Faktur No 492/PEJ/DES/2025 - Pembelian Alat Listrik 3 Paket untuk daerah Tuban - Bojonegoro	17889000	0
cmtuxivew04r5vr10upgzghp9	13 Dec 25	=HYPERLINK("http://localhost:3000/vouchers/cmtuxives04r1vr10qigw86dr", "25-0000557")	210012	Hutang Dagang Pembelian Material & Listrik,Ongkos Kirim (CV. Pionir Elektrik Jakarta)	CV. Pionir Elektrik Jakarta	CV. Pionir Elektrik Jakarta - PO no 68/PO/PMB/X/2025 - Faktur No 492/PEJ/DES/2025 - Pembelian Alat Listrik 3 Paket untuk daerah Tuban - Bojonegoro	0	17889000
cmtuxivf404r9vr10tnh4g07a	13 Dec 25	=HYPERLINK("http://localhost:3000/vouchers/cmtuxivf204r7vr10d7b3y5jr", "25-0000558")	150004	Ongkos Kirim	CV. Pionir Elektrik Jakarta	CV. Pionir Elektrk Jakarta - Faktur No 493PEJ/DES/2025 - Ongkos Kirim Alat Listrik 1 Paket Kendal dan 3 Paket Tuban - Bojonegoro	1000000	0
cmtuxivf604rbvr100rv9tgee	13 Dec 25	=HYPERLINK("http://localhost:3000/vouchers/cmtuxivf204r7vr10d7b3y5jr", "25-0000558")	220002	Hutang Pph23	CV. Pionir Elektrik Jakarta	CV. Pionir Elektrk Jakarta - Faktur No 493PEJ/DES/2025 - Ongkos Kirim Alat Listrik 1 Paket Kendal dan 3 Paket Tuban - Bojonegoro	0	20000
cmtuxivf704rdvr10j468o8ir	13 Dec 25	=HYPERLINK("http://localhost:3000/vouchers/cmtuxivf204r7vr10d7b3y5jr", "25-0000558")	210012	Hutang Dagang Pembelian Material & Listrik,Ongkos Kirim (CV. Pionir Elektrik Jakarta)	CV. Pionir Elektrik Jakarta	CV. Pionir Elektrk Jakarta - Faktur No 493PEJ/DES/2025 - Ongkos Kirim Alat Listrik 1 Paket Kendal dan 3 Paket Tuban - Bojonegoro	0	980000
cmtuxivfb04rhvr10zsp0aiuk	15 Dec 25	=HYPERLINK("http://localhost:3000/vouchers/cmtuxivf904rfvr10b28nzrpn", "25-0000559")	150005	Biaya Langsir, Jaga Malam, ongkos bongkar	Mujiono	Mujiono - Biaya Jaga Modular Kasiman, Bojonegoro	1050000	0
cmtuxivfd04rjvr10ixoc7fl4	15 Dec 25	=HYPERLINK("http://localhost:3000/vouchers/cmtuxivf904rfvr10b28nzrpn", "25-0000559")	100101	Bank BCA 4972579789	Mujiono	Mujiono - Biaya Jaga Modular Kasiman, Bojonegoro	0	1050000
cmtuxivff04rlvr10bunhkiwa	15 Dec 25	=HYPERLINK("http://localhost:3000/vouchers/cmtuxivf904rfvr10b28nzrpn", "25-0000559")	720002	Beban Adm.Bank & Buku Cek/Giro	Mujiono	Mujiono - BIaya Admin Bifast Txn ke 009 Mujiono	2500	0
cmtuxivfg04rnvr10al0dv2wa	15 Dec 25	=HYPERLINK("http://localhost:3000/vouchers/cmtuxivf904rfvr10b28nzrpn", "25-0000559")	100101	Bank BCA 4972579789	Mujiono	Mujiono - BIaya Admin Bifast Txn ke 009 Mujiono	0	2500
cmtuxivfi04rpvr10di8k5ffj	15 Dec 25	=HYPERLINK("http://localhost:3000/vouchers/cmtuxivf904rfvr10b28nzrpn", "25-0000559")	600017	Beban Pajak	Mujiono	Mujiono - Biaya Jaga Modular Kasiman, Bojonegoro	26250	0
cmtuxivfk04rrvr109miz63dx	15 Dec 25	=HYPERLINK("http://localhost:3000/vouchers/cmtuxivf904rfvr10b28nzrpn", "25-0000559")	220001	Hutang Pph21	Mujiono	Mujiono - Biaya Jaga Modular Kasiman, Bojonegoro	0	26250
cmtuxivfo04rvvr10tzw07afz	15 Dec 25	=HYPERLINK("http://localhost:3000/vouchers/cmtuxivfl04rtvr10e745m8y2", "25-0000560")	999999	Lain Lain	Liesyia Kartansa ( PAM )	Pembayaran Air PAM	301780	0
cmtuxivfp04rxvr10nvu9azrd	15 Dec 25	=HYPERLINK("http://localhost:3000/vouchers/cmtuxivfl04rtvr10e745m8y2", "25-0000560")	100101	Bank BCA 4972579789	Liesyia Kartansa ( PAM )	Pembayaran Air PAM	0	301780
cmtuxivft04s1vr10kloiwvgc	15 Dec 25	=HYPERLINK("http://localhost:3000/vouchers/cmtuxivfr04rzvr10dbrxh6qm", "25-0000561")	181099	Piutang Lain-lain	Johan Hariyanto	Johan Hariyanto - Lain Lain	550000	0
cmtuxivfv04s3vr1099w1gb94	15 Dec 25	=HYPERLINK("http://localhost:3000/vouchers/cmtuxivfr04rzvr10dbrxh6qm", "25-0000561")	100101	Bank BCA 4972579789	Johan Hariyanto	Johan Hariyanto - Lain Lain	0	550000
cmtuxivfz04s7vr109tceqjab	15 Dec 25	=HYPERLINK("http://localhost:3000/vouchers/cmtuxivfx04s5vr10wg0k8a5m", "25-0000562")	150003	Jasa Custom Clearance/Dokumen	PT. Tera Forwarders Indonesia	PT Tera Forwarders Indonesia - Jasa Customer Clearance Modular 10 Titik (Banyuwangi, Bojonegoro, Ponorogo dan Situbondo)	140750000	0
cmtuxivg104s9vr10w95gjwq6	15 Dec 25	=HYPERLINK("http://localhost:3000/vouchers/cmtuxivfx04s5vr10wg0k8a5m", "25-0000562")	220000	PPN Keluaran	PT. Tera Forwarders Indonesia	PT Tera Forwarders Indonesia - Jasa Angkut dan Pengurusan Dokumen Modular 10 Titik (Banyuwangi, Bojonegoro, Ponorogo dan Situbondo)	1548250	0
cmtuxivg204sbvr10yeokircj	15 Dec 25	=HYPERLINK("http://localhost:3000/vouchers/cmtuxivfx04s5vr10wg0k8a5m", "25-0000562")	220002	Hutang Pph23	PT. Tera Forwarders Indonesia	PT Tera Forwarders Indonesia - Jasa Angkut dan Pengurusan Dokumen Modular 10 Titik (Banyuwangi, Bojonegoro, Ponorogo dan Situbondo)	0	2815000
cmtuxivg404sdvr10fz4f0gl0	15 Dec 25	=HYPERLINK("http://localhost:3000/vouchers/cmtuxivfx04s5vr10wg0k8a5m", "25-0000562")	100101	Bank BCA 4972579789	PT. Tera Forwarders Indonesia	PT Tera Forwarders Indonesia - Jasa Customer Clearance Modular 10 Titik (Banyuwangi, Bojonegoro, Ponorogo dan Situbondo)	0	139483250
cmtuxivg804shvr104x7l7ezs	15 Dec 25	=HYPERLINK("http://localhost:3000/vouchers/cmtuxivg604sfvr10jklas7rv", "25-0000563")	140003	Reimbursment / Debit Note Biaya Pelabuhan	PT. Tera Forwarders Indonesia	PT Tera Forwarders Indonesia - DN/Biaya Pelabuhan Modular 10 Titik (Banyuwangi, Bojonegoro, Ponorogo dan Situbondo)	43124783	0
cmtuxivga04sjvr10syzrcxzc	15 Dec 25	=HYPERLINK("http://localhost:3000/vouchers/cmtuxivg604sfvr10jklas7rv", "25-0000563")	220000	PPN Keluaran	PT. Tera Forwarders Indonesia	PT Tera Forwarders Indonesia - DN/Biaya Pelabuhan Modular 10 Titik (Banyuwangi, Bojonegoro, Ponorogo dan Situbondo)	770000	0
cmtuxivgb04slvr1054fwodsm	15 Dec 25	=HYPERLINK("http://localhost:3000/vouchers/cmtuxivg604sfvr10jklas7rv", "25-0000563")	220000	PPN Keluaran	PT. Tera Forwarders Indonesia	PT Tera Forwarders Indonesia - DN/Biaya Pelabuhan Modular 10 Titik (Banyuwangi, Bojonegoro, Ponorogo dan Situbondo)	38628	0
cmtuxivgd04snvr10ya4u9p8s	15 Dec 25	=HYPERLINK("http://localhost:3000/vouchers/cmtuxivg604sfvr10jklas7rv", "25-0000563")	100101	Bank BCA 4972579789	PT. Tera Forwarders Indonesia	PT Tera Forwarders Indonesia - DN/Biaya Pelabuhan Modular 10 Titik (Banyuwangi, Bojonegoro, Ponorogo dan Situbondo)	0	43933411
cmtuxivgh04srvr10cvgj9mx4	15 Dec 25	=HYPERLINK("http://localhost:3000/vouchers/cmtuxivgf04spvr10o5stqgqw", "25-0000564")	181099	Piutang Lain-lain	CV. Pionir Elektrik Jakarta	CV Pionir Elektrik - Pembelian Alat Listrik 7 paket, 5 Banyuwangi dan 2 Ponorogo	41741000	0
cmtuxivgj04stvr1021gup7bb	15 Dec 25	=HYPERLINK("http://localhost:3000/vouchers/cmtuxivgf04spvr10o5stqgqw", "25-0000564")	100101	Bank BCA 4972579789	CV. Pionir Elektrik Jakarta	CV Pionir Elektrik - Pembelian Alat Listrik 7 paket, 5 Banyuwangi dan 2 Ponorogo	0	41741000
cmtuxivgk04svvr10qnm3dt1l	15 Dec 25	=HYPERLINK("http://localhost:3000/vouchers/cmtuxivgf04spvr10o5stqgqw", "25-0000564")	720002	Beban Adm.Bank & Buku Cek/Giro	CV. Pionir Elektrik Jakarta	CV Pionir Elektrik - Bi Fast TXN 164 Pionir Elektrik	2500	0
cmtuxivgm04sxvr10k6irge6h	15 Dec 25	=HYPERLINK("http://localhost:3000/vouchers/cmtuxivgf04spvr10o5stqgqw", "25-0000564")	100101	Bank BCA 4972579789	CV. Pionir Elektrik Jakarta	CV Pionir Elektrik - Bi Fast TXN 164 Pionir Elektrik	0	2500
cmtuxivgq04t1vr107ug4jtb4	15 Dec 25	=HYPERLINK("http://localhost:3000/vouchers/cmtuxivgo04szvr10qwm36c9h", "25-0000565")	140001	Pembelian Listrik	PT. Pionir Elektrik Indonesia	PT Pionir Elektrik - Pembelian Alat Listrik 7 paket, 5 Banyuwangi dan 2 Ponorogo	78664865	0
cmtuxivgs04t3vr10r851jlry	15 Dec 25	=HYPERLINK("http://localhost:3000/vouchers/cmtuxivgo04szvr10qwm36c9h", "25-0000565")	220000	PPN Keluaran	PT. Pionir Elektrik Indonesia	PT Pionir Elektrik - Pembelian Alat Listrik 7 paket, 5 Banyuwangi dan 2 Ponorogo	8653135	0
cmtuxivgu04t5vr10zt7pckmp	15 Dec 25	=HYPERLINK("http://localhost:3000/vouchers/cmtuxivgo04szvr10qwm36c9h", "25-0000565")	100101	Bank BCA 4972579789	PT. Pionir Elektrik Indonesia	PT Pionir Elektrik - Pembelian Alat Listrik 7 paket, 5 Banyuwangi dan 2 Ponorogo	0	87318000
cmtuxivgy04t9vr10lulna9o6	15 Dec 25	=HYPERLINK("http://localhost:3000/vouchers/cmtuxivgw04t7vr10c3xjru4u", "25-0000566")	150004	Ongkos Kirim	CV. Pionir Elektrik Jakarta	CV Pionir Elektrik - Ongkos Kirim Pembelian Alat Listrik 7 paket, 5 Banyuwangi dan 2 Ponorogo	2276000	0
cmtuxivh004tbvr106qf91ynv	15 Dec 25	=HYPERLINK("http://localhost:3000/vouchers/cmtuxivgw04t7vr10c3xjru4u", "25-0000566")	220002	Hutang Pph23	CV. Pionir Elektrik Jakarta	CV Pionir Elektrik - Ongkos Kirim Pembelian Alat Listrik 7 paket, 5 Banyuwangi dan 2 Ponorogo	0	45520
cmtuxivh204tdvr10s8mb9h0m	15 Dec 25	=HYPERLINK("http://localhost:3000/vouchers/cmtuxivgw04t7vr10c3xjru4u", "25-0000566")	100101	Bank BCA 4972579789	CV. Pionir Elektrik Jakarta	CV Pionir Elektrik - Ongkos Kirim Pembelian Alat Listrik 7 paket, 5 Banyuwangi dan 2 Ponorogo	0	2230480
cmtuxivh404tfvr10pm1kj1pl	15 Dec 25	=HYPERLINK("http://localhost:3000/vouchers/cmtuxivgw04t7vr10c3xjru4u", "25-0000566")	720002	Beban Adm.Bank & Buku Cek/Giro	CV. Pionir Elektrik Jakarta	CV Pionir Elektrik - Bi Fast TXN 164 Pionir Elektrik	2500	0
cmtuxivh604thvr10vleh9nus	15 Dec 25	=HYPERLINK("http://localhost:3000/vouchers/cmtuxivgw04t7vr10c3xjru4u", "25-0000566")	100101	Bank BCA 4972579789	CV. Pionir Elektrik Jakarta	CV Pionir Elektrik - Bi Fast TXN 164 Pionir Elektrik	0	2500
cmtuxivha04tlvr101x5tw8k5	15 Dec 25	=HYPERLINK("http://localhost:3000/vouchers/cmtuxivh804tjvr100ftygfol", "25-0000567")	600016	Beban Perlengkapan Kantor	Marcellino Christian	Stampel 3 Warna (1pcs)	110000	0
cmtuxivhc04tnvr10oslk4hrd	15 Dec 25	=HYPERLINK("http://localhost:3000/vouchers/cmtuxivh804tjvr100ftygfol", "25-0000567")	600016	Beban Perlengkapan Kantor	Marcellino Christian	Stampel 2 Warna (2pcs)	180000	0
cmtuxivhe04tpvr10vccv44zt	15 Dec 25	=HYPERLINK("http://localhost:3000/vouchers/cmtuxivh804tjvr100ftygfol", "25-0000567")	600016	Beban Perlengkapan Kantor	Marcellino Christian	Stampel 1 Warna (2pcs)	140000	0
cmtuxivhf04trvr1042bw7szc	15 Dec 25	=HYPERLINK("http://localhost:3000/vouchers/cmtuxivh804tjvr100ftygfol", "25-0000567")	600100	Keperluan Dapur	Marcellino Christian	Aqua Galon	21000	0
cmtuxivhh04ttvr1099wwabvz	15 Dec 25	=HYPERLINK("http://localhost:3000/vouchers/cmtuxivh804tjvr100ftygfol", "25-0000567")	600016	Beban Perlengkapan Kantor	Marcellino Christian	COD Sampel Dari Cina	252000	0
cmtuxivhj04tvvr10vq72iad6	15 Dec 25	=HYPERLINK("http://localhost:3000/vouchers/cmtuxivh804tjvr100ftygfol", "25-0000567")	100000	Kas	Marcellino Christian	Marcell - Pertanggung Jawaban Kas Kantor	0	703000
cmtuxivhl04txvr10vs3ajvb1	15 Dec 25	=HYPERLINK("http://localhost:3000/vouchers/cmtuxivh804tjvr100ftygfol", "25-0000567")	100000	Kas	Marcellino Christian	Marcell - Pengisian Petty Cash Kantor	703000	0
cmtuxivhn04tzvr10p5uxf5c3	15 Dec 25	=HYPERLINK("http://localhost:3000/vouchers/cmtuxivh804tjvr100ftygfol", "25-0000567")	100101	Bank BCA 4972579789	Marcellino Christian	Marcell - Pengisian Petty Cash Kantor	0	703000
cmtuxivhq04u3vr10a9aog8ml	16 Dec 25	=HYPERLINK("http://localhost:3000/vouchers/cmtuxivhp04u1vr10zk2sb6os", "25-0000568")	130002	Pembelian Barang dagangan Food Tray	PT. Sumber Digital Media	PT Sumber Digital Media - Faktur no 25000813 - Faktur Pajak no 04002500417864940 - PO no 71/PO/PMB/X/2025 - Pembelian Food Tray 5000 pcs, 5 titik pasuruan	175675673	0
cmtuxivhs04u5vr10m07doj6w	16 Dec 25	=HYPERLINK("http://localhost:3000/vouchers/cmtuxivhp04u1vr10zk2sb6os", "25-0000568")	220000	PPN Keluaran	PT. Sumber Digital Media	PT Sumber Digital Media - Faktur no 25000813 - Faktur Pajak no 04002500417864940 - PO no 71/PO/PMB/X/2025 - Pembelian Food Tray 5000 pcs, 5 titik pasuruan	19324327	0
cmtuxivhu04u7vr10rk7g4o00	16 Dec 25	=HYPERLINK("http://localhost:3000/vouchers/cmtuxivhp04u1vr10zk2sb6os", "25-0000568")	100101	Bank BCA 4972579789	PT. Sumber Digital Media	PT Sumber Digital Media - Faktur no 25000813 - Faktur Pajak no 04002500417864940 - PO no 71/PO/PMB/X/2025 - Pembelian Food Tray 5000 pcs, 5 titik pasuruan	0	195000000
cmtuxivhy04ubvr108xdwiq0z	16 Dec 25	=HYPERLINK("http://localhost:3000/vouchers/cmtuxivhw04u9vr10xbj4cx5y", "25-0000569")	600027	Beban Tenaga Lepas (Individu)	Djony Sudarto Wiratmo	PT PRABU / Djony Sudarto - Peguruan Dokumen Mr. Fan Xiaodong	17500000	0
cmtuxivi004udvr10tlm4lhb3	16 Dec 25	=HYPERLINK("http://localhost:3000/vouchers/cmtuxivhw04u9vr10xbj4cx5y", "25-0000569")	220001	Hutang Pph21	Djony Sudarto Wiratmo	PT PRABU / Djony Sudarto - Peguruan Dokumen Mr. Fan Xiaodong	0	350000
cmtuxivi204ufvr10rqp1hgzn	16 Dec 25	=HYPERLINK("http://localhost:3000/vouchers/cmtuxivhw04u9vr10xbj4cx5y", "25-0000569")	100101	Bank BCA 4972579789	Djony Sudarto Wiratmo	PT PRABU / Djony Sudarto - Peguruan Dokumen Mr. Fan Xiaodong	0	17150000
cmtuxivi304uhvr10xve5j6sj	16 Dec 25	=HYPERLINK("http://localhost:3000/vouchers/cmtuxivhw04u9vr10xbj4cx5y", "25-0000569")	160004	Biaya Dibayar Dimuka PT PRABU	Djony Sudarto Wiratmo	PT PRABU / Djony Sudarto - Kekurangan Pemotongan Pajak 0.5% Peguruan Dokumen Mr. Fan Xiaodong	87500	0
cmtuxivi504ujvr10ksa8pg5l	16 Dec 25	=HYPERLINK("http://localhost:3000/vouchers/cmtuxivhw04u9vr10xbj4cx5y", "25-0000569")	220001	Hutang Pph21	Djony Sudarto Wiratmo	PT PRABU / Djony Sudarto - Kekurangan Pemotongan Pajak 0.5% Peguruan Dokumen Mr. Fan Xiaodong	0	87500
cmtuxivi904unvr10q7nrchr4	16 Dec 25	=HYPERLINK("http://localhost:3000/vouchers/cmtuxivi704ulvr10vxr1mmd2", "25-0000570")	600027	Beban Tenaga Lepas (Individu)	Djony Sudarto Wiratmo	PT PRABU / Djony Sudarto - Peguruan Dokumen Mr. Gu Aijiang	17500000	0
cmtuxivib04upvr10guqclu92	16 Dec 25	=HYPERLINK("http://localhost:3000/vouchers/cmtuxivi704ulvr10vxr1mmd2", "25-0000570")	220001	Hutang Pph21	Djony Sudarto Wiratmo	PT PRABU / Djony Sudarto - Peguruan Dokumen Mr. Gu Aijiang	0	350000
cmtuxivid04urvr10jabq7o4g	16 Dec 25	=HYPERLINK("http://localhost:3000/vouchers/cmtuxivi704ulvr10vxr1mmd2", "25-0000570")	100101	Bank BCA 4972579789	Djony Sudarto Wiratmo	PT PRABU / Djony Sudarto - Peguruan Dokumen Mr. Gu Aijiang	0	17150000
cmtuxivif04utvr10locteu6n	16 Dec 25	=HYPERLINK("http://localhost:3000/vouchers/cmtuxivi704ulvr10vxr1mmd2", "25-0000570")	160004	Biaya Dibayar Dimuka PT PRABU	Djony Sudarto Wiratmo	PT PRABU / Djony Sudarto - Kekurangan Pemotongan Pajak 0.5% Peguruan Dokumen Mr. Gu Aijiang	87500	0
cmtuxivig04uvvr10uyluaz8k	16 Dec 25	=HYPERLINK("http://localhost:3000/vouchers/cmtuxivi704ulvr10vxr1mmd2", "25-0000570")	220001	Hutang Pph21	Djony Sudarto Wiratmo	PT PRABU / Djony Sudarto - Kekurangan Pemotongan Pajak 0.5% Peguruan Dokumen Mr. Gu Aijiang	0	87500
cmtuxivik04uzvr104tmb0sa1	17 Dec 25	=HYPERLINK("http://localhost:3000/vouchers/cmtuxivii04uxvr10hludv12s", "25-0000571")	130000	Pembelian Barang dagangan Modular	Ricky Herdhany	Ricky Herdhany - Pembayaran ke 2 Ongkos Pasang Modular di Butuh Langenrejo, Purworejo	50000000	0
cmtuxivil04v1vr10ujerlf6f	17 Dec 25	=HYPERLINK("http://localhost:3000/vouchers/cmtuxivii04uxvr10hludv12s", "25-0000571")	130000	Pembelian Barang dagangan Modular	Ricky Herdhany	Ricky Herdhany - Pembayaran ke 2 Ongkos Pasang Modular di Erorejo, Wadaslintang, Wonosobo	55000000	0
cmtuxivin04v3vr10ao3uo4xs	17 Dec 25	=HYPERLINK("http://localhost:3000/vouchers/cmtuxivii04uxvr10hludv12s", "25-0000571")	220001	Hutang Pph21	Ricky Herdhany	Ricky Herdhany - Pembayaran ke 2 Ongkos Pasang Modular di Butuh Langenrejo, Purworejo dan Erorejo, Wadaslintang, Wonosobo	0	2625000
cmtuxivip04v5vr10fd1eksxl	17 Dec 25	=HYPERLINK("http://localhost:3000/vouchers/cmtuxivii04uxvr10hludv12s", "25-0000571")	100101	Bank BCA 4972579789	Ricky Herdhany	Ricky Herdhany - Pembayaran ke 2 Ongkos Pasang Modular di Butuh Langenrejo, Purworejo dan Erorejo, Wadaslintang, Wonosobo	0	102375000
cmtuxivit04v9vr10p5z09yct	18 Dec 25	=HYPERLINK("http://localhost:3000/vouchers/cmtuxivir04v7vr10066bvu6n", "25-0000572")	181099	Piutang Lain-lain	Daffa Earin Alghazali	Daffa & Ari - Tol Grati	19500	0
cmtuxiviv04vbvr1069o8f1tf	18 Dec 25	=HYPERLINK("http://localhost:3000/vouchers/cmtuxivir04v7vr10066bvu6n", "25-0000572")	181099	Piutang Lain-lain	Daffa Earin Alghazali	Daffa & Ari - Tol Rembang	29000	0
cmtuxiviw04vdvr10gs31lszb	18 Dec 25	=HYPERLINK("http://localhost:3000/vouchers/cmtuxivir04v7vr10066bvu6n", "25-0000572")	181099	Piutang Lain-lain	Daffa Earin Alghazali	Daffa & Ari - Bensin Mobil SPBU Rest Area KM 792 A	330020	0
cmtuxiviy04vfvr10k952fntw	18 Dec 25	=HYPERLINK("http://localhost:3000/vouchers/cmtuxivir04v7vr10066bvu6n", "25-0000572")	181099	Piutang Lain-lain	Daffa Earin Alghazali	Daffa & Ari - Tol Gendong	91000	0
cmtuxivj004vhvr10r16mnqr0	18 Dec 25	=HYPERLINK("http://localhost:3000/vouchers/cmtuxivir04v7vr10066bvu6n", "25-0000572")	181099	Piutang Lain-lain	Daffa Earin Alghazali	Daffa & Ari - Token Listrik Kos Daffa	103000	0
cmtuxivj204vjvr10oiuxuik2	18 Dec 25	=HYPERLINK("http://localhost:3000/vouchers/cmtuxivir04v7vr10066bvu6n", "25-0000572")	181099	Piutang Lain-lain	Daffa Earin Alghazali	Daffa & Ari - Bensin Mobil SPBU Genteng Wetan	300000	0
cmtuxivj404vlvr10tsqxpy0x	18 Dec 25	=HYPERLINK("http://localhost:3000/vouchers/cmtuxivir04v7vr10066bvu6n", "25-0000572")	181099	Piutang Lain-lain	Daffa Earin Alghazali	Daffa & Ari - Bensin Mobil SPBU Genteng Wetan	300000	0
cmtuxivj604vnvr100ejxzgze	18 Dec 25	=HYPERLINK("http://localhost:3000/vouchers/cmtuxivir04v7vr10066bvu6n", "25-0000572")	181099	Piutang Lain-lain	Daffa Earin Alghazali	Daffa & Ari - Bensin Mobil di SPBU Sudirman	300000	0
cmtuxivj804vpvr10zez77yic	18 Dec 25	=HYPERLINK("http://localhost:3000/vouchers/cmtuxivir04v7vr10066bvu6n", "25-0000572")	181099	Piutang Lain-lain	Daffa Earin Alghazali	Daffa & Ari - Token Listrik Kos Ari	101500	0
cmtuxivja04vrvr10bjbc2fro	18 Dec 25	=HYPERLINK("http://localhost:3000/vouchers/cmtuxivir04v7vr10066bvu6n", "25-0000572")	181099	Piutang Lain-lain	Daffa Earin Alghazali	Daffa & Ari - Bensin Mobil SPBU Genteng Wetan	300000	0
cmtuxivjb04vtvr102aoggflc	18 Dec 25	=HYPERLINK("http://localhost:3000/vouchers/cmtuxivir04v7vr10066bvu6n", "25-0000572")	181099	Piutang Lain-lain	Daffa Earin Alghazali	Daffa & Ari - Biaya Parkir Pinggir Jalan	15000	0
cmtuxivjd04vvvr10fy4ll09l	18 Dec 25	=HYPERLINK("http://localhost:3000/vouchers/cmtuxivir04v7vr10066bvu6n", "25-0000572")	181099	Piutang Lain-lain	Daffa Earin Alghazali	Daffa & Ari - Bensin Mobil Genteng Wetan	250000	0
cmtuxivjf04vxvr1075dogito	18 Dec 25	=HYPERLINK("http://localhost:3000/vouchers/cmtuxivir04v7vr10066bvu6n", "25-0000572")	160000	Biaya Dibayar Dimuka Perjalanan Dinas	Daffa Earin Alghazali	Daffa & Ari - Pertanggung Jawaban Cash Advance	0	2139020
cmtuxivjj04w1vr1092r2ijrb	18 Dec 25	=HYPERLINK("http://localhost:3000/vouchers/cmtuxivjh04vzvr10igkulkfd", "25-0000573")	160000	Biaya Dibayar Dimuka Perjalanan Dinas	Daffa Earin Alghazali	Daffa & Ari - Cash Advance	2139020	0
cmtuxivjk04w3vr10p3tcn5wc	18 Dec 25	=HYPERLINK("http://localhost:3000/vouchers/cmtuxivjh04vzvr10igkulkfd", "25-0000573")	100101	Bank BCA 4972579789	Daffa Earin Alghazali	Daffa & Ari - Cash Advance	0	2139020
cmtuxivjo04w7vr10az32l19h	18 Dec 25	=HYPERLINK("http://localhost:3000/vouchers/cmtuxivjm04w5vr10e09e69dn", "25-0000574")	600027	Beban Tenaga Lepas (Individu)	Saji	Saji - Biaya Jaga Modular di Kerek - Parengan, Tuban 14 hari	2800000	0
cmtuxivjp04w9vr10hmbhl9my	18 Dec 25	=HYPERLINK("http://localhost:3000/vouchers/cmtuxivjm04w5vr10e09e69dn", "25-0000574")	100101	Bank BCA 4972579789	Saji	Saji - Biaya Jaga Modular di Kerek - Parengan, Tuban 14 hari	0	2800000
cmtuxivjr04wbvr10zk4kq3oj	18 Dec 25	=HYPERLINK("http://localhost:3000/vouchers/cmtuxivjm04w5vr10e09e69dn", "25-0000574")	600017	Beban Pajak	Saji	Saji - Biaya Jaga Modular di Kerek - Parengan, Tuban 14 hari	70000	0
cmtuxivjt04wdvr10kbj5j3ui	18 Dec 25	=HYPERLINK("http://localhost:3000/vouchers/cmtuxivjm04w5vr10e09e69dn", "25-0000574")	220001	Hutang Pph21	Saji	Saji - Biaya Jaga Modular di Kerek - Parengan, Tuban 14 hari	0	70000
cmtuxivjx04whvr10c8m7esm6	18 Dec 25	=HYPERLINK("http://localhost:3000/vouchers/cmtuxivjv04wfvr10imnp998h", "25-0000575")	600026	Outsourching	PT. Mitra Pinasthika Mustika Rent	PT MPM - Sewa Mobil Zenix INV001PI251204592	7200000	0
cmtuxivjy04wjvr10398irvyf	18 Dec 25	=HYPERLINK("http://localhost:3000/vouchers/cmtuxivjv04wfvr10imnp998h", "25-0000575")	220000	PPN Keluaran	PT. Mitra Pinasthika Mustika Rent	PT MPM - Sewa Mobil Zenix INV001PI251204592	792000	0
cmtuxivk004wlvr10dvs8xmy9	18 Dec 25	=HYPERLINK("http://localhost:3000/vouchers/cmtuxivjv04wfvr10imnp998h", "25-0000575")	220002	Hutang Pph23	PT. Mitra Pinasthika Mustika Rent	PT MPM - Sewa Mobil Zenix INV001PI251204592	0	144000
cmtuxivk204wnvr10pcvlnogs	18 Dec 25	=HYPERLINK("http://localhost:3000/vouchers/cmtuxivjv04wfvr10imnp998h", "25-0000575")	100101	Bank BCA 4972579789	PT. Mitra Pinasthika Mustika Rent	PT MPM - Sewa Mobil Zenix INV001PI251204592	0	7848000
cmtuxivk604wrvr104tb1wus7	18 Dec 25	=HYPERLINK("http://localhost:3000/vouchers/cmtuxivk404wpvr10mqo4cse5", "25-0000576")	600026	Outsourching	PT. Mitra Pinasthika Mustika Rent	PT MPM - Sewa Mobil Avanza Veloz INV001P1251204593	916667	0
cmtuxivk704wtvr10f8x0x5q4	18 Dec 25	=HYPERLINK("http://localhost:3000/vouchers/cmtuxivk404wpvr10mqo4cse5", "25-0000576")	220000	PPN Keluaran	PT. Mitra Pinasthika Mustika Rent	PT MPM - Sewa Mobil Avanza Veloz INV001P1251204593	100833	0
cmtuxivk904wvvr109k9801lb	18 Dec 25	=HYPERLINK("http://localhost:3000/vouchers/cmtuxivk404wpvr10mqo4cse5", "25-0000576")	220002	Hutang Pph23	PT. Mitra Pinasthika Mustika Rent	PT MPM - Sewa Mobil Avanza Veloz INV001P1251204593	0	18333
cmtuxivka04wxvr107er91yu8	18 Dec 25	=HYPERLINK("http://localhost:3000/vouchers/cmtuxivk404wpvr10mqo4cse5", "25-0000576")	100101	Bank BCA 4972579789	PT. Mitra Pinasthika Mustika Rent	PT MPM - Sewa Mobil Avanza Veloz INV001P1251204593	0	999167
cmtuxivkf04x1vr10gcybi8oq	18 Dec 25	=HYPERLINK("http://localhost:3000/vouchers/cmtuxivkc04wzvr106576ruc1", "25-0000577")	130005	Pembelian Barang dangangan Genzet	PT. Anekajaya Langgengsentosa	PT Anekajaya Langgeng Sentosa - Pembelian Genzet 16 Unit x 50jt, (PO 03/PMB/X/2025)	800000000	0
cmtuxivkh04x3vr10zrji80hv	18 Dec 25	=HYPERLINK("http://localhost:3000/vouchers/cmtuxivkc04wzvr106576ruc1", "25-0000577")	220000	PPN Keluaran	PT. Anekajaya Langgengsentosa	PT Anekajaya Langgeng Sentosa - Pembelian Genzet 16 Unit x 50jt, (PO 03/PMB/X/2025)	38500000	0
cmtuxivkk04x7vr102ivtwtn5	18 Dec 25	=HYPERLINK("http://localhost:3000/vouchers/cmtuxivkj04x5vr103jmimuzv", "25-0000578")	120005	Uang Muka Pembelian Genzet	PT. Anekajaya Langgengsentosa	PT. Aneka Jaya Langgeng Sentosa - DP 30% Genset 16 Unit	0	240000000
cmtuxivko04xbvr1051xphpf7	18 Dec 25	=HYPERLINK("http://localhost:3000/vouchers/cmtuxivkm04x9vr10m8ush7jb", "25-0000579")	120005	Uang Muka Pembelian Genzet	PT. Anekajaya Langgengsentosa	PT. Aneka Jaya Langgeng Sentosa - Pembayaran ke 2 Genzet 16 unit	0	210000000
cmtuxivkq04xdvr10547teh65	18 Dec 25	=HYPERLINK("http://localhost:3000/vouchers/cmtuxivkm04x9vr10m8ush7jb", "25-0000579")	210006	Hutang Dagang Pembelian Genzet (Anekajaya Langgeng)	PT. Anekajaya Langgengsentosa	PT Anekajaya Langgeng Sentosa - Pembelian Genzet 16 Unit x 50jt, (PO 03/PMB/X/2025)	0	388500000
cmtuxivkt04xhvr10ql3otjlx	18 Dec 25	=HYPERLINK("http://localhost:3000/vouchers/cmtuxivks04xfvr10m0yya65o", "25-0000580")	120001	Uang Muka Pembelian Alat Alat Dapur	PT. Sankeindo ( BRI )	PT. Sankeindo - JPI/2512.0010 - Tagihan 30% Paket Peralatan Dapur dareah pasuruan 5 titik - PO no 73/PO/PMB/VIII/2025	526331156	0
cmtuxivkv04xjvr10018p6qt6	18 Dec 25	=HYPERLINK("http://localhost:3000/vouchers/cmtuxivks04xfvr10m0yya65o", "25-0000580")	220000	PPN Keluaran	PT. Sankeindo ( BRI )	PT. Sankeindo - JPI/2512.0010 - Tagihan 30% Paket Peralatan Dapur dareah pasuruan 5 titik - PO no 73/PO/PMB/VIII/2025	57896427	0
cmtuxivkx04xlvr10yq5va668	18 Dec 25	=HYPERLINK("http://localhost:3000/vouchers/cmtuxivks04xfvr10m0yya65o", "25-0000580")	210002	Hutang Dagang Pembelian Alat Alat Dapur (Tikno/PT.Sankeindo)	PT. Sankeindo ( BRI )	PT. Sankeindo - JPI/2512.0010 - Tagihan 30% Paket Peralatan Dapur dareah pasuruan 5 titik - PO no 73/PO/PMB/VIII/2025	0	584227583
cmtuxivl004xpvr10kr9xll85	18 Dec 25	=HYPERLINK("http://localhost:3000/vouchers/cmtuxivkz04xnvr10ihufu3se", "25-0000581")	130005	Pembelian Barang dangangan Genzet	PT. Anekajaya Langgengsentosa	PT Anekajaya Langgeng Sentosa - Pelunasan Pembelian Genzet 5 Unit x 50jt (PO/69/PMB/X/2028)	250000000	0
cmtuxivl204xrvr106lw8l8ia	18 Dec 25	=HYPERLINK("http://localhost:3000/vouchers/cmtuxivkz04xnvr10ihufu3se", "25-0000581")	220000	PPN Keluaran	PT. Anekajaya Langgengsentosa	PT Anekajaya Langgeng Sentosa - Pelunasan Pembelian Genzet 5 Unit x 50jt (PO/69/PMB/X/2028)	27500000	0
cmtuxivl404xtvr106o46qri7	18 Dec 25	=HYPERLINK("http://localhost:3000/vouchers/cmtuxivkz04xnvr10ihufu3se", "25-0000581")	210006	Hutang Dagang Pembelian Genzet (Anekajaya Langgeng)	PT. Anekajaya Langgengsentosa	PT Anekajaya Langgeng Sentosa - Pelunasan Pembelian Genzet 5 Unit x 50jt (PO/69/PMB/X/2028)	0	277500000
cmtuxivl704xxvr10q8a1pqzj	19 Dec 25	=HYPERLINK("http://localhost:3000/vouchers/cmtuxivl504xvvr10v1qri93e", "25-0000582")	181099	Piutang Lain-lain	PT. Prima Mira Bersama ( BCA )	BIaya Lain Lain Tukar USD 10.000 Kurs 16.734,15	167341500	0
cmtuxivl904xzvr1067t6583m	19 Dec 25	=HYPERLINK("http://localhost:3000/vouchers/cmtuxivl504xvvr10v1qri93e", "25-0000582")	100101	Bank BCA 4972579789	PT. Prima Mira Bersama ( BCA )	BIaya Lain Lain Tukar USD 10.000 Kurs 16.734,15	0	167341500
cmtuxivld04y3vr10zyedepv5	19 Dec 25	=HYPERLINK("http://localhost:3000/vouchers/cmtuxivlb04y1vr10zglbgv9u", "25-0000583")	120005	Uang Muka Pembelian Genzet	PT. Anekajaya Langgengsentosa	PT. Aneka Jaya Langgeng Sentosa - Pembayaran ke 2 Genzet 16 unit	210000000	0
cmtuxivlf04y5vr1023fxmswk	19 Dec 25	=HYPERLINK("http://localhost:3000/vouchers/cmtuxivlb04y1vr10zglbgv9u", "25-0000583")	220000	PPN Keluaran	PT. Anekajaya Langgengsentosa	PT. Aneka Jaya Langgeng Sentosa - Pembayaran ke 2 Genzet 16 unit	23100000	0
cmtuxivlg04y7vr106ea2j9wb	19 Dec 25	=HYPERLINK("http://localhost:3000/vouchers/cmtuxivlb04y1vr10zglbgv9u", "25-0000583")	100101	Bank BCA 4972579789	PT. Anekajaya Langgengsentosa	PT. Aneka Jaya Langgeng Sentosa - Pembayaran ke 2 Genzet 16 unit	0	233100000
cmtuxivlk04ybvr10syn6tn7t	20 Dec 25	=HYPERLINK("http://localhost:3000/vouchers/cmtuxivli04y9vr10ymxavrl9", "25-0000584")	140001	Pembelian Listrik	PT. Pionir Elektrik Indonesia	PT. Pionir Elektrik Indonesia - INV/967/PEI/DES/2025 - Pembelian Alat Listrik untuk daerah 2 Paket Ponorogo	22475676	0
cmtuxivlm04ydvr10osasq4b9	20 Dec 25	=HYPERLINK("http://localhost:3000/vouchers/cmtuxivli04y9vr10ymxavrl9", "25-0000584")	220000	PPN Keluaran	PT. Pionir Elektrik Indonesia	PT. Pionir Elektrik Indonesia - INV/967/PEI/DES/2025 - Pembelian Alat Listrik untuk daerah 2 Paket Ponorogo	2472324	0
cmtuxivln04yfvr10jz7h1yfb	20 Dec 25	=HYPERLINK("http://localhost:3000/vouchers/cmtuxivli04y9vr10ymxavrl9", "25-0000584")	210011	Hutang Dagang Pembelian Alat Alat Listrik (PT. Pionir Elektrik Indonesia)	PT. Pionir Elektrik Indonesia	PT. Pionir Elektrik Indonesia - INV/967/PEI/DES/2025 - Pembelian Alat Listrik untuk daerah 2 Paket Ponorogo	0	24948000
cmtuxivlr04yjvr10747s1rp4	20 Dec 25	=HYPERLINK("http://localhost:3000/vouchers/cmtuxivlp04yhvr10q46piiuz", "25-0000585")	181099	Piutang Lain-lain	CV. Pionir Elektrik Jakarta	CV. Pionir Elektrik Jakarta - 502/PEJ/DES/2025- PO 75/PO/PMB/X/2025 - Pembelian Alat Listrik 2 Paket untuk daerah Ponorogo	11926000	0
cmtuxivlt04ylvr10qfwbc7tx	20 Dec 25	=HYPERLINK("http://localhost:3000/vouchers/cmtuxivlp04yhvr10q46piiuz", "25-0000585")	210012	Hutang Dagang Pembelian Material & Listrik,Ongkos Kirim (CV. Pionir Elektrik Jakarta)	CV. Pionir Elektrik Jakarta	CV. Pionir Elektrik Jakarta - 502/PEJ/DES/2025- PO 75/PO/PMB/X/2025 - Pembelian Alat Listrik 2 Paket untuk daerah Ponorogo	0	11926000
cmtuxivlx04ypvr10j5u6b75l	22 Dec 25	=HYPERLINK("http://localhost:3000/vouchers/cmtuxivlv04ynvr10vs2q8ywq", "25-0000586")	600014	Beban Listrik	PLN Mobile	PLN Mobile - Listrik Kantor Desember 2025	1000000	0
cmtuxivly04yrvr106vu0kvll	22 Dec 25	=HYPERLINK("http://localhost:3000/vouchers/cmtuxivlv04ynvr10vs2q8ywq", "25-0000586")	720002	Beban Adm.Bank & Buku Cek/Giro	PLN Mobile	PLN Mobile - Listrik Kantor Desember 2025	1750	0
cmtuxivm104ytvr107i5rxw55	22 Dec 25	=HYPERLINK("http://localhost:3000/vouchers/cmtuxivlv04ynvr10vs2q8ywq", "25-0000586")	100101	Bank BCA 4972579789	PLN Mobile	PLN Mobile - Listrik Kantor Desember 2025	0	1001750
cmtuxivm604yxvr10q2pplabh	22 Dec 25	=HYPERLINK("http://localhost:3000/vouchers/cmtuxivm404yvvr10wn36e9vw", "25-0000587")	600015	Beban Perjalanan Dinas	PT. Visi Citrawisata	Visi Citrawisata - Pengurusan Jasa Visa	772000	0
cmtuxivm804yzvr10fcv3qwjz	22 Dec 25	=HYPERLINK("http://localhost:3000/vouchers/cmtuxivm404yvvr10wn36e9vw", "25-0000587")	600026	Outsourching	PT. Visi Citrawisata	Visi Citrawisata - Pengurusan Jasa Visa	336036	0
cmtuxivmb04z1vr10zfvvdn8w	22 Dec 25	=HYPERLINK("http://localhost:3000/vouchers/cmtuxivm404yvvr10wn36e9vw", "25-0000587")	600017	Beban Pajak	PT. Visi Citrawisata	Visi Citrawisata - Pengurusan Jasa Visa	36964	0
cmtuxivmd04z3vr105ur1cg5e	22 Dec 25	=HYPERLINK("http://localhost:3000/vouchers/cmtuxivm404yvvr10wn36e9vw", "25-0000587")	220002	Hutang Pph23	PT. Visi Citrawisata	Visi Citrawisata - Pengurusan Jasa Visa	0	6720
cmtuxivmf04z5vr10gsart4x4	22 Dec 25	=HYPERLINK("http://localhost:3000/vouchers/cmtuxivm404yvvr10wn36e9vw", "25-0000587")	100101	Bank BCA 4972579789	PT. Visi Citrawisata	Visi Citrawisata - Pengurusan Jasa Visa	0	1123840
cmtuxivmg04z7vr10rtjjjsnb	22 Dec 25	=HYPERLINK("http://localhost:3000/vouchers/cmtuxivm404yvvr10wn36e9vw", "25-0000587")	100101	Bank BCA 4972579789	PT. Visi Citrawisata	Visi Citrawisata - Pengurusan Jasa Visa	0	14440
cmtuxivmk04zbvr103ncxseil	22 Dec 25	=HYPERLINK("http://localhost:3000/vouchers/cmtuxivmi04z9vr10gs4xsfdn", "25-0000588")	210007	Hutang Dagang Ongkos Pasang Modular dan material (Ricky/Udraji/Melisa/PT Anugrah Gabung Berdikari Utama)	Udraji Gunawan	Udraji - PPH21 atas pemasangan modular di Kapas dander	250000	0
cmtuxivmm04zdvr10udj91zpw	22 Dec 25	=HYPERLINK("http://localhost:3000/vouchers/cmtuxivmi04z9vr10gs4xsfdn", "25-0000588")	210007	Hutang Dagang Ongkos Pasang Modular dan material (Ricky/Udraji/Melisa/PT Anugrah Gabung Berdikari Utama)	Udraji Gunawan	Udraji - PPH21 atas pemasangan modular di Sladi	125000	0
cmtuxivmo04zfvr10cupin3vw	22 Dec 25	=HYPERLINK("http://localhost:3000/vouchers/cmtuxivmi04z9vr10gs4xsfdn", "25-0000588")	210007	Hutang Dagang Ongkos Pasang Modular dan material (Ricky/Udraji/Melisa/PT Anugrah Gabung Berdikari Utama)	Udraji Gunawan	Udraji - PPH21 atas pemasangan modular di Cobanblimbing	125000	0
cmtuxivmq04zhvr10ag6gqxnm	22 Dec 25	=HYPERLINK("http://localhost:3000/vouchers/cmtuxivmi04z9vr10gs4xsfdn", "25-0000588")	210007	Hutang Dagang Ongkos Pasang Modular dan material (Ricky/Udraji/Melisa/PT Anugrah Gabung Berdikari Utama)	Udraji Gunawan	Udraji - PPH21 atas pemasangan modular di Ambal Ambil	125000	0
cmtuxivmr04zjvr10d7htu0w4	22 Dec 25	=HYPERLINK("http://localhost:3000/vouchers/cmtuxivmi04z9vr10gs4xsfdn", "25-0000588")	210007	Hutang Dagang Ongkos Pasang Modular dan material (Ricky/Udraji/Melisa/PT Anugrah Gabung Berdikari Utama)	Udraji Gunawan	Udraji - PPH21 atas pemasangan modular di Cukurgondang	250000	0
cmtuxivmt04zlvr10e2tq4x8g	22 Dec 25	=HYPERLINK("http://localhost:3000/vouchers/cmtuxivmi04z9vr10gs4xsfdn", "25-0000588")	210007	Hutang Dagang Ongkos Pasang Modular dan material (Ricky/Udraji/Melisa/PT Anugrah Gabung Berdikari Utama)	Udraji Gunawan	Udraji - PPH21 atas pemasangan modular di Sumberdawesi	250000	0
cmtuxivmv04znvr10nclywuoa	22 Dec 25	=HYPERLINK("http://localhost:3000/vouchers/cmtuxivmi04z9vr10gs4xsfdn", "25-0000588")	210007	Hutang Dagang Ongkos Pasang Modular dan material (Ricky/Udraji/Melisa/PT Anugrah Gabung Berdikari Utama)	Udraji Gunawan	Udraji - PPH21 atas pemasangan modular di Sukoharjo	125000	0
cmtuxivmx04zpvr10ungc7jya	22 Dec 25	=HYPERLINK("http://localhost:3000/vouchers/cmtuxivmi04z9vr10gs4xsfdn", "25-0000588")	210007	Hutang Dagang Ongkos Pasang Modular dan material (Ricky/Udraji/Melisa/PT Anugrah Gabung Berdikari Utama)	Udraji Gunawan	Udraji - PPH21 atas pemasangan modular di Watumalang Wonoroto	125000	0
cmtuxivmy04zrvr10z7e0pft4	22 Dec 25	=HYPERLINK("http://localhost:3000/vouchers/cmtuxivmi04z9vr10gs4xsfdn", "25-0000588")	210007	Hutang Dagang Ongkos Pasang Modular dan material (Ricky/Udraji/Melisa/PT Anugrah Gabung Berdikari Utama)	Udraji Gunawan	Udraji - PPH21 atas pemasangan modular di Rojoimo	125000	0
cmtuxivn004ztvr10945xer89	22 Dec 25	=HYPERLINK("http://localhost:3000/vouchers/cmtuxivmi04z9vr10gs4xsfdn", "25-0000588")	210007	Hutang Dagang Ongkos Pasang Modular dan material (Ricky/Udraji/Melisa/PT Anugrah Gabung Berdikari Utama)	Udraji Gunawan	Udraji - PPH21 atas pemasangan modular di Leksono	125000	0
cmtuxivn104zvvr107jqi6nex	22 Dec 25	=HYPERLINK("http://localhost:3000/vouchers/cmtuxivmi04z9vr10gs4xsfdn", "25-0000588")	210007	Hutang Dagang Ongkos Pasang Modular dan material (Ricky/Udraji/Melisa/PT Anugrah Gabung Berdikari Utama)	Udraji Gunawan	Udraji - PPH21 atas pemasangan modular di Langenrejo	125000	0
cmtuxivn304zxvr106970lgsp	22 Dec 25	=HYPERLINK("http://localhost:3000/vouchers/cmtuxivmi04z9vr10gs4xsfdn", "25-0000588")	210007	Hutang Dagang Ongkos Pasang Modular dan material (Ricky/Udraji/Melisa/PT Anugrah Gabung Berdikari Utama)	Udraji Gunawan	Udraji - PPH21 atas pemasangan modular di Erorejo	125000	0
cmtuxivn504zzvr10uqsiulr2	22 Dec 25	=HYPERLINK("http://localhost:3000/vouchers/cmtuxivmi04z9vr10gs4xsfdn", "25-0000588")	220001	Hutang Pph21	Udraji Gunawan	Udraji - PPH21 atas pemasangan modular di Bojonegoro,Tuban dan pasuruan	0	1875000
cmtuxivn90503vr10s62yf6xz	22 Dec 25	=HYPERLINK("http://localhost:3000/vouchers/cmtuxivn70501vr101pv1xcr9", "25-0000589")	150007	Ongkos Pasang Talang Air	Udraji Gunawan	Udraji - Pemasangan Talang Air Langenrejo	2500000	0
cmtuxivna0505vr10s4s4a0l3	22 Dec 25	=HYPERLINK("http://localhost:3000/vouchers/cmtuxivn70501vr101pv1xcr9", "25-0000589")	150007	Ongkos Pasang Talang Air	Udraji Gunawan	Udraji - Pemasangan Talang Air Erorejo	2500000	0
cmtuxivnc0507vr10ea2p9gte	22 Dec 25	=HYPERLINK("http://localhost:3000/vouchers/cmtuxivn70501vr101pv1xcr9", "25-0000589")	150007	Ongkos Pasang Talang Air	Udraji Gunawan	Udraji - Pemasangan Talang Air Leksono	2500000	0
cmtuxivne0509vr10lu9kcbcx	22 Dec 25	=HYPERLINK("http://localhost:3000/vouchers/cmtuxivn70501vr101pv1xcr9", "25-0000589")	150007	Ongkos Pasang Talang Air	Udraji Gunawan	Udraji - Pemasangan Talang Air Watumalang Wonoroto	2500000	0
cmtuxivng050bvr10d2t1kp2e	22 Dec 25	=HYPERLINK("http://localhost:3000/vouchers/cmtuxivn70501vr101pv1xcr9", "25-0000589")	150007	Ongkos Pasang Talang Air	Udraji Gunawan	Udraji - Pemasangan Talang Air Leksono	2500000	0
cmtuxivnh050dvr100g18po5u	22 Dec 25	=HYPERLINK("http://localhost:3000/vouchers/cmtuxivn70501vr101pv1xcr9", "25-0000589")	150007	Ongkos Pasang Talang Air	Udraji Gunawan	Udraji - Pemasangan Talang Air Sukoharjo	2500000	0
cmtuxivnj050fvr100x27tamn	22 Dec 25	=HYPERLINK("http://localhost:3000/vouchers/cmtuxivn70501vr101pv1xcr9", "25-0000589")	220001	Hutang Pph21	Udraji Gunawan	Udraji - Pemasangan Talang Air Langenrejo, Erorejo, Leksono,watumalang,leksono,sukoharjo	0	375000
cmtuxivnl050hvr10mdnmnns5	22 Dec 25	=HYPERLINK("http://localhost:3000/vouchers/cmtuxivn70501vr101pv1xcr9", "25-0000589")	210007	Hutang Dagang Ongkos Pasang Modular dan material (Ricky/Udraji/Melisa/PT Anugrah Gabung Berdikari Utama)	Udraji Gunawan	Udraji - Pemasangan Talang Air Langenrejo, Erorejo, Leksono,watumalang,leksono,sukoharjo	0	14625000
cmtuxivno050lvr1078zd4mrw	23 Dec 25	=HYPERLINK("http://localhost:3000/vouchers/cmtuxivnn050jvr103nl3ktmk", "25-0000590")	600002	Beban Tunjangan Transport	Darell Karya	Darrel Karya - Reimbursement Biaya Transport	500000	0
cmtuxivnq050nvr10b8r99uqt	23 Dec 25	=HYPERLINK("http://localhost:3000/vouchers/cmtuxivnn050jvr103nl3ktmk", "25-0000590")	100101	Bank BCA 4972579789	Darell Karya	Darrel Karya - Reimbursement Biaya Transport	0	500000
cmtuxivnu050rvr10utwc0ufq	23 Dec 25	=HYPERLINK("http://localhost:3000/vouchers/cmtuxivns050pvr109nkiggzr", "25-0000591")	600018	Beban Materai	Marcellino Christian	Materai Tempel 50 Pcs	500000	0
cmtuxivnw050tvr10rsi9l21f	23 Dec 25	=HYPERLINK("http://localhost:3000/vouchers/cmtuxivns050pvr109nkiggzr", "25-0000591")	600100	Keperluan Dapur	Marcellino Christian	Aqua Galon	21000	0
cmtuxivnx050vvr10cxfbw6kr	23 Dec 25	=HYPERLINK("http://localhost:3000/vouchers/cmtuxivns050pvr109nkiggzr", "25-0000591")	600016	Beban Perlengkapan Kantor	Marcellino Christian	Kenmaster Plaschamois	21590	0
cmtuxivnz050xvr10mtiwwny9	23 Dec 25	=HYPERLINK("http://localhost:3000/vouchers/cmtuxivns050pvr109nkiggzr", "25-0000591")	600100	Keperluan Dapur	Marcellino Christian	Aqua Galon	22000	0
cmtuxivo1050zvr10m2q4p52c	23 Dec 25	=HYPERLINK("http://localhost:3000/vouchers/cmtuxivns050pvr109nkiggzr", "25-0000591")	600100	Keperluan Dapur	Marcellino Christian	Kantong Kresek 1 Pak	15000	0
cmtuxivo30511vr10lt8npv51	23 Dec 25	=HYPERLINK("http://localhost:3000/vouchers/cmtuxivns050pvr109nkiggzr", "25-0000591")	600100	Keperluan Dapur	Marcellino Christian	Tissue 10 Pack	60000	0
cmtuxivo40513vr10tpd99n7o	23 Dec 25	=HYPERLINK("http://localhost:3000/vouchers/cmtuxivns050pvr109nkiggzr", "25-0000591")	600100	Keperluan Dapur	Marcellino Christian	Stereofoam	10000	0
cmtuxivo60515vr105yicw2hg	23 Dec 25	=HYPERLINK("http://localhost:3000/vouchers/cmtuxivns050pvr109nkiggzr", "25-0000591")	600016	Beban Perlengkapan Kantor	Marcellino Christian	Kertas A4 1 Rim	50000	0
cmtuxivo80517vr109t5bn6yz	23 Dec 25	=HYPERLINK("http://localhost:3000/vouchers/cmtuxivns050pvr109nkiggzr", "25-0000591")	600016	Beban Perlengkapan Kantor	Marcellino Christian	Stopkontak	83500	0
cmtuxivoa0519vr10dg2nu6ls	23 Dec 25	=HYPERLINK("http://localhost:3000/vouchers/cmtuxivns050pvr109nkiggzr", "25-0000591")	600100	Keperluan Dapur	Marcellino Christian	Aqua Dus Botol	40000	0
cmtuxivob051bvr104zhtkmkg	23 Dec 25	=HYPERLINK("http://localhost:3000/vouchers/cmtuxivns050pvr109nkiggzr", "25-0000591")	600016	Beban Perlengkapan Kantor	Marcellino Christian	Kalkulator	60000	0
cmtuxivod051dvr10qh9icyli	23 Dec 25	=HYPERLINK("http://localhost:3000/vouchers/cmtuxivns050pvr109nkiggzr", "25-0000591")	100000	Kas	Marcellino Christian	Marcello - Pertanggungjawaban Pengisian Kas Kantor	0	883090
cmtuxivof051fvr10dxj5dtk0	23 Dec 25	=HYPERLINK("http://localhost:3000/vouchers/cmtuxivns050pvr109nkiggzr", "25-0000591")	100000	Kas	Marcellino Christian	Marcello - Pertanggungjawaban Pengisian Kas Kantor	883090	0
cmtuxivog051hvr106w6d68x2	23 Dec 25	=HYPERLINK("http://localhost:3000/vouchers/cmtuxivns050pvr109nkiggzr", "25-0000591")	100101	Bank BCA 4972579789	Marcellino Christian	Marcello - Pengisian Kas Kantor	0	883090
cmtuxivok051lvr107mi1zgwc	23 Dec 25	=HYPERLINK("http://localhost:3000/vouchers/cmtuxivoi051jvr10c2htgckb", "25-0000592")	600022	Beban Pengiriman Dokumen	Rizky Yustisiawan Sitanggang	Rizky - Reimbursement Kirim Dokumen Ke China	926000	0
cmtuxivom051nvr10df4vzuz0	23 Dec 25	=HYPERLINK("http://localhost:3000/vouchers/cmtuxivoi051jvr10c2htgckb", "25-0000592")	100101	Bank BCA 4972579789	Rizky Yustisiawan Sitanggang	Rizky - Reimbursement Kirim Dokumen Ke China	0	926000
cmtuxivoq051rvr10q5iu0bhp	23 Dec 25	=HYPERLINK("http://localhost:3000/vouchers/cmtuxivoo051pvr10n7ady15x", "25-0000593")	100101	Bank BCA 4972579789	Djony Sudarto Wiratmo	Djoni Sudarto Wira - Pengembalian pajak pengurusan visa	175000	0
cmtuxivor051tvr10wpci0eg9	23 Dec 25	=HYPERLINK("http://localhost:3000/vouchers/cmtuxivoo051pvr10n7ady15x", "25-0000593")	160004	Biaya Dibayar Dimuka PT PRABU	Djony Sudarto Wiratmo	Djoni Sudarto Wira - Pengembalian pajak pengurusan visa	0	175000
cmtuxivov051xvr10q7n41a6s	23 Dec 25	=HYPERLINK("http://localhost:3000/vouchers/cmtuxivot051vvr10bovfm0py", "25-0000594")	720002	Beban Adm.Bank & Buku Cek/Giro	PT. Prima Mira Bersama ( BCA )	Bank BCA - Adm Bank	50000	0
cmtuxivox051zvr1053kbctm6	23 Dec 25	=HYPERLINK("http://localhost:3000/vouchers/cmtuxivot051vvr10bovfm0py", "25-0000594")	100101	Bank BCA 4972579789	PT. Prima Mira Bersama ( BCA )	Bank BCA - Adm Bank	0	50000
cmtuxivoz0521vr10ks4sczwz	23 Dec 25	=HYPERLINK("http://localhost:3000/vouchers/cmtuxivot051vvr10bovfm0py", "25-0000594")	720002	Beban Adm.Bank & Buku Cek/Giro	PT. Prima Mira Bersama ( BCA )	Bank BCA - Adm Bank	50000	0
cmtuxivp00523vr10whr909v4	23 Dec 25	=HYPERLINK("http://localhost:3000/vouchers/cmtuxivot051vvr10bovfm0py", "25-0000594")	100101	Bank BCA 4972579789	PT. Prima Mira Bersama ( BCA )	Bank BCA - Adm Bank	0	50000
cmtuxivp50527vr10o0vmge85	23 Dec 25	=HYPERLINK("http://localhost:3000/vouchers/cmtuxivp20525vr10ynuozwa4", "25-0000595")	140001	Pembelian Listrik	PT. Pionir Elektrik Indonesia	PT. Pionir Elektrik Indonesia - INV/972/PEI/DES/2025 - Pembelian Alat Listrik untuk daerah 8 Paket Banyuwangi (6 Banyuwangi & 2 Situbondo)	89902703	0
cmtuxivp60529vr10nyqufjht	23 Dec 25	=HYPERLINK("http://localhost:3000/vouchers/cmtuxivp20525vr10ynuozwa4", "25-0000595")	220000	PPN Keluaran	PT. Pionir Elektrik Indonesia	PT. Pionir Elektrik Indonesia - INV/972/PEI/DES/2025 - Pembelian Alat Listrik untuk daerah 8 Paket Banyuwangi	9889297	0
cmtuxivp8052bvr105g2sztis	23 Dec 25	=HYPERLINK("http://localhost:3000/vouchers/cmtuxivp20525vr10ynuozwa4", "25-0000595")	210011	Hutang Dagang Pembelian Alat Alat Listrik (PT. Pionir Elektrik Indonesia)	PT. Pionir Elektrik Indonesia	PT. Pionir Elektrik Indonesia - INV/972/PEI/DES/2025 - Pembelian Alat Listrik untuk daerah 8 Paket Banyuwangi	0	99792000
cmtuxivpb052fvr102sc8le00	23 Dec 25	=HYPERLINK("http://localhost:3000/vouchers/cmtuxivp9052dvr109vp4cscx", "25-0000596")	181099	Piutang Lain-lain	CV. Pionir Elektrik Jakarta	CV. Pionir Elektrik Jakarta - PO no 77/PO/PMB/X/2025 - Faktur no 511/PEJ/DES/2025- Pembelian Alat Alat Listrik 8 Paket Banyuwangi (6 Banyuwangi & 2 Situbondo)	47704000	0
cmtuxivpd052hvr10tcd639c4	23 Dec 25	=HYPERLINK("http://localhost:3000/vouchers/cmtuxivp9052dvr109vp4cscx", "25-0000596")	210012	Hutang Dagang Pembelian Material & Listrik,Ongkos Kirim (CV. Pionir Elektrik Jakarta)	CV. Pionir Elektrik Jakarta	CV. Pionir Elektrik Jakarta - PO no 77/PO/PMB/X/2025 - Faktur no 511/PEJ/DES/2025- Pembelian Alat Alat Listrik 8 Paket Banyuwangi	0	47704000
cmtuxivph052lvr10n5wpsama	23 Dec 25	=HYPERLINK("http://localhost:3000/vouchers/cmtuxivpf052jvr1091xjs8lz", "25-0000597")	150004	Ongkos Kirim	CV. Pionir Elektrik Jakarta	CV. Pionir Elektrik Jakarta - 512/PEJ/DES/2025- Ongkos Kirim 2 Paket Ponorogo dan 8 Paket Bunyuwangi	2981000	0
cmtuxivpi052nvr10y5ry65rk	23 Dec 25	=HYPERLINK("http://localhost:3000/vouchers/cmtuxivpf052jvr1091xjs8lz", "25-0000597")	220002	Hutang Pph23	CV. Pionir Elektrik Jakarta	CV. Pionir Elektrik Jakarta - 512/PEJ/DES/2025- Ongkos Kirim 2 Paket Ponorogo dan 8 Paket Bunyuwangi	0	59620
cmtuxivpk052pvr10b2715die	23 Dec 25	=HYPERLINK("http://localhost:3000/vouchers/cmtuxivpf052jvr1091xjs8lz", "25-0000597")	210012	Hutang Dagang Pembelian Material & Listrik,Ongkos Kirim (CV. Pionir Elektrik Jakarta)	CV. Pionir Elektrik Jakarta	CV. Pionir Elektrik Jakarta - 512/PEJ/DES/2025- Ongkos Kirim 2 Paket Ponorogo dan 8 Paket Bunyuwangi	0	2921380
cmtuxivpq052uvr10h2uzqawo	25 Dec 25	=HYPERLINK("http://localhost:3000/vouchers/cmtuxivpo052svr10alosryz3", "25-0000598")	720002	Beban Adm.Bank & Buku Cek/Giro	PT Prima Mira Bersama (BRI)	Bank BRI - Minimum Balance Fee	35000	0
cmtuxivps052wvr105dun2ka4	25 Dec 25	=HYPERLINK("http://localhost:3000/vouchers/cmtuxivpo052svr10alosryz3", "25-0000598")	100100	Bank BRI 0509 0100 3205 300	PT Prima Mira Bersama (BRI)	Bank BRI - Minimum Balance Fee	0	35000
cmtuxivpu052yvr104y9yt62s	25 Dec 25	=HYPERLINK("http://localhost:3000/vouchers/cmtuxivpo052svr10alosryz3", "25-0000598")	720002	Beban Adm.Bank & Buku Cek/Giro	PT Prima Mira Bersama (BRI)	Bank BRI - Monthly Fee ATM	5000	0
cmtuxivpv0530vr10n36dpzjv	25 Dec 25	=HYPERLINK("http://localhost:3000/vouchers/cmtuxivpo052svr10alosryz3", "25-0000598")	100100	Bank BRI 0509 0100 3205 300	PT Prima Mira Bersama (BRI)	Bank BRI - Monthly Fee ATM	0	5000
cmtuxivpz0534vr103iiz3hji	27 Dec 25	=HYPERLINK("http://localhost:3000/vouchers/cmtuxivpx0532vr10gqh66osk", "25-0000599")	150004	Ongkos Kirim	PT. Megah Surya Transportasindo	PT. Megah Surya Transportasindo - MST 2236/XII/25 - ongkos Kirim Tray Food ke daerah Gempol, Kejapanan, Pasuruan	18000000	0
cmtuxivq10536vr104jqo7fbs	27 Dec 25	=HYPERLINK("http://localhost:3000/vouchers/cmtuxivpx0532vr10gqh66osk", "25-0000599")	220002	Hutang Pph23	PT. Megah Surya Transportasindo	PT. Megah Surya Transportasindo - MST 2236/XII/25 - ongkos Kirim Tray Food ke daerah Gempol, Kejapanan, Pasuruan	0	360000
cmtuxivq20538vr10lj7dnobk	27 Dec 25	=HYPERLINK("http://localhost:3000/vouchers/cmtuxivpx0532vr10gqh66osk", "25-0000599")	210014	Hutang Ongkos Kirim PT. Megah Surya Transportasindo	PT. Megah Surya Transportasindo	PT. Megah Surya Transportasindo - MST 2236/XII/25 - ongkos Kirim Tray Food ke daerah Gempol, Kejapanan, Pasuruan	0	17640000
cmtuxivq6053cvr10zk1etg9l	29 Dec 25	=HYPERLINK("http://localhost:3000/vouchers/cmtuxivq4053avr10y5vtl0m8", "25-0000600")	181099	Piutang Lain-lain	Darell Karya	Darrel Karya - Reimbursement Biaya Operasional ke Surabaya	826929	0
cmtuxivq8053evr10i7bosu5k	29 Dec 25	=HYPERLINK("http://localhost:3000/vouchers/cmtuxivq4053avr10y5vtl0m8", "25-0000600")	100101	Bank BCA 4972579789	Darell Karya	Darrel Karya - Reimbursement Biaya Operasional ke Surabaya	0	826929
cmtuxivqb053ivr10dddxh8hg	29 Dec 25	=HYPERLINK("http://localhost:3000/vouchers/cmtuxivqa053gvr10kfo652np", "25-0000601")	600003	Beban Tunjangan Tempat Tinggal	Daffa Earin Alghazali	Daffa - Kos Surveyer Bulan Desember di Banyuwangi	1200000	0
cmtuxivqd053kvr1086rujaf8	29 Dec 25	=HYPERLINK("http://localhost:3000/vouchers/cmtuxivqa053gvr10kfo652np", "25-0000601")	600003	Beban Tunjangan Tempat Tinggal	Daffa Earin Alghazali	Daffa - Biaya Listrik Kos Surveyer Desember di Banyuwangi	150000	0
cmtuxivqe053mvr1041t0a9bf	29 Dec 25	=HYPERLINK("http://localhost:3000/vouchers/cmtuxivqa053gvr10kfo652np", "25-0000601")	600003	Beban Tunjangan Tempat Tinggal	Daffa Earin Alghazali	Ari - Kos Surveyer Bulan Desember di Banyuwangi	1200000	0
cmtuxivqg053ovr1043b0ysc5	29 Dec 25	=HYPERLINK("http://localhost:3000/vouchers/cmtuxivqa053gvr10kfo652np", "25-0000601")	600003	Beban Tunjangan Tempat Tinggal	Daffa Earin Alghazali	Ari - Biaya Listrik Kos Surveyer Desember di Banyuwangi	150000	0
cmtuxivqi053qvr104y3psc8z	29 Dec 25	=HYPERLINK("http://localhost:3000/vouchers/cmtuxivqa053gvr10kfo652np", "25-0000601")	100101	Bank BCA 4972579789	Daffa Earin Alghazali	Daffa Earin - Kos dan Listrik Surveyer Desember di Banyuwangi	0	2700000
cmtuxivqm053uvr10xcfzutrs	29 Dec 25	=HYPERLINK("http://localhost:3000/vouchers/cmtuxivqk053svr10tlrys8l0", "25-0000602")	150005	Biaya Langsir, Jaga Malam, ongkos bongkar	Mujiono	Mujiono -- Biaya Bongkar Kitchen Set di Bojonegoro-Tuban	3000000	0
cmtuxivqo053wvr104ornkcgj	29 Dec 25	=HYPERLINK("http://localhost:3000/vouchers/cmtuxivqk053svr10tlrys8l0", "25-0000602")	150005	Biaya Langsir, Jaga Malam, ongkos bongkar	Mujiono	Mujiono - Biaya Bongkar Genzet + KItchen Set di Bojonegoro-Tuban	4200000	0
cmtuxivqq053yvr1009xjksau	29 Dec 25	=HYPERLINK("http://localhost:3000/vouchers/cmtuxivqk053svr10tlrys8l0", "25-0000602")	100101	Bank BCA 4972579789	Mujiono	Mujiono - Biaya Bongkar Kitchen Set dan Genzet + KItchen Set di Bojonegoro-Tuban	0	7200000
cmtuxivqs0540vr102q8b5oi2	29 Dec 25	=HYPERLINK("http://localhost:3000/vouchers/cmtuxivqk053svr10tlrys8l0", "25-0000602")	720002	Beban Adm.Bank & Buku Cek/Giro	Mujiono	BIaya Admin - Bifast txn Ke Mujiono	2500	0
cmtuxivqu0542vr10wm7du1qv	29 Dec 25	=HYPERLINK("http://localhost:3000/vouchers/cmtuxivqk053svr10tlrys8l0", "25-0000602")	100101	Bank BCA 4972579789	Mujiono	BIaya Admin - Bifast txn Ke Mujiono	0	2500
cmtuxivqw0544vr10sahu6m9f	29 Dec 25	=HYPERLINK("http://localhost:3000/vouchers/cmtuxivqk053svr10tlrys8l0", "25-0000602")	600017	Beban Pajak	Mujiono	Mujiono - Biaya Bongkar Kitchen Set dan Genzet + KItchen Set di Bojonegoro-Tuban	180000	0
cmtuxivqx0546vr10bhriel6r	29 Dec 25	=HYPERLINK("http://localhost:3000/vouchers/cmtuxivqk053svr10tlrys8l0", "25-0000602")	220001	Hutang Pph21	Mujiono	Mujiono - Biaya Bongkar Kitchen Set dan Genzet + KItchen Set di Bojonegoro-Tuban	0	180000
cmtuxivr1054avr10l8lqocah	29 Dec 25	=HYPERLINK("http://localhost:3000/vouchers/cmtuxivqz0548vr10sc4h5sny", "25-0000603")	100101	Bank BCA 4972579789	PT. Prima Mira Bersama ( BCA )	Pinjaman ke William Ong	200000000	0
cmtuxivr3054cvr10yibij65u	29 Dec 25	=HYPERLINK("http://localhost:3000/vouchers/cmtuxivqz0548vr10sc4h5sny", "25-0000603")	230000	Hutang Pemegang Saham William Ong	PT. Prima Mira Bersama ( BCA )	Pinjaman dari Wlliam Ong	0	200000000
cmtuxivr6054gvr105fkot7kg	30 Dec 25	=HYPERLINK("http://localhost:3000/vouchers/cmtuxivr4054evr104elaowui", "25-0000604")	600001	Beban Gaji	PT. Prima Mira Bersama ( BCA )	Karyawan - Gaji bulan desember 2025	88450000	0
cmtuxivr8054ivr10t2p3coxw	30 Dec 25	=HYPERLINK("http://localhost:3000/vouchers/cmtuxivr4054evr104elaowui", "25-0000604")	100101	Bank BCA 4972579789	PT. Prima Mira Bersama ( BCA )	Karyawan - Gaji bulan desember 2025	0	88450000
cmtuxivrc054mvr10x1ix72to	30 Dec 25	=HYPERLINK("http://localhost:3000/vouchers/cmtuxivra054kvr10wzxi9sqt", "25-0000605")	100101	Bank BCA 4972579789	PT. Prima Mira Bersama ( BCA )	CV Sartika - Pembayaran ke 2 Pembelian Sarana dan Prasarana SPPG di Plumpang dan Merakurak, Tuban	1980783293	0
cmtuxivrf054qvr1000tzlwpc	30 Dec 25	=HYPERLINK("http://localhost:3000/vouchers/cmtuxivrd054ovr10dkgjc4dc", "25-0000606")	181099	Piutang Lain-lain	PT. Prima Mira Bersama ( BCA )	CV Sartika - Pinjaman DSRA Ke Yayasan Kasih Harum Tuban (2 Titik) SPPG Sambonggede, Kec. Merakurak, Kab. Tuban dan SPPG Penindon, Kec. Plumpang, Kab. Tuban	500000000	0
cmtuxivrj054uvr10yh2nhgf1	30 Dec 25	=HYPERLINK("http://localhost:3000/vouchers/cmtuxivrh054svr103cvgnbwm", "25-0000607")	110001	Piutang Usaha CV Sartika	PT. Prima Mira Bersama ( BCA )	CV Sartika - Pembayaran ke 2 Pembelian Sarana dan Prasarana SPPG di Plumpang dan Merakurak, Tuban	0	2480783293
cmtuxivrs054yvr108hs044tf	30 Dec 25	=HYPERLINK("http://localhost:3000/vouchers/cmtuxivrl054wvr100fip74d9", "25-0000608")	100103	Bank BTN 0016201300012008	PT. Prima Mira Bersama ( BTN )	Pindah Buku dari BCA ke BTN	1000000	0
cmtuxivrv0550vr107lo9re47	30 Dec 25	=HYPERLINK("http://localhost:3000/vouchers/cmtuxivrl054wvr100fip74d9", "25-0000608")	100101	Bank BCA 4972579789	PT. Prima Mira Bersama ( BTN )	Pindah Buku dari BCA ke BTN	0	1000000
cmtuxivry0552vr10q7kudiwt	30 Dec 25	=HYPERLINK("http://localhost:3000/vouchers/cmtuxivrl054wvr100fip74d9", "25-0000608")	720002	Beban Adm.Bank & Buku Cek/Giro	PT. Prima Mira Bersama ( BTN )	BIaya Admin - Pindah Buku dari BCA ke BTN	2500	0
cmtuxivrz0554vr10c5qhrsna	30 Dec 25	=HYPERLINK("http://localhost:3000/vouchers/cmtuxivrl054wvr100fip74d9", "25-0000608")	100101	Bank BCA 4972579789	PT. Prima Mira Bersama ( BTN )	BIaya Admin - Pindah Buku dari BCA ke BTN	0	2500
cmtuxivs30558vr10nb2daifi	30 Dec 25	=HYPERLINK("http://localhost:3000/vouchers/cmtuxivs10556vr10mbpp4qwv", "25-0000609")	181099	Piutang Lain-lain	Deny Setiyana	Deny Setiyana - Pinjaman Operasional	8000000	0
cmtuxivs5055avr10myegayo5	30 Dec 25	=HYPERLINK("http://localhost:3000/vouchers/cmtuxivs10556vr10mbpp4qwv", "25-0000609")	100101	Bank BCA 4972579789	Deny Setiyana	Deny Setiyana - Pinjaman Operasional	0	8000000
cmtuxivs7055cvr105b0xyyuh	30 Dec 25	=HYPERLINK("http://localhost:3000/vouchers/cmtuxivs10556vr10mbpp4qwv", "25-0000609")	720002	Beban Adm.Bank & Buku Cek/Giro	Deny Setiyana	Deny Setiyana - Pinjaman Operasional	2500	0
cmtuxivs8055evr101l75cahk	30 Dec 25	=HYPERLINK("http://localhost:3000/vouchers/cmtuxivs10556vr10mbpp4qwv", "25-0000609")	100101	Bank BCA 4972579789	Deny Setiyana	Deny Setiyana - Pinjaman Operasional	0	2500
cmtuxivsc055ivr10v8ulroj3	30 Dec 25	=HYPERLINK("http://localhost:3000/vouchers/cmtuxivsa055gvr10wkrn3cdb", "25-0000610")	181099	Piutang Lain-lain	Mujiono	Mujiono - Pinjaman Operasional	1000000	0
cmtuxivsd055kvr109rul91cl	30 Dec 25	=HYPERLINK("http://localhost:3000/vouchers/cmtuxivsa055gvr10wkrn3cdb", "25-0000610")	100101	Bank BCA 4972579789	Mujiono	Mujiono - Pinjaman Operasional	0	1000000
cmtuxivsf055mvr10ri1o2bb5	30 Dec 25	=HYPERLINK("http://localhost:3000/vouchers/cmtuxivsa055gvr10wkrn3cdb", "25-0000610")	720002	Beban Adm.Bank & Buku Cek/Giro	Mujiono	Mujiono - Pinjaman Operasional	2500	0
cmtuxivsh055ovr100j7aq5ja	30 Dec 25	=HYPERLINK("http://localhost:3000/vouchers/cmtuxivsa055gvr10wkrn3cdb", "25-0000610")	100101	Bank BCA 4972579789	Mujiono	Mujiono - Pinjaman Operasional	0	2500
cmtuxivsl055svr10y0iyttu0	30 Dec 25	=HYPERLINK("http://localhost:3000/vouchers/cmtuxivsj055qvr10d3ffs1tx", "25-0000611")	600016	Beban Perlengkapan Kantor	Rizky Yustisiawan Sitanggang	Rizky - Kopi Nespresso	685000	0
cmtuxivsn055uvr10ojk5vscn	30 Dec 25	=HYPERLINK("http://localhost:3000/vouchers/cmtuxivsj055qvr10d3ffs1tx", "25-0000611")	600016	Beban Perlengkapan Kantor	Rizky Yustisiawan Sitanggang	Rizky - Stempel	75000	0
cmtuxivsp055wvr10rvwvjq7a	30 Dec 25	=HYPERLINK("http://localhost:3000/vouchers/cmtuxivsj055qvr10d3ffs1tx", "25-0000611")	181099	Piutang Lain-lain	Rizky Yustisiawan Sitanggang	Rizky - Parkir Wisma BCA	4000	0
cmtuxivsr055yvr10558wptop	30 Dec 25	=HYPERLINK("http://localhost:3000/vouchers/cmtuxivsj055qvr10d3ffs1tx", "25-0000611")	181099	Piutang Lain-lain	Rizky Yustisiawan Sitanggang	Rizky - Parkir Aeon Mall BSD	5000	0
cmtuxivss0560vr10uxlcj7e5	30 Dec 25	=HYPERLINK("http://localhost:3000/vouchers/cmtuxivsj055qvr10d3ffs1tx", "25-0000611")	100101	Bank BCA 4972579789	Rizky Yustisiawan Sitanggang	Rizky - Reimbursement Pembelian Keperluan Kantor	0	769000
cmtuxivsw0564vr1028wsgoti	30 Dec 25	=HYPERLINK("http://localhost:3000/vouchers/cmtuxivsu0562vr10maexy5ic", "25-0000612")	150000	Ongkos Pasang Modular	Ade Tatang	Ade Tatang - Pekerjaan Tambahan Mob Demob Material di titik Kejapanan	2000000	0
cmtuxivsx0566vr109645kh20	30 Dec 25	=HYPERLINK("http://localhost:3000/vouchers/cmtuxivsu0562vr10maexy5ic", "25-0000612")	150000	Ongkos Pasang Modular	Ade Tatang	Ade Tatang - Pekerjaan Tambahan Mob Demob Material di titik Jeruk Purut	2000000	0
cmtuxivt00568vr10jo5soh5b	30 Dec 25	=HYPERLINK("http://localhost:3000/vouchers/cmtuxivsu0562vr10maexy5ic", "25-0000612")	150000	Ongkos Pasang Modular	Ade Tatang	Ade Tatang - Pekerjaan Tambahan Mob Demob Material di titik Kedung Banteng	2000000	0
cmtuxivt1056avr10cqjs46t6	30 Dec 25	=HYPERLINK("http://localhost:3000/vouchers/cmtuxivsu0562vr10maexy5ic", "25-0000612")	150000	Ongkos Pasang Modular	Ade Tatang	Ade Tatang - Pekerjaan Tambahan Mob Demob Material di titik Kalirejo 1	2000000	0
cmtuxivt3056cvr10k4q8gkf6	30 Dec 25	=HYPERLINK("http://localhost:3000/vouchers/cmtuxivsu0562vr10maexy5ic", "25-0000612")	150000	Ongkos Pasang Modular	Ade Tatang	Ade Tatang - Pekerjaan Tambahan Mob Demob Material di titik Kalirejo 2	2000000	0
cmtuxivt5056evr10mc9boh0n	30 Dec 25	=HYPERLINK("http://localhost:3000/vouchers/cmtuxivsu0562vr10maexy5ic", "25-0000612")	220001	Hutang Pph21	Ade Tatang	Ade Tatang - Pekerjaan Tambahan Mob Demob Material di titik Kejapanan, Jeruk Purut, Kedung Banteng, Kalirejo 1 dan Kalirejo 2	0	250000
cmtuxivt6056gvr10uhv44mob	30 Dec 25	=HYPERLINK("http://localhost:3000/vouchers/cmtuxivsu0562vr10maexy5ic", "25-0000612")	100101	Bank BCA 4972579789	Ade Tatang	Ade Tatang - Pekerjaan Tambahan Mob Demob Material di titik Kejapanan, Jeruk Purut, Kedung Banteng, Kalirejo 1 dan Kalirejo 2	0	9750000
cmtuxivt8056ivr103zacdmnk	30 Dec 25	=HYPERLINK("http://localhost:3000/vouchers/cmtuxivsu0562vr10maexy5ic", "25-0000612")	720002	Beban Adm.Bank & Buku Cek/Giro	Ade Tatang	Biaya Admin - Bi Fast Txn ke Ade tatang	2500	0
cmtuxivta056kvr10654ajuwb	30 Dec 25	=HYPERLINK("http://localhost:3000/vouchers/cmtuxivsu0562vr10maexy5ic", "25-0000612")	100101	Bank BCA 4972579789	Ade Tatang	Biaya Admin - Bi Fast Txn ke Ade tatang	0	2500
cmtuxivte056ovr10y4l7r8pq	30 Dec 25	=HYPERLINK("http://localhost:3000/vouchers/cmtuxivtc056mvr10g4ei8oul", "25-0000613")	150000	Ongkos Pasang Modular	Ade Tatang	Ade Tatang - Pekerjaan Tambahan Mob Demob Material di titik Sembung	15000000	0
cmtuxivtf056qvr10fmzsps6a	30 Dec 25	=HYPERLINK("http://localhost:3000/vouchers/cmtuxivtc056mvr10g4ei8oul", "25-0000613")	150000	Ongkos Pasang Modular	Ade Tatang	Ade Tatang - Pekerjaan Tambahan Mob Demob Material di titik Sambonggede	15000000	0
cmtuxivth056svr10j4a9igce	30 Dec 25	=HYPERLINK("http://localhost:3000/vouchers/cmtuxivtc056mvr10g4ei8oul", "25-0000613")	220001	Hutang Pph21	Ade Tatang	Ade Tatang - Pekerjaan Tambahan Mob Demob Material di titik Sembung dan Sambonggede	0	750000
cmtuxivtj056uvr10tuic6rys	30 Dec 25	=HYPERLINK("http://localhost:3000/vouchers/cmtuxivtc056mvr10g4ei8oul", "25-0000613")	100101	Bank BCA 4972579789	Ade Tatang	Ade Tatang - Pekerjaan Tambahan Mob Demob Material di titik Sembung dan Sambonggede	0	29250000
cmtuxivtl056wvr10tmayyawb	30 Dec 25	=HYPERLINK("http://localhost:3000/vouchers/cmtuxivtc056mvr10g4ei8oul", "25-0000613")	720002	Beban Adm.Bank & Buku Cek/Giro	Ade Tatang	Biaya Admin - Bi Fast Txn ke Ade tatang	2500	0
cmtuxivtm056yvr10s391w4vv	30 Dec 25	=HYPERLINK("http://localhost:3000/vouchers/cmtuxivtc056mvr10g4ei8oul", "25-0000613")	100101	Bank BCA 4972579789	Ade Tatang	Biaya Admin - Bi Fast Txn ke Ade tatang	0	2500
cmtuxivtq0572vr10v3952d37	30 Dec 25	=HYPERLINK("http://localhost:3000/vouchers/cmtuxivto0570vr10vil25om8", "25-0000614")	210008	Hutang Dagang Ongkos Pasang Modular dan material Listrik (Surya/Firman Nurwegian/Ade Tatang/Maun/PT Dwicipta Surya Abadi)	Ade Tatang	Ade Tatang - Surya/Maun - 0023/INV/DASA/XII/25 -PelunasanOngkos Pasang Modular, Sembung, Parengan,Tuban	5000000	0
cmtuxivts0574vr103jmrdnqd	30 Dec 25	=HYPERLINK("http://localhost:3000/vouchers/cmtuxivto0570vr10vil25om8", "25-0000614")	220001	Hutang Pph21	Ade Tatang	Ade Tatang - Surya/Maun - 0023/INV/DASA/XII/25 -PelunasanOngkos Pasang Modular, Sembung, Parengan,Tuban	0	125000
cmtuxivtu0576vr10z1ncp0hd	30 Dec 25	=HYPERLINK("http://localhost:3000/vouchers/cmtuxivto0570vr10vil25om8", "25-0000614")	100101	Bank BCA 4972579789	Ade Tatang	Ade Tatang - Surya/Maun - 0023/INV/DASA/XII/25 -PelunasanOngkos Pasang Modular, Sembung, Parengan,Tuban	0	4875000
cmtuxivtw0578vr101ozlmenn	30 Dec 25	=HYPERLINK("http://localhost:3000/vouchers/cmtuxivto0570vr10vil25om8", "25-0000614")	720002	Beban Adm.Bank & Buku Cek/Giro	Ade Tatang	Ade Tatang - Surya/Maun - 0023/INV/DASA/XII/25 -PelunasanOngkos Pasang Modular, Sembung, Parengan,Tuban	2500	0
cmtuxivtx057avr10qbq80qs2	30 Dec 25	=HYPERLINK("http://localhost:3000/vouchers/cmtuxivto0570vr10vil25om8", "25-0000614")	100101	Bank BCA 4972579789	Ade Tatang	Ade Tatang - Surya/Maun - 0023/INV/DASA/XII/25 -PelunasanOngkos Pasang Modular, Sembung, Parengan,Tuban	0	2500
cmtuxivu1057evr10e5doocp9	30 Dec 25	=HYPERLINK("http://localhost:3000/vouchers/cmtuxivtz057cvr103wnxek8u", "25-0000615")	210008	Hutang Dagang Ongkos Pasang Modular dan material Listrik (Surya/Firman Nurwegian/Ade Tatang/Maun/PT Dwicipta Surya Abadi)	Ade Tatang	Ade Tatang - Surya/Maun - 0024/INV/DASA/XII/25 - Pelunasan Ongkos Pasang Modular, Sambonggede, Merakurak, Tuban	5000000	0
cmtuxivu2057gvr10yvxyg2bn	30 Dec 25	=HYPERLINK("http://localhost:3000/vouchers/cmtuxivtz057cvr103wnxek8u", "25-0000615")	220001	Hutang Pph21	Ade Tatang	Ade Tatang - Surya/Maun - 0024/INV/DASA/XII/25 - Pelunasan Ongkos Pasang Modular, Sambonggede, Merakurak, Tuban	0	125000
cmtuxivu4057ivr10ii2gj3y4	30 Dec 25	=HYPERLINK("http://localhost:3000/vouchers/cmtuxivtz057cvr103wnxek8u", "25-0000615")	100101	Bank BCA 4972579789	Ade Tatang	Ade Tatang - Surya/Maun - 0024/INV/DASA/XII/25 - Pelunasan Ongkos Pasang Modular, Sambonggede, Merakurak, Tuban	0	4875000
cmtuxivu6057kvr10j79sxtrb	30 Dec 25	=HYPERLINK("http://localhost:3000/vouchers/cmtuxivtz057cvr103wnxek8u", "25-0000615")	720002	Beban Adm.Bank & Buku Cek/Giro	Ade Tatang	Ade Tatang - Surya/Maun - 0024/INV/DASA/XII/25 - Pelunasan Ongkos Pasang Modular, Sambonggede, Merakurak, Tuban	2500	0
cmtuxivu7057mvr105esuou5e	30 Dec 25	=HYPERLINK("http://localhost:3000/vouchers/cmtuxivtz057cvr103wnxek8u", "25-0000615")	100101	Bank BCA 4972579789	Ade Tatang	Ade Tatang - Surya/Maun - 0024/INV/DASA/XII/25 - Pelunasan Ongkos Pasang Modular, Sambonggede, Merakurak, Tuban	0	2500
cmtuxivub057qvr106gd61vki	30 Dec 25	=HYPERLINK("http://localhost:3000/vouchers/cmtuxivu9057ovr1041x7f1k3", "25-0000616")	210008	Hutang Dagang Ongkos Pasang Modular dan material Listrik (Surya/Firman Nurwegian/Ade Tatang/Maun/PT Dwicipta Surya Abadi)	Ade Tatang	Ade Tatang - Surya/Firman - 0025/INV/DASA/XII/25 - Pelunasan Ongkos Pasang Modular, Kejapanan, Gempol, Pasuruan	5000000	0
cmtuxivud057svr10tw0tjnc2	30 Dec 25	=HYPERLINK("http://localhost:3000/vouchers/cmtuxivu9057ovr1041x7f1k3", "25-0000616")	220001	Hutang Pph21	Ade Tatang	Ade Tatang - Surya/Firman - 0025/INV/DASA/XII/25 - Pelunasan Ongkos Pasang Modular, Kejapanan, Gempol, Pasuruan	0	125000
cmtuxivuf057uvr10iult9z3t	30 Dec 25	=HYPERLINK("http://localhost:3000/vouchers/cmtuxivu9057ovr1041x7f1k3", "25-0000616")	100101	Bank BCA 4972579789	Ade Tatang	Ade Tatang - Surya/Firman - 0025/INV/DASA/XII/25 - Pelunasan Ongkos Pasang Modular, Kejapanan, Gempol, Pasuruan	0	4875000
cmtuxivuh057wvr10suefc1q4	30 Dec 25	=HYPERLINK("http://localhost:3000/vouchers/cmtuxivu9057ovr1041x7f1k3", "25-0000616")	720002	Beban Adm.Bank & Buku Cek/Giro	Ade Tatang	Ade Tatang - Surya/Firman - 0025/INV/DASA/XII/25 - Pelunasan Ongkos Pasang Modular, Kejapanan, Gempol, Pasuruan	2500	0
cmtuxivuj057yvr10vakpxfcs	30 Dec 25	=HYPERLINK("http://localhost:3000/vouchers/cmtuxivu9057ovr1041x7f1k3", "25-0000616")	100101	Bank BCA 4972579789	Ade Tatang	Ade Tatang - Surya/Firman - 0025/INV/DASA/XII/25 - Pelunasan Ongkos Pasang Modular, Kejapanan, Gempol, Pasuruan	0	2500
cmtuxivum0582vr10qhaik1fd	30 Dec 25	=HYPERLINK("http://localhost:3000/vouchers/cmtuxivuk0580vr10ximhlttr", "25-0000617")	210008	Hutang Dagang Ongkos Pasang Modular dan material Listrik (Surya/Firman Nurwegian/Ade Tatang/Maun/PT Dwicipta Surya Abadi)	Ade Tatang	Ade Tatang - Surya/Firman - 0026/INV/DASA/XII/25 - Pelunasan Ongkos Pasang Modular, Jeruk Purut, Gempol,Pasuruan	5000000	0
cmtuxivup0584vr100oyqdmzs	30 Dec 25	=HYPERLINK("http://localhost:3000/vouchers/cmtuxivuk0580vr10ximhlttr", "25-0000617")	220001	Hutang Pph21	Ade Tatang	Ade Tatang - Surya/Firman - 0026/INV/DASA/XII/25 - Pelunasan Ongkos Pasang Modular, Jeruk Purut, Gempol,Pasuruan	0	125000
cmtuxivuq0586vr10rpdih6gh	30 Dec 25	=HYPERLINK("http://localhost:3000/vouchers/cmtuxivuk0580vr10ximhlttr", "25-0000617")	100101	Bank BCA 4972579789	Ade Tatang	Ade Tatang - Surya/Firman - 0026/INV/DASA/XII/25 - Pelunasan Ongkos Pasang Modular, Jeruk Purut, Gempol,Pasuruan	0	4875000
cmtuxivus0588vr100ph9jq8y	30 Dec 25	=HYPERLINK("http://localhost:3000/vouchers/cmtuxivuk0580vr10ximhlttr", "25-0000617")	720002	Beban Adm.Bank & Buku Cek/Giro	Ade Tatang	Ade Tatang - Surya/Firman - 0026/INV/DASA/XII/25 - Pelunasan Ongkos Pasang Modular, Jeruk Purut, Gempol,Pasuruan	2500	0
cmtuxivut058avr108s6fjpne	30 Dec 25	=HYPERLINK("http://localhost:3000/vouchers/cmtuxivuk0580vr10ximhlttr", "25-0000617")	100101	Bank BCA 4972579789	Ade Tatang	Ade Tatang - Surya/Firman - 0026/INV/DASA/XII/25 - Pelunasan Ongkos Pasang Modular, Jeruk Purut, Gempol,Pasuruan	0	2500
cmtuxivuy058evr10cifluhpp	30 Dec 25	=HYPERLINK("http://localhost:3000/vouchers/cmtuxivuv058cvr10n2fzfi9j", "25-0000618")	210008	Hutang Dagang Ongkos Pasang Modular dan material Listrik (Surya/Firman Nurwegian/Ade Tatang/Maun/PT Dwicipta Surya Abadi)	Ade Tatang	Ade Tatang - Surya/Firman - 0027/INV/DASA/XII/25 - Pelunasan Ongkos Pasang Modular, Kedung Banteng, Rembang, Pasuruan	5000000	0
cmtuxivuz058gvr10ur8wtjip	30 Dec 25	=HYPERLINK("http://localhost:3000/vouchers/cmtuxivuv058cvr10n2fzfi9j", "25-0000618")	220001	Hutang Pph21	Ade Tatang	Ade Tatang - Surya/Firman - 0027/INV/DASA/XII/25 - Pelunasan Ongkos Pasang Modular, Kedung Banteng, Rembang, Pasuruan	0	125000
cmtuxivv1058ivr10guwhw5zl	30 Dec 25	=HYPERLINK("http://localhost:3000/vouchers/cmtuxivuv058cvr10n2fzfi9j", "25-0000618")	100101	Bank BCA 4972579789	Ade Tatang	Ade Tatang - Surya/Firman - 0027/INV/DASA/XII/25 - Pelunasan Ongkos Pasang Modular, Kedung Banteng, Rembang, Pasuruan	0	4875000
cmtuxivv3058kvr10rrgnazsg	30 Dec 25	=HYPERLINK("http://localhost:3000/vouchers/cmtuxivuv058cvr10n2fzfi9j", "25-0000618")	720002	Beban Adm.Bank & Buku Cek/Giro	Ade Tatang	Ade Tatang - Surya/Firman - 0027/INV/DASA/XII/25 - Pelunasan Ongkos Pasang Modular, Kedung Banteng, Rembang, Pasuruan	2500	0
cmtuxivv4058mvr10b5f1pgr2	30 Dec 25	=HYPERLINK("http://localhost:3000/vouchers/cmtuxivuv058cvr10n2fzfi9j", "25-0000618")	100101	Bank BCA 4972579789	Ade Tatang	Ade Tatang - Surya/Firman - 0027/INV/DASA/XII/25 - Pelunasan Ongkos Pasang Modular, Kedung Banteng, Rembang, Pasuruan	0	2500
cmtuxivv8058qvr10418tmdd1	30 Dec 25	=HYPERLINK("http://localhost:3000/vouchers/cmtuxivv6058ovr1038zmwbvz", "25-0000619")	181099	Piutang Lain-lain	Johan Hariyanto	Johan Hariyanto - Reimbusrement Transport	1400000	0
cmtuxivv9058svr104314v7c8	30 Dec 25	=HYPERLINK("http://localhost:3000/vouchers/cmtuxivv6058ovr1038zmwbvz", "25-0000619")	100101	Bank BCA 4972579789	Johan Hariyanto	Johan Hariyanto - Reimbusrement Transport	0	1400000
cmtuxivvd058wvr105i5i4ty1	30 Dec 25	=HYPERLINK("http://localhost:3000/vouchers/cmtuxivvb058uvr10axzecvot", "25-0000620")	130000	Pembelian Barang dagangan Modular	Surya Atmadjaya	Surya Atmadjaya - Dp 50% Ongkos Pasang Modular di Titik Sepajang, Glenmore (Banyuwangi)	40000000	0
cmtuxivvf058yvr100uwafv0w	30 Dec 25	=HYPERLINK("http://localhost:3000/vouchers/cmtuxivvb058uvr10axzecvot", "25-0000620")	220001	Hutang Pph21	Surya Atmadjaya	Surya Atmadjaya - Dp 50% Ongkos Pasang Modular di Titik Sepajang, Glenmore (Banyuwangi)	0	1000000
cmtuxivvh0590vr10q95k7dbu	30 Dec 25	=HYPERLINK("http://localhost:3000/vouchers/cmtuxivvb058uvr10axzecvot", "25-0000620")	100101	Bank BCA 4972579789	Surya Atmadjaya	Surya Atmadjaya - Dp 50% Ongkos Pasang Modular di Titik Sepajang, Glenmore (Banyuwangi)	0	39000000
cmtuxivvl0594vr104yn3kdz8	30 Dec 25	=HYPERLINK("http://localhost:3000/vouchers/cmtuxivvj0592vr10h838csjq", "25-0000621")	130000	Pembelian Barang dagangan Modular	Surya Atmadjaya	Surya Atmadjaya - PO No 60/PMB/X/2025 - Dp 50% Ongkos Pasang Modular di Titik Benculuk, Curing (Banyuwangi)	40000000	0
cmtuxivvm0596vr10qc5i0sfp	30 Dec 25	=HYPERLINK("http://localhost:3000/vouchers/cmtuxivvj0592vr10h838csjq", "25-0000621")	220001	Hutang Pph21	Surya Atmadjaya	Surya Atmadjaya - PO No 60/PMB/X/2025 - Dp 50% Ongkos Pasang Modular di Titik Benculuk, Curing (Banyuwangi)	0	1000000
cmtuxivvo0598vr100197c47b	30 Dec 25	=HYPERLINK("http://localhost:3000/vouchers/cmtuxivvj0592vr10h838csjq", "25-0000621")	100101	Bank BCA 4972579789	Surya Atmadjaya	Surya Atmadjaya - PO No 60/PMB/X/2025 - Dp 50% Ongkos Pasang Modular di Titik Benculuk, Curing (Banyuwangi)	0	39000000
cmtuxivvs059cvr10bb9ppmgl	30 Dec 25	=HYPERLINK("http://localhost:3000/vouchers/cmtuxivvq059avr107cb3olpr", "25-0000622")	130000	Pembelian Barang dagangan Modular	Surya Atmadjaya	Surya Atmadjaya - PO 59/PMB/X/2025 - Dp 50% Ongkos Pasang Modular di Titik Banyuanyar, Balibaru (Banyuwangi)	40000000	0
cmtuxivvu059evr101b6iebus	30 Dec 25	=HYPERLINK("http://localhost:3000/vouchers/cmtuxivvq059avr107cb3olpr", "25-0000622")	220001	Hutang Pph21	Surya Atmadjaya	Surya Atmadjaya - PO 59/PMB/X/2025 - Dp 50% Ongkos Pasang Modular di Titik Banyuanyar, Balibaru (Banyuwangi)	0	1000000
cmtuxivvv059gvr10ce4yhe9m	30 Dec 25	=HYPERLINK("http://localhost:3000/vouchers/cmtuxivvq059avr107cb3olpr", "25-0000622")	100101	Bank BCA 4972579789	Surya Atmadjaya	Surya Atmadjaya - PO 59/PMB/X/2025 - Dp 50% Ongkos Pasang Modular di Titik Banyuanyar, Balibaru (Banyuwangi)	0	39000000
cmtuxivvz059kvr105fz9ox81	30 Dec 25	=HYPERLINK("http://localhost:3000/vouchers/cmtuxivvx059ivr10rn1uwhx1", "25-0000623")	140002	Pembelian Material	Udraji Gunawan	Material - Kel Ambal Ambil, Kec Kejayan, Kab Pasuruan	1682500	0
cmtuxivw1059mvr10f59p1amy	30 Dec 25	=HYPERLINK("http://localhost:3000/vouchers/cmtuxivvx059ivr10rn1uwhx1", "25-0000623")	140002	Pembelian Material	Udraji Gunawan	Material - Kel Beji, Kec Kedewan, Kab Bojonegoro	3060000	0
cmtuxivw3059ovr10rdva19jr	30 Dec 25	=HYPERLINK("http://localhost:3000/vouchers/cmtuxivvx059ivr10rn1uwhx1", "25-0000623")	140002	Pembelian Material	Udraji Gunawan	Material - Kel Cobanblimbing, Kec Wonorejo, Kab Pasuruan	1753500	0
cmtuxivw4059qvr10crli0fad	30 Dec 25	=HYPERLINK("http://localhost:3000/vouchers/cmtuxivvx059ivr10rn1uwhx1", "25-0000623")	140002	Pembelian Material	Udraji Gunawan	Material - Kel Erorejo, Kec Wadas Lintang, Kab Wonosobo	3572000	0
cmtuxivw6059svr109csxqqop	30 Dec 25	=HYPERLINK("http://localhost:3000/vouchers/cmtuxivvx059ivr10rn1uwhx1", "25-0000623")	140002	Pembelian Material	Udraji Gunawan	Material - Kel Kalimendong, Kec Leksono, Kab Wonosobo	3176000	0
cmtuxivw8059uvr10jcg54u8b	30 Dec 25	=HYPERLINK("http://localhost:3000/vouchers/cmtuxivvx059ivr10rn1uwhx1", "25-0000623")	140002	Pembelian Material	Udraji Gunawan	Material - Kel Langenrejo, Kec Butuh, Kab Purworejo	2130000	0
cmtuxivw9059wvr10vyyoe3tu	30 Dec 25	=HYPERLINK("http://localhost:3000/vouchers/cmtuxivvx059ivr10rn1uwhx1", "25-0000623")	140002	Pembelian Material	Udraji Gunawan	Material - Kel Ngumpak Dalam, Kec Dander, Kab Bojonegoro	2935000	0
cmtuxivwb059yvr10jdvv7l9u	30 Dec 25	=HYPERLINK("http://localhost:3000/vouchers/cmtuxivvx059ivr10rn1uwhx1", "25-0000623")	140002	Pembelian Material	Udraji Gunawan	Material - Kel Penidon, Kec Plumpang, Kab Tuban	2100000	0
cmtuxivwe05a0vr10tsh53go2	30 Dec 25	=HYPERLINK("http://localhost:3000/vouchers/cmtuxivvx059ivr10rn1uwhx1", "25-0000623")	140002	Pembelian Material	Udraji Gunawan	Material - Kel Rojoimo, Kec Wonosobo, Kab Wonosobo	3176000	0
cmtuxivwf05a2vr10wzsfr5f6	30 Dec 25	=HYPERLINK("http://localhost:3000/vouchers/cmtuxivvx059ivr10rn1uwhx1", "25-0000623")	140002	Pembelian Material	Udraji Gunawan	Material - Kel Sambeng, Kec Kasiman, Kab. Bojonegoro	1152000	0
cmtuxivwh05a4vr10vtsvc6fg	30 Dec 25	=HYPERLINK("http://localhost:3000/vouchers/cmtuxivvx059ivr10rn1uwhx1", "25-0000623")	140002	Pembelian Material	Udraji Gunawan	Material - Kel Sekar, Kec Sekar, Keb Bojonegoro	290000	0
cmtuxivwi05a6vr1045ml7acn	30 Dec 25	=HYPERLINK("http://localhost:3000/vouchers/cmtuxivvx059ivr10rn1uwhx1", "25-0000623")	140002	Pembelian Material	Udraji Gunawan	Material - Kel Sladi, Kec Kejayan, Kab Pasuruan	3446000	0
cmtuxivwk05a8vr10bazszhkg	30 Dec 25	=HYPERLINK("http://localhost:3000/vouchers/cmtuxivvx059ivr10rn1uwhx1", "25-0000623")	140002	Pembelian Material	Udraji Gunawan	Material - Kel Sukoharjo, Kec Sukoharjo, Kab Wonosobo	3176000	0
cmtuxivwm05aavr10er4o22j6	30 Dec 25	=HYPERLINK("http://localhost:3000/vouchers/cmtuxivvx059ivr10rn1uwhx1", "25-0000623")	140002	Pembelian Material	Udraji Gunawan	Material - Kel Trimulyo, Kec Wadas Lintang, Kab Wonosobo	22152000	0
cmtuxivwo05acvr1054m19aiw	30 Dec 25	=HYPERLINK("http://localhost:3000/vouchers/cmtuxivvx059ivr10rn1uwhx1", "25-0000623")	140002	Pembelian Material	Udraji Gunawan	Material - Kel Turunrejo, Kec Brangsong, Kab Kendal	5603000	0
cmtuxivwp05aevr10ae68etii	30 Dec 25	=HYPERLINK("http://localhost:3000/vouchers/cmtuxivvx059ivr10rn1uwhx1", "25-0000623")	140002	Pembelian Material	Udraji Gunawan	Material - Kel Wedi, Kec Kapas, Kab Bojonegoro	300000	0
cmtuxivwr05agvr105yez5uzt	30 Dec 25	=HYPERLINK("http://localhost:3000/vouchers/cmtuxivvx059ivr10rn1uwhx1", "25-0000623")	140002	Pembelian Material	Udraji Gunawan	Material - Kel Wonoroto, Kec Watumalang, KabWonosobo	4374000	0
cmtuxivwt05aivr10rtj68s9b	30 Dec 25	=HYPERLINK("http://localhost:3000/vouchers/cmtuxivvx059ivr10rn1uwhx1", "25-0000623")	100101	Bank BCA 4972579789	Udraji Gunawan	Udraji Gunawan - Reimbursement Pipa Conduit dan Kabel Listrik	0	64078000
cmtuxivwy05amvr10q1zlvpav	30 Dec 25	=HYPERLINK("http://localhost:3000/vouchers/cmtuxivww05akvr10iq7bgmqr", "25-0000624")	150004	Ongkos Kirim	PT. Megah Surya Transportasindo	PT. Megah Surya Transportasindo - MST 2285/XII/25 - Ongkos Kirim Genzet ke Bojonegoro	9000000	0
cmtuxivwz05aovr10lx5e8043	30 Dec 25	=HYPERLINK("http://localhost:3000/vouchers/cmtuxivww05akvr10iq7bgmqr", "25-0000624")	220002	Hutang Pph23	PT. Megah Surya Transportasindo	PT. Megah Surya Transportasindo - MST 2285/XII/25 - Ongkos Kirim Genzet ke Bojonegoro	0	180000
cmtuxivx105aqvr10355x112u	30 Dec 25	=HYPERLINK("http://localhost:3000/vouchers/cmtuxivww05akvr10iq7bgmqr", "25-0000624")	210014	Hutang Ongkos Kirim PT. Megah Surya Transportasindo	PT. Megah Surya Transportasindo	PT. Megah Surya Transportasindo - MST 2285/XII/25 - Ongkos Kirim Genzet ke Bojonegoro	0	8820000
cmtuxivyi05ccvr10lw6qpyfq	30 Dec 25	=HYPERLINK("http://localhost:3000/vouchers/cmtuxivyg05cavr1081lcngkm", "25-0000631")	210008	Hutang Dagang Ongkos Pasang Modular dan material Listrik (Surya/Firman Nurwegian/Ade Tatang/Maun/PT Dwicipta Surya Abadi)	Ade Tatang	Ade Tatang - Maun - 0028/INV/DASA/XII/25 - Pelunasan Ongkos Pasang Modular, Kalirejo 1, Bangil, Pasuruan	15000000	0
cmtuxivyk05cevr10ukk5qmat	30 Dec 25	=HYPERLINK("http://localhost:3000/vouchers/cmtuxivyg05cavr1081lcngkm", "25-0000631")	220001	Hutang Pph21	Ade Tatang	Ade Tatang - Maun - 0028/INV/DASA/XII/25 - Pelunasan Ongkos Pasang Modular, Kalirejo 1, Bangil, Pasuruan	0	375000
cmtuxivyl05cgvr10sj30un7l	30 Dec 25	=HYPERLINK("http://localhost:3000/vouchers/cmtuxivyg05cavr1081lcngkm", "25-0000631")	100101	Bank BCA 4972579789	Ade Tatang	Ade Tatang - Maun - 0028/INV/DASA/XII/25 - Pelunasan Ongkos Pasang Modular, Kalirejo 1, Bangil, Pasuruan	0	14625000
cmtuxivyn05civr10seepa4d1	30 Dec 25	=HYPERLINK("http://localhost:3000/vouchers/cmtuxivyg05cavr1081lcngkm", "25-0000631")	720002	Beban Adm.Bank & Buku Cek/Giro	Ade Tatang	Ade Tatang - Maun - 0028/INV/DASA/XII/25 - Pelunasan Ongkos Pasang Modular, Kalirejo 1, Bangil, Pasuruan	2500	0
cmtuxivyo05ckvr10dnzd0jvw	30 Dec 25	=HYPERLINK("http://localhost:3000/vouchers/cmtuxivyg05cavr1081lcngkm", "25-0000631")	100101	Bank BCA 4972579789	Ade Tatang	Ade Tatang - Maun - 0028/INV/DASA/XII/25 - Pelunasan Ongkos Pasang Modular, Kalirejo 1, Bangil, Pasuruan	0	2500
cmtuxivys05covr10w1dg3q4i	30 Dec 25	=HYPERLINK("http://localhost:3000/vouchers/cmtuxivyq05cmvr10g8gh0n1y", "25-0000632")	720002	Beban Adm.Bank & Buku Cek/Giro	PT. Prima Mira Bersama ( Mandiri )	Biaya Adm Bulanan Bank Mandiri	36658	0
cmtuxivyu05cqvr10qfmuszr9	30 Dec 25	=HYPERLINK("http://localhost:3000/vouchers/cmtuxivyq05cmvr10g8gh0n1y", "25-0000632")	100102	Bank Mandiri 1640007306519	PT. Prima Mira Bersama ( Mandiri )	Biaya Adm Bulanan Bank Mandiri	0	36658
cmtuxivx405auvr107uh6j1ic	31 Dec 25	=HYPERLINK("http://localhost:3000/vouchers/cmtuxivx205asvr103ox8om03", "25-0000625")	181099	Piutang Lain-lain	Darell Karya	Darrel Karya - Reimbursement Biaya Operasional ke Bojonegoro	2088643	0
cmtuxivx605awvr104h20aytw	31 Dec 25	=HYPERLINK("http://localhost:3000/vouchers/cmtuxivx205asvr103ox8om03", "25-0000625")	100101	Bank BCA 4972579789	Darell Karya	Darrel Karya - Reimbursement Biaya Operasional ke Bojonegoro	0	2088643
cmtuxivxa05b0vr10gcth8lnc	31 Dec 25	=HYPERLINK("http://localhost:3000/vouchers/cmtuxivx805ayvr105t0n4333", "25-0000626")	100104	Bank BNI 2018665951	PT. Prima Mira Bersama ( BNI )	Pindah Buku dari BCA ke BNI	1500000	0
cmtuxivxc05b2vr10bg9tnefi	31 Dec 25	=HYPERLINK("http://localhost:3000/vouchers/cmtuxivx805ayvr105t0n4333", "25-0000626")	100101	Bank BCA 4972579789	PT. Prima Mira Bersama ( BNI )	Pindah Buku dari BCA ke BNI	0	1500000
cmtuxivxd05b4vr106q9759rt	31 Dec 25	=HYPERLINK("http://localhost:3000/vouchers/cmtuxivx805ayvr105t0n4333", "25-0000626")	720002	Beban Adm.Bank & Buku Cek/Giro	PT. Prima Mira Bersama ( BNI )	Biaya Admin - Pindah Buku dari BCA ke BNI	6500	0
cmtuxivxf05b6vr105pfut8fb	31 Dec 25	=HYPERLINK("http://localhost:3000/vouchers/cmtuxivx805ayvr105t0n4333", "25-0000626")	100101	Bank BCA 4972579789	PT. Prima Mira Bersama ( BNI )	Biaya Admin - Pindah Buku dari BCA ke BNI	0	6500
cmtuxivxj05bavr10m12w2e27	31 Dec 25	=HYPERLINK("http://localhost:3000/vouchers/cmtuxivxh05b8vr10j1484nx7", "25-0000627")	100101	Bank BCA 4972579789	PT. Prima Mira Bersama ( BCA )	CV Sartika - Pembayaran ke 2 Pembelian Sarana dan Prasarana SPPG di Plumpang dan Merakurak, Tuban	2170685300	0
cmtuxivxl05bcvr10azzf0omb	31 Dec 25	=HYPERLINK("http://localhost:3000/vouchers/cmtuxivxh05b8vr10j1484nx7", "25-0000627")	110001	Piutang Usaha CV Sartika	PT. Prima Mira Bersama ( BCA )	CV Sartika - Pembayaran ke 2 Pembelian Sarana dan Prasarana SPPG di Plumpang dan Merakurak, Tuban	0	2170685300
cmtuxivxp05bgvr10i99kv1dl	31 Dec 25	=HYPERLINK("http://localhost:3000/vouchers/cmtuxivxm05bevr103jnnwfdo", "25-0000628")	600020	Beban Pajak PPN BM	Direktorat Jenderal Bea dan Cukai	Kementerian Keuangan RI - Bea Masuk Motor Listrik 12 Set	114830000	0
cmtuxivxq05bivr102tokezfc	31 Dec 25	=HYPERLINK("http://localhost:3000/vouchers/cmtuxivxm05bevr103jnnwfdo", "25-0000628")	600017	Beban Pajak	Direktorat Jenderal Bea dan Cukai	Kementerian Keuangan RI - PPN Impor Motor Listrik 12 Set	44209519	0
cmtuxivxs05bkvr10m99g6mb8	31 Dec 25	=HYPERLINK("http://localhost:3000/vouchers/cmtuxivxm05bevr103jnnwfdo", "25-0000628")	170000	Pajak dibayar dimuka PPH22	Direktorat Jenderal Bea dan Cukai	Kementerian Keuangan RI - PPH Impor Motor Listrik 12 Set	40190400	0
cmtuxivxu05bmvr10qe9ezyx9	31 Dec 25	=HYPERLINK("http://localhost:3000/vouchers/cmtuxivxm05bevr103jnnwfdo", "25-0000628")	100101	Bank BCA 4972579789	Direktorat Jenderal Bea dan Cukai	Kementerian Keuangan RI - Bea Masuk, PPN dan PPH Impor Motor Listrik 12 Set	0	199229919
cmtuxivxx05bqvr10ectw3y3j	31 Dec 25	=HYPERLINK("http://localhost:3000/vouchers/cmtuxivxv05bovr10f187hs6d", "25-0000629")	120001	Uang Muka Pembelian Alat Alat Dapur	PT. Sankeindo ( BCA )	PT Sankeindo - No Inv JPI/2512.0016 - Faktur Pajak no 04012500431936374 - PO no 70/PO/PMB/VIII/2025 - DP 10% Peralatan Dapur dan Instalasi dapur 34 titik. Wonosobo 6, Purworejo 3, Kendal 1, Bojonegoro 4, Tuban 1, Ponorogo 6, Banyuwangi 11, Situbondo 2.	1027738187	0
cmtuxivxz05bsvr10mjfybnll	31 Dec 25	=HYPERLINK("http://localhost:3000/vouchers/cmtuxivxv05bovr10f187hs6d", "25-0000629")	150008	Jasa Instalasi Alat Dapur (PT Sankeindo)	PT. Sankeindo ( BCA )	PT Sankeindo - No Inv JPI/2512.0016 - Faktur Pajak no 04012500431936374 - PO no 70/PO/PMB/VIII/2025 - DP 10% Peralatan Dapur dan Instalasi dapur 34 titik. Wonosobo 6, Purworejo 3, Kendal 1, Bojonegoro 4, Tuban 1, Ponorogo 6, Banyuwangi 11, Situbondo 2.	229755000	0
cmtuxivy105buvr106xkxc09g	31 Dec 25	=HYPERLINK("http://localhost:3000/vouchers/cmtuxivxv05bovr10f187hs6d", "25-0000629")	220000	PPN Keluaran	PT. Sankeindo ( BCA )	PT Sankeindo - No Inv JPI/2512.0016 - Faktur Pajak no 04012500431936374 - PO no 70/PO/PMB/VIII/2025 - DP 10% Peralatan Dapur dan Instalasi dapur 34 titik. Wonosobo 6, Purworejo 3, Kendal 1, Bojonegoro 4, Tuban 1, Ponorogo 6, Banyuwangi 11, Situbondo 2.	138324251	0
cmtuxivy305bwvr10e23bffah	31 Dec 25	=HYPERLINK("http://localhost:3000/vouchers/cmtuxivxv05bovr10f187hs6d", "25-0000629")	220002	Hutang Pph23	PT. Sankeindo ( BCA )	PT Sankeindo - No Inv JPI/2512.0016 - Faktur Pajak no 04012500431936374 - PO no 70/PO/PMB/VIII/2025 - DP 10% Peralatan Dapur dan Instalasi dapur 34 titik. Wonosobo 6, Purworejo 3, Kendal 1, Bojonegoro 4, Tuban 1, Ponorogo 6, Banyuwangi 11, Situbondo 2.	0	4595100
cmtuxivy405byvr10vjrp3yqa	31 Dec 25	=HYPERLINK("http://localhost:3000/vouchers/cmtuxivxv05bovr10f187hs6d", "25-0000629")	100101	Bank BCA 4972579789	PT. Sankeindo ( BCA )	PT Sankeindo - No Inv JPI/2512.0016 - Faktur Pajak no 04012500431936374 - PO no 70/PO/PMB/VIII/2025 - DP 10% Peralatan Dapur dan Instalasi dapur 34 titik. Wonosobo 6, Purworejo 3, Kendal 1, Bojonegoro 4, Tuban 1, Ponorogo 6, Banyuwangi 11, Situbondo 2.	0	1391222338
cmtuxivy805c2vr1072dyteuu	31 Dec 25	=HYPERLINK("http://localhost:3000/vouchers/cmtuxivy605c0vr10cbd6jed2", "25-0000630")	600027	Beban Tenaga Lepas (Individu)	Saji	Saji - Biaya Jaga Modular di Plumpang, Tuban	3300000	0
cmtuxivya05c4vr10a1wm1ipu	31 Dec 25	=HYPERLINK("http://localhost:3000/vouchers/cmtuxivy605c0vr10cbd6jed2", "25-0000630")	100101	Bank BCA 4972579789	Saji	Saji - Biaya Jaga Modular di Plumpang, Tuban	0	3300000
cmtuxivyc05c6vr10dojgssxp	31 Dec 25	=HYPERLINK("http://localhost:3000/vouchers/cmtuxivy605c0vr10cbd6jed2", "25-0000630")	600017	Beban Pajak	Saji	Saji - Biaya Jaga Modular di Plumpang, Tuban	82500	0
cmtuxivye05c8vr10u3wu6n0c	31 Dec 25	=HYPERLINK("http://localhost:3000/vouchers/cmtuxivy605c0vr10cbd6jed2", "25-0000630")	220001	Hutang Pph21	Saji	Saji - Biaya Jaga Modular di Plumpang, Tuban	0	82500
cmtuxivyy05cuvr10yuxw64u7	31 Dec 25	=HYPERLINK("http://localhost:3000/vouchers/cmtuxivyw05csvr10r03onbyh", "25-0000633")	181099	Piutang Lain-lain	David Karya	David Karya - Pinjaman Untuk Operasional	300000000	0
cmtuxivyz05cwvr10ccad8lyr	31 Dec 25	=HYPERLINK("http://localhost:3000/vouchers/cmtuxivyw05csvr10r03onbyh", "25-0000633")	100101	Bank BCA 4972579789	David Karya	David Karya - Pinjaman Untuk Operasional	0	300000000
cmtuxivz305d0vr10ov3ly5ir	31 Dec 25	=HYPERLINK("http://localhost:3000/vouchers/cmtuxivz105cyvr106wmsu0pq", "25-0000634")	230000	Hutang Pemegang Saham William Ong	William Ong	William Ong - Bayar Hutang kepada pemegang saham	2000000000	0
cmtuxivz505d2vr10kbowovre	31 Dec 25	=HYPERLINK("http://localhost:3000/vouchers/cmtuxivz105cyvr106wmsu0pq", "25-0000634")	100101	Bank BCA 4972579789	William Ong	William Ong - Bayar Hutang kepada pemegang saham	0	2000000000
cmtuxivz905d6vr10qahbp2dq	31 Dec 25	=HYPERLINK("http://localhost:3000/vouchers/cmtuxivz705d4vr10hqe48ogd", "25-0000635")	181099	Piutang Lain-lain	M ABDUL MUNIF	M ABDUL MUNIF - Pengurusan motor listrik di bea cukai	157253000	0
cmtuxivzb05d8vr10kh3r9nfk	31 Dec 25	=HYPERLINK("http://localhost:3000/vouchers/cmtuxivz705d4vr10hqe48ogd", "25-0000635")	100101	Bank BCA 4972579789	M ABDUL MUNIF	M ABDUL MUNIF - Pengurusan motor listrik di bea cukai	0	157253000
cmtuxivzf05dcvr10d7tpauf6	31 Dec 25	=HYPERLINK("http://localhost:3000/vouchers/cmtuxivzd05davr1093eatg6d", "25-0000636")	130000	Pembelian Barang dagangan Modular	PT. Anugrah Gabung Berdikari Utama	PT Anugrah Gabung Berdikari Utama - DP 50% Pemasangan Modular di titik Mlarak	40000000	0
cmtuxivzg05devr10ma0vnr39	31 Dec 25	=HYPERLINK("http://localhost:3000/vouchers/cmtuxivzd05davr1093eatg6d", "25-0000636")	130000	Pembelian Barang dagangan Modular	PT. Anugrah Gabung Berdikari Utama	PT Anugrah Gabung Berdikari Utama - DP 50% Pemasangan Modular di titik Kasiman	40000000	0
cmtuxivzi05dgvr1071xvyudb	31 Dec 25	=HYPERLINK("http://localhost:3000/vouchers/cmtuxivzd05davr1093eatg6d", "25-0000636")	130000	Pembelian Barang dagangan Modular	PT. Anugrah Gabung Berdikari Utama	PT Anugrah Gabung Berdikari Utama - DP 50% Pemasangan Modular di titik Kedewan	40000000	0
cmtuxivzj05divr10h2bxronm	31 Dec 25	=HYPERLINK("http://localhost:3000/vouchers/cmtuxivzd05davr1093eatg6d", "25-0000636")	130000	Pembelian Barang dagangan Modular	PT. Anugrah Gabung Berdikari Utama	PT Anugrah Gabung Berdikari Utama - DP 50% Pemasangan Modular di titik Genteng	40000000	0
cmtuxivzl05dkvr10so0rcy19	31 Dec 25	=HYPERLINK("http://localhost:3000/vouchers/cmtuxivzd05davr1093eatg6d", "25-0000636")	220003	Hutang PPh Final	PT. Anugrah Gabung Berdikari Utama	PT Anugrah Gabung Berdikari Utama - DP 50% Pemasangan Modular di titik Mlarak, Kasiman, Kedewan, Genteng	0	6400000
cmtuxivzn05dmvr100r3q0big	31 Dec 25	=HYPERLINK("http://localhost:3000/vouchers/cmtuxivzd05davr1093eatg6d", "25-0000636")	210007	Hutang Dagang Ongkos Pasang Modular dan material (Ricky/Udraji/Melisa/PT Anugrah Gabung Berdikari Utama)	PT. Anugrah Gabung Berdikari Utama	PT Anugrah Gabung Berdikari Utama - DP 50% Pemasangan Modular di titik Mlarak, Kasiman, Kedewan, Genteng	0	153600000
cmtuxivzr05dqvr10ctgxwton	31 Dec 25	=HYPERLINK("http://localhost:3000/vouchers/cmtuxivzp05dovr102zrmfryt", "25-0000637")	720002	Beban Adm.Bank & Buku Cek/Giro	PT. Prima Mira Bersama ( BCA )	Bank BCA - Adm Bank bulan desember 2025	30000	0
cmtuxivzs05dsvr1086m544v3	31 Dec 25	=HYPERLINK("http://localhost:3000/vouchers/cmtuxivzp05dovr102zrmfryt", "25-0000637")	100101	Bank BCA 4972579789	PT. Prima Mira Bersama ( BCA )	Bank BCA - Adm Bank bulan desember 2025	0	30000
cmtuxivzw05dwvr10lpkxs5ww	31 Dec 25	=HYPERLINK("http://localhost:3000/vouchers/cmtuxivzu05duvr10weftwu0w", "25-0000638")	220001	Hutang Pph21	Direktorat Jenderal Pajak	Pph Gaji Karyawan Bulan Desember 2025	1732075	0
cmtuxivzy05dyvr10dql9gkiy	31 Dec 25	=HYPERLINK("http://localhost:3000/vouchers/cmtuxivzu05duvr10weftwu0w", "25-0000638")	600017	Beban Pajak	Direktorat Jenderal Pajak	Beban Pajak Pegawai Bulan Desember 2025	0	1732075
cmtuxiw0105e2vr10bnst550a	31 Dec 25	=HYPERLINK("http://localhost:3000/vouchers/cmtuxiw0005e0vr10nog33m7l", "25-0000639")	210008	Hutang Dagang Ongkos Pasang Modular dan material Listrik (Surya/Firman Nurwegian/Ade Tatang/Maun/PT Dwicipta Surya Abadi)	Ade Tatang	Ade Tatang - No Inv 0029/INV/DASA/XII/2025 - Pelunasan Upah Pasang Panel Modula, Titik Kalirejo 2, Bangil, Pasuruan	15000000	0
cmtuxiw0305e4vr10y85c06fc	31 Dec 25	=HYPERLINK("http://localhost:3000/vouchers/cmtuxiw0005e0vr10nog33m7l", "25-0000639")	220001	Hutang Pph21	Ade Tatang	Ade Tatang - No Inv 0029/INV/DASA/XII/2025 - Pelunasan Upah Pasang Panel Modula, Titik Kalirejo 2, Bangil, Pasuruan	0	375000
cmtuxiw0505e6vr1063ssvdfl	31 Dec 25	=HYPERLINK("http://localhost:3000/vouchers/cmtuxiw0005e0vr10nog33m7l", "25-0000639")	100101	Bank BCA 4972579789	Ade Tatang	Ade Tatang - No Inv 0029/INV/DASA/XII/2025 - Pelunasan Upah Pasang Panel Modula, Titik Kalirejo 2, Bangil, Pasuruan	0	14625000
cmtuxiw0705e8vr10plsgiwgd	31 Dec 25	=HYPERLINK("http://localhost:3000/vouchers/cmtuxiw0005e0vr10nog33m7l", "25-0000639")	720002	Beban Adm.Bank & Buku Cek/Giro	Ade Tatang	Ade Tatang - No Inv 0029/INV/DASA/XII/2025 - Pelunasan Upah Pasang Panel Modula, Titik Kalirejo 2, Bangil, Pasuruan	6500	0
cmtuxiw0805eavr10h34mtn4e	31 Dec 25	=HYPERLINK("http://localhost:3000/vouchers/cmtuxiw0005e0vr10nog33m7l", "25-0000639")	100101	Bank BCA 4972579789	Ade Tatang	Ade Tatang - No Inv 0029/INV/DASA/XII/2025 - Pelunasan Upah Pasang Panel Modula, Titik Kalirejo 2, Bangil, Pasuruan	0	6500
cmtuxiw0c05eevr10pire8i80	31 Dec 25	=HYPERLINK("http://localhost:3000/vouchers/cmtuxiw0a05ecvr10nm4obhcd", "25-0000640")	130001	Pembelian Alat Alat Dapur	PT. Sankeindo ( BCA )	PT Sankeindo - Inv no JPI/2512.0021 - PO 01/PO/PMB/VIII/2025 - Paket Peralatan Dapur 16 Site	4532999000	0
cmtuxiw0d05egvr10tl6gczhr	31 Dec 25	=HYPERLINK("http://localhost:3000/vouchers/cmtuxiw0a05ecvr10nm4obhcd", "25-0000640")	150008	Jasa Instalasi Alat Dapur (PT Sankeindo)	PT. Sankeindo ( BCA )	PT Sankeindo - Inv no JPI/2512.0021 - PO 01/PO/PMB/VIII/2025 - Paket Peralatan Dapur 16 Site	1081200000	0
cmtuxiw0f05eivr10ytkr5ggs	31 Dec 25	=HYPERLINK("http://localhost:3000/vouchers/cmtuxiw0a05ecvr10nm4obhcd", "25-0000640")	220000	PPN Keluaran	PT. Sankeindo ( BCA )	PT Sankeindo - Inv no JPI/2512.0021 - PO 01/PO/PMB/VIII/2025 - Paket Peralatan Dapur 16 Site	617561890	0
cmtuxiw0h05ekvr10kb55de5f	31 Dec 25	=HYPERLINK("http://localhost:3000/vouchers/cmtuxiw0a05ecvr10nm4obhcd", "25-0000640")	220002	Hutang Pph23	PT. Sankeindo ( BCA )	PT Sankeindo - Inv no JPI/2512.0021 - PO 01/PO/PMB/VIII/2025 - Paket Peralatan Dapur 16 Site	0	21624000
cmtuxiw0j05emvr10pxq814j3	31 Dec 25	=HYPERLINK("http://localhost:3000/vouchers/cmtuxiw0a05ecvr10nm4obhcd", "25-0000640")	120001	Uang Muka Pembelian Alat Alat Dapur	PT. Sankeindo ( BCA )	PT Sankeindo - Inv no JPI/2512.0021 - PO 01/PO/PMB/VIII/2025 - Paket Peralatan Dapur 16 Site	0	1869528267
cmtuxiw0l05eovr10wfhvj31f	31 Dec 25	=HYPERLINK("http://localhost:3000/vouchers/cmtuxiw0a05ecvr10nm4obhcd", "25-0000640")	210002	Hutang Dagang Pembelian Alat Alat Dapur (Tikno/PT.Sankeindo)	PT. Sankeindo ( BCA )	PT Sankeindo - Inv no JPI/2512.0021 - PO 01/PO/PMB/VIII/2025 - Paket Peralatan Dapur 16 Site	0	4340608623
cmtuxiw0o05esvr1035pqi4ey	31 Dec 25	=HYPERLINK("http://localhost:3000/vouchers/cmtuxiw0n05eqvr10nosafobj", "25-0000641")	999999	Lain Lain	Adjustment	Adjusment Kas	1404270	0
cmtuxiw0q05euvr10aps111j1	31 Dec 25	=HYPERLINK("http://localhost:3000/vouchers/cmtuxiw0n05eqvr10nosafobj", "25-0000641")	100000	Kas	Adjustment	Adjusment Kas	0	1404270
cmtuxiw0u05eyvr10pdxgpsk8	31 Dec 25	=HYPERLINK("http://localhost:3000/vouchers/cmtuxiw0s05ewvr106bxjhkli", "25-0000642")	999999	Lain Lain	Adjustment	Adjustment PPH Final	24775	0
cmtuxiw0w05f0vr10zej7qso6	31 Dec 25	=HYPERLINK("http://localhost:3000/vouchers/cmtuxiw0s05ewvr106bxjhkli", "25-0000642")	220003	Hutang PPh Final	Adjustment	Adjustment PPH Final	0	24775
cmtuxiw1505favr107fl4gr1b	31 Dec 25	=HYPERLINK("http://localhost:3000/vouchers/cmtuxiw1305f8vr10y984o2fk", "25-0000644")	610001	Beban Penyusutan Kendaraan	Adjustment	Adjustment Penyusutan Kendaraan Tahun 2025	57169178	0
cmtuxiw1605fcvr10uzdx6buh	31 Dec 25	=HYPERLINK("http://localhost:3000/vouchers/cmtuxiw1305f8vr10y984o2fk", "25-0000644")	191000	Akumulasi Penyusutan Kendaraan	Adjustment	Adjustment Akumulasi Penyusutan Kendaraan Tahun 2025	0	57169178
cmtuxiw1805fevr10wf5iryks	31 Dec 25	=HYPERLINK("http://localhost:3000/vouchers/cmtuxiw1305f8vr10y984o2fk", "25-0000644")	610002	Beban Penyusutan Inventaris Kantor	Adjustment	Adjustment Penyusutan Inventaris Kantor Tahun 2025	8286438	0
cmtuxiw1a05fgvr10i03m002d	31 Dec 25	=HYPERLINK("http://localhost:3000/vouchers/cmtuxiw1305f8vr10y984o2fk", "25-0000644")	191001	Akumulasi Penyusutan Inventaris Kantor	Adjustment	Adjustment Akumulasi Penyusutan Inventaris Kantor Tahun 2025	0	8286438
cmtuxiw1c05fivr102eb6daqm	31 Dec 25	=HYPERLINK("http://localhost:3000/vouchers/cmtuxiw1305f8vr10y984o2fk", "25-0000644")	610003	Beban Penyusutan Furniture	Adjustment	Adjustment Penyusutan Furniture Tahun 2025	603617	0
cmtuxiw1d05fkvr10kmuwk393	31 Dec 25	=HYPERLINK("http://localhost:3000/vouchers/cmtuxiw1305f8vr10y984o2fk", "25-0000644")	191002	Akumulasi Penyusutan Furniture	Adjustment	Adjustment Akumulasi Penyusutan Furniture Tahun 2025	0	603617
cmtuxiw1h05fovr108sgk16cb	31 Dec 25	=HYPERLINK("http://localhost:3000/vouchers/cmtuxiw1f05fmvr10cd1cuyxg", "25-0000645")	100002	Kas Besar	Adjustment	Pinjaman untuk Biaya Operasuonal	100000000	0
cmtuxiw1i05fqvr109pisnodg	31 Dec 25	=HYPERLINK("http://localhost:3000/vouchers/cmtuxiw1f05fmvr10cd1cuyxg", "25-0000645")	280000	Hutang Lain Lain	Adjustment	Pinjaman untuk Biaya Operasuonal	0	100000000
cmtuxiw1k05fsvr109egmxd7x	31 Dec 25	=HYPERLINK("http://localhost:3000/vouchers/cmtuxiw1f05fmvr10cd1cuyxg", "25-0000645")	181099	Piutang Lain-lain	Adjustment	Pinjaman untuk Biaya Operasuonal	13177245	0
cmtuxiw1m05fuvr10ejs53idy	31 Dec 25	=HYPERLINK("http://localhost:3000/vouchers/cmtuxiw1f05fmvr10cd1cuyxg", "25-0000645")	100002	Kas Besar	Adjustment	Pinjaman untuk Biaya Operasuonal	0	13177245
cmtuxiw1q05fyvr10l4x53874	31 Dec 25	=HYPERLINK("http://localhost:3000/vouchers/cmtuxiw1o05fwvr10jpk28ayi", "25-0000646")	600032	Beban Pajak Masa Kini	Adjustment	Adjustment Beban Pajak Masa Kini Tahun 2025	2185619040	0
cmtuxiw1s05g0vr10c3wxnp4n	31 Dec 25	=HYPERLINK("http://localhost:3000/vouchers/cmtuxiw1o05fwvr10jpk28ayi", "25-0000646")	170000	Pajak dibayar dimuka PPH22	Adjustment	Adjustment PPh 22 Tahun 2025	0	399167750
cmtuxiw1t05g2vr10gkpqt2y9	31 Dec 25	=HYPERLINK("http://localhost:3000/vouchers/cmtuxiw1o05fwvr10jpk28ayi", "25-0000646")	220006	Hutang Pph 29	Adjustment	Adjustment Hutang PPh 29 Tahun 2025	0	1786451290
